product_name,review_body,stars,sentiment
Ecouteurs Bluetooth,Fonctionne parfaitement bien.,5,Positive
Ecran 4K 27 pouces,"Super produit, rien à dire.",4,Positive
Enceinte Connectée,C'est un excellent produit !,5,Positive
Clavier Gamer RGB,Très simple à installer.,4,Positive
Webcam HD 1080p,"Super produit, rien à dire.",4,Positive
Enceinte Connectée,Les performances sont impressionnantes.,5,Positive
Cable USB-C Charge Rapide,La qualité est médiocre.,1,Negative
Casque Audio Noise Cancelling,Fonctionne parfaitement bien.,4,Positive
Tapis de Souris XXL,Vraiment ravi de mon achat.,5,Positive
Tapis de Souris XXL,Très déçu par cet achat.,2,Negative
Support PC Portable,Vraiment ravi de mon achat.,5,Positive
Enceinte Connectée,Les performances sont impressionnantes.,5,Positive
Ecran 4K 27 pouces,Produit correct pour le prix.,3,Neutral
Ecran 4K 27 pouces,Fait le job mais sans plus.,3,Neutral
Ecran 4K 27 pouces,Je ne recommande pas ce produit.,2,Negative
Support PC Portable,"Moyen, j'attendais un peu mieux.",3,Neutral
Souris Sans Fil,"Super produit, rien à dire.",4,Positive
Cable USB-C Charge Rapide,Fait le job mais sans plus.,3,Neutral
Webcam HD 1080p,Un peu déçu par la finition mais ça fonctionne.,3,Neutral
Souris Sans Fil,"Super produit, rien à dire.",5,Positive
Enceinte Connectée,C'est un excellent produit !,5,Positive
Ecran 4K 27 pouces,Une perte de temps et d'argent.,2,Negative
Cable USB-C Charge Rapide,Fonctionne parfaitement bien.,5,Positive
Support PC Portable,La qualité est au rendez-vous.,5,Positive
Cable USB-C Charge Rapide,Les performances sont impressionnantes.,5,Positive
Casque Audio Noise Cancelling,En panne après deux jours d'utilisation.,2,Negative
Ecran 4K 27 pouces,Le SAV est inexistant.,1,Negative
Support PC Portable,Vraiment ravi de mon achat.,4,Positive
Souris Sans Fil,"Arrivé dans les temps, emballage sommaire.",3,Neutral
Webcam HD 1080p,Les performances sont impressionnantes.,5,Positive
Support PC Portable,"Super produit, rien à dire.",4,Positive
Ecouteurs Bluetooth,"Pas mal du tout, malgré quelques petits défauts.",3,Neutral
Tapis de Souris XXL,La qualité est au rendez-vous.,5,Positive
Support PC Portable,Très simple à installer.,5,Positive
Souris Sans Fil,"Super produit, rien à dire.",4,Positive
Cable USB-C Charge Rapide,La qualité est médiocre.,1,Negative
Tapis de Souris XXL,Produit correct pour le prix.,3,Neutral
Webcam HD 1080p,Vraiment ravi de mon achat.,4,Positive
Tapis de Souris XXL,Plastique de mauvaise qualité.,2,Negative
Clavier Gamer RGB,Vraiment ravi de mon achat.,4,Positive
Support PC Portable,La qualité est médiocre.,1,Negative
Support PC Portable,Je ne recommande pas ce produit.,1,Negative
Enceinte Connectée,Plastique de mauvaise qualité.,2,Negative
Enceinte Connectée,Un peu déçu par la finition mais ça fonctionne.,3,Neutral
Cable USB-C Charge Rapide,Design élégant et robuste.,5,Positive
Enceinte Connectée,Fonctionne parfaitement bien.,4,Positive
Ecouteurs Bluetooth,Les performances sont impressionnantes.,4,Positive
Ecran 4K 27 pouces,Fonctionne parfaitement bien.,4,Positive
Ecouteurs Bluetooth,Ne fonctionne pas du tout.,2,Negative
Enceinte Connectée,Fonctionne parfaitement bien.,5,Positive
Enceinte Connectée,Fonctionne parfaitement bien.,5,Positive
Support PC Portable,Ne fonctionne pas du tout.,1,Negative
Ecouteurs Bluetooth,"Moyen, j'attendais un peu mieux.",3,Neutral
Casque Audio Noise Cancelling,"Super produit, rien à dire.",4,Positive
Ecouteurs Bluetooth,Vraiment ravi de mon achat.,5,Positive
Ecran 4K 27 pouces,La qualité est au rendez-vous.,5,Positive
Casque Audio Noise Cancelling,Fonctionne parfaitement bien.,5,Positive
Ecouteurs Bluetooth,C'est un excellent produit !,4,Positive
Enceinte Connectée,Plastique de mauvaise qualité.,1,Negative
Souris Sans Fil,Fonctionne parfaitement bien.,5,Positive
Casque Audio Noise Cancelling,Une perte de temps et d'argent.,1,Negative
Clavier Gamer RGB,"C'est une arnaque, passez votre chemin.",2,Negative
Cable USB-C Charge Rapide,La qualité est au rendez-vous.,5,Positive
Ecran 4K 27 pouces,Les performances sont impressionnantes.,4,Positive
Enceinte Connectée,C'est un excellent produit !,5,Positive
Clavier Gamer RGB,C'est un excellent produit !,4,Positive
Enceinte Connectée,Vraiment ravi de mon achat.,4,Positive
Webcam HD 1080p,Excellent rapport qualité-prix.,4,Positive
Ecouteurs Bluetooth,"Arrivé cassé, inadmissible.",1,Negative
Webcam HD 1080p,Excellent rapport qualité-prix.,4,Positive
Webcam HD 1080p,Je recommande vivement cet article.,5,Positive
Ecran 4K 27 pouces,"Moyen, j'attendais un peu mieux.",3,Neutral
Ecran 4K 27 pouces,"Super produit, rien à dire.",4,Positive
Cable USB-C Charge Rapide,C'est un excellent produit !,4,Positive
Support PC Portable,Fait le job mais sans plus.,3,Neutral
Ecouteurs Bluetooth,La qualité est au rendez-vous.,5,Positive
Tapis de Souris XXL,En panne après deux jours d'utilisation.,1,Negative
Cable USB-C Charge Rapide,Les performances sont impressionnantes.,5,Positive
Enceinte Connectée,"Super produit, rien à dire.",5,Positive
Ecouteurs Bluetooth,Je ne recommande pas ce produit.,1,Negative
Ecouteurs Bluetooth,Je ne recommande pas ce produit.,1,Negative
Cable USB-C Charge Rapide,"Moyen, j'attendais un peu mieux.",3,Neutral
Ecran 4K 27 pouces,"Pas mal du tout, malgré quelques petits défauts.",3,Neutral
Enceinte Connectée,Vraiment ravi de mon achat.,4,Positive
Casque Audio Noise Cancelling,Très déçu par cet achat.,1,Negative
Tapis de Souris XXL,"Pas mal du tout, malgré quelques petits défauts.",3,Neutral
Souris Sans Fil,"Arrivé dans les temps, emballage sommaire.",3,Neutral
Enceinte Connectée,La qualité est au rendez-vous.,4,Positive
Enceinte Connectée,Les performances sont impressionnantes.,5,Positive
Enceinte Connectée,C'est un excellent produit !,4,Positive
Cable USB-C Charge Rapide,Expédition rapide et soignée.,4,Positive
Ecran 4K 27 pouces,Fait le job mais sans plus.,3,Neutral
Tapis de Souris XXL,"Arrivé dans les temps, emballage sommaire.",3,Neutral
Webcam HD 1080p,Un peu déçu par la finition mais ça fonctionne.,3,Neutral
Souris Sans Fil,Une perte de temps et d'argent.,1,Negative
Clavier Gamer RGB,Excellent rapport qualité-prix.,5,Positive
Ecran 4K 27 pouces,Excellent rapport qualité-prix.,4,Positive
Clavier Gamer RGB,Plastique de mauvaise qualité.,1,Negative
Support PC Portable,Fonctionne parfaitement bien.,4,Positive
Clavier Gamer RGB,"Arrivé dans les temps, emballage sommaire.",3,Neutral
Tapis de Souris XXL,Je recommande vivement cet article.,4,Positive
Tapis de Souris XXL,"Arrivé dans les temps, emballage sommaire.",3,Neutral
Enceinte Connectée,Vraiment ravi de mon achat.,4,Positive
Cable USB-C Charge Rapide,C'est un excellent produit !,5,Positive
Ecouteurs Bluetooth,Expédition rapide et soignée.,5,Positive
Casque Audio Noise Cancelling,Fait le job mais sans plus.,3,Neutral
Casque Audio Noise Cancelling,Je ne recommande pas ce produit.,1,Negative
Clavier Gamer RGB,Produit correct pour le prix.,3,Neutral
Enceinte Connectée,En panne après deux jours d'utilisation.,1,Negative
Casque Audio Noise Cancelling,Les performances sont impressionnantes.,5,Positive
Tapis de Souris XXL,Fait le job mais sans plus.,3,Neutral
Cable USB-C Charge Rapide,Expédition rapide et soignée.,5,Positive
Casque Audio Noise Cancelling,Correct sans être exceptionnel.,3,Neutral
Ecran 4K 27 pouces,"Super produit, rien à dire.",5,Positive
Souris Sans Fil,"Pas mal du tout, malgré quelques petits défauts.",3,Neutral
Casque Audio Noise Cancelling,Je recommande vivement cet article.,4,Positive
Cable USB-C Charge Rapide,Design élégant et robuste.,5,Positive
Support PC Portable,Très simple à installer.,4,Positive
Support PC Portable,Correct sans être exceptionnel.,3,Neutral
Ecouteurs Bluetooth,Vraiment ravi de mon achat.,5,Positive
Ecran 4K 27 pouces,Un peu déçu par la finition mais ça fonctionne.,3,Neutral
Ecran 4K 27 pouces,Fonctionne parfaitement bien.,4,Positive
Support PC Portable,Fait le job mais sans plus.,3,Neutral
Support PC Portable,Excellent rapport qualité-prix.,4,Positive
Support PC Portable,"Super produit, rien à dire.",4,Positive
Clavier Gamer RGB,Une perte de temps et d'argent.,1,Negative
Ecran 4K 27 pouces,C'est un excellent produit !,5,Positive
Enceinte Connectée,Design élégant et robuste.,4,Positive
Souris Sans Fil,"C'est une arnaque, passez votre chemin.",2,Negative
Webcam HD 1080p,Le SAV est inexistant.,2,Negative
Support PC Portable,"C'est une arnaque, passez votre chemin.",2,Negative
Cable USB-C Charge Rapide,"Pas mal du tout, malgré quelques petits défauts.",3,Neutral
Enceinte Connectée,Je recommande vivement cet article.,4,Positive
Support PC Portable,Fonctionne parfaitement bien.,5,Positive
Cable USB-C Charge Rapide,La qualité est au rendez-vous.,4,Positive
Souris Sans Fil,Fonctionne parfaitement bien.,4,Positive
Ecouteurs Bluetooth,Très simple à installer.,5,Positive
Support PC Portable,Excellent rapport qualité-prix.,4,Positive
Casque Audio Noise Cancelling,"Arrivé cassé, inadmissible.",1,Negative
Casque Audio Noise Cancelling,Je recommande vivement cet article.,5,Positive
Casque Audio Noise Cancelling,Le SAV est inexistant.,2,Negative
Enceinte Connectée,Un peu déçu par la finition mais ça fonctionne.,3,Neutral
Support PC Portable,Design élégant et robuste.,5,Positive
Clavier Gamer RGB,La qualité est au rendez-vous.,5,Positive
Support PC Portable,Une perte de temps et d'argent.,1,Negative
Webcam HD 1080p,Vraiment ravi de mon achat.,4,Positive
Casque Audio Noise Cancelling,La qualité est au rendez-vous.,5,Positive
Clavier Gamer RGB,Fonctionne parfaitement bien.,5,Positive
Support PC Portable,Je recommande vivement cet article.,5,Positive
Casque Audio Noise Cancelling,Design élégant et robuste.,4,Positive
Clavier Gamer RGB,Produit correct pour le prix.,3,Neutral
Tapis de Souris XXL,"Super produit, rien à dire.",4,Positive
Clavier Gamer RGB,Un peu déçu par la finition mais ça fonctionne.,3,Neutral
Ecran 4K 27 pouces,Plastique de mauvaise qualité.,1,Negative
Souris Sans Fil,Les performances sont impressionnantes.,4,Positive
Ecran 4K 27 pouces,Expédition rapide et soignée.,5,Positive
Souris Sans Fil,Fait le job mais sans plus.,3,Neutral
Souris Sans Fil,"Arrivé cassé, inadmissible.",1,Negative
Clavier Gamer RGB,Une perte de temps et d'argent.,2,Negative
Ecran 4K 27 pouces,Vraiment ravi de mon achat.,4,Positive
Cable USB-C Charge Rapide,"Arrivé cassé, inadmissible.",1,Negative
Clavier Gamer RGB,"Super produit, rien à dire.",5,Positive
Tapis de Souris XXL,C'est un excellent produit !,5,Positive
Casque Audio Noise Cancelling,Une perte de temps et d'argent.,1,Negative
Tapis de Souris XXL,"Conforme à la description, mais l'usage est limité.",3,Neutral
Souris Sans Fil,Les performances sont impressionnantes.,5,Positive
Enceinte Connectée,"Conforme à la description, mais l'usage est limité.",3,Neutral
Casque Audio Noise Cancelling,En panne après deux jours d'utilisation.,2,Negative
Ecran 4K 27 pouces,Je ne recommande pas ce produit.,1,Negative
Support PC Portable,Les performances sont impressionnantes.,5,Positive
Webcam HD 1080p,"Moyen, j'attendais un peu mieux.",3,Neutral
Clavier Gamer RGB,La qualité est au rendez-vous.,5,Positive
Support PC Portable,Expédition rapide et soignée.,5,Positive
Cable USB-C Charge Rapide,Le SAV est inexistant.,2,Negative
Clavier Gamer RGB,Vraiment ravi de mon achat.,4,Positive
Ecran 4K 27 pouces,"Conforme à la description, mais l'usage est limité.",3,Neutral
Enceinte Connectée,"Conforme à la description, mais l'usage est limité.",3,Neutral
Support PC Portable,Vraiment ravi de mon achat.,4,Positive
Cable USB-C Charge Rapide,Je recommande vivement cet article.,4,Positive
Webcam HD 1080p,Excellent rapport qualité-prix.,5,Positive
Enceinte Connectée,Je recommande vivement cet article.,5,Positive
Cable USB-C Charge Rapide,Fonctionne parfaitement bien.,4,Positive
Tapis de Souris XXL,Fonctionne parfaitement bien.,4,Positive
Ecran 4K 27 pouces,"Pas mal du tout, malgré quelques petits défauts.",3,Neutral
Webcam HD 1080p,Ne fonctionne pas du tout.,2,Negative
Ecran 4K 27 pouces,La qualité est au rendez-vous.,5,Positive
Cable USB-C Charge Rapide,Je recommande vivement cet article.,4,Positive
Clavier Gamer RGB,La qualité est médiocre.,2,Negative
Support PC Portable,Les performances sont impressionnantes.,4,Positive
Cable USB-C Charge Rapide,Expédition rapide et soignée.,5,Positive
Souris Sans Fil,"C'est une arnaque, passez votre chemin.",2,Negative
Ecouteurs Bluetooth,"C'est une arnaque, passez votre chemin.",2,Negative
Ecouteurs Bluetooth,La qualité est au rendez-vous.,4,Positive
Souris Sans Fil,Ne fonctionne pas du tout.,2,Negative
Ecran 4K 27 pouces,Les performances sont impressionnantes.,5,Positive
Webcam HD 1080p,Un peu déçu par la finition mais ça fonctionne.,3,Neutral
Enceinte Connectée,Je recommande vivement cet article.,5,Positive
Webcam HD 1080p,"Arrivé cassé, inadmissible.",2,Negative
Webcam HD 1080p,Fonctionne parfaitement bien.,4,Positive
Ecran 4K 27 pouces,La qualité est au rendez-vous.,4,Positive
Ecran 4K 27 pouces,La qualité est au rendez-vous.,4,Positive
Clavier Gamer RGB,Je recommande vivement cet article.,5,Positive
Clavier Gamer RGB,Design élégant et robuste.,5,Positive
Ecouteurs Bluetooth,"Pas mal du tout, malgré quelques petits défauts.",3,Neutral
Webcam HD 1080p,Un peu déçu par la finition mais ça fonctionne.,3,Neutral
Casque Audio Noise Cancelling,"Super produit, rien à dire.",4,Positive
Souris Sans Fil,Ne fonctionne pas du tout.,1,Negative
Clavier Gamer RGB,Les performances sont impressionnantes.,5,Positive
Webcam HD 1080p,Ne fonctionne pas du tout.,2,Negative
Support PC Portable,"Arrivé dans les temps, emballage sommaire.",3,Neutral
Cable USB-C Charge Rapide,Design élégant et robuste.,5,Positive
Ecouteurs Bluetooth,Expédition rapide et soignée.,5,Positive
Webcam HD 1080p,Fonctionne parfaitement bien.,4,Positive
Webcam HD 1080p,"Super produit, rien à dire.",4,Positive
Cable USB-C Charge Rapide,Design élégant et robuste.,4,Positive
Enceinte Connectée,"Pas mal du tout, malgré quelques petits défauts.",3,Neutral
Souris Sans Fil,"C'est une arnaque, passez votre chemin.",2,Negative
Ecouteurs Bluetooth,Expédition rapide et soignée.,5,Positive
Tapis de Souris XXL,Correct sans être exceptionnel.,3,Neutral
Tapis de Souris XXL,Je recommande vivement cet article.,5,Positive
Casque Audio Noise Cancelling,"C'est une arnaque, passez votre chemin.",1,Negative
Ecouteurs Bluetooth,Vraiment ravi de mon achat.,5,Positive
Casque Audio Noise Cancelling,Le SAV est inexistant.,1,Negative
Support PC Portable,Très simple à installer.,4,Positive
Tapis de Souris XXL,"Conforme à la description, mais l'usage est limité.",3,Neutral
Support PC Portable,Un peu déçu par la finition mais ça fonctionne.,3,Neutral
Cable USB-C Charge Rapide,Design élégant et robuste.,5,Positive
Support PC Portable,La qualité est au rendez-vous.,4,Positive
Cable USB-C Charge Rapide,Vraiment ravi de mon achat.,5,Positive
Ecran 4K 27 pouces,"C'est une arnaque, passez votre chemin.",1,Negative
Ecouteurs Bluetooth,Correct sans être exceptionnel.,3,Neutral
Support PC Portable,Le SAV est inexistant.,2,Negative
Cable USB-C Charge Rapide,Design élégant et robuste.,5,Positive
Ecran 4K 27 pouces,Excellent rapport qualité-prix.,4,Positive
Ecran 4K 27 pouces,Ne fonctionne pas du tout.,1,Negative
Cable USB-C Charge Rapide,"Arrivé dans les temps, emballage sommaire.",3,Neutral
Tapis de Souris XXL,Très déçu par cet achat.,2,Negative
Cable USB-C Charge Rapide,"Conforme à la description, mais l'usage est limité.",3,Neutral
Souris Sans Fil,Expédition rapide et soignée.,5,Positive
Tapis de Souris XXL,Design élégant et robuste.,5,Positive
Tapis de Souris XXL,"Arrivé cassé, inadmissible.",1,Negative
Casque Audio Noise Cancelling,C'est un excellent produit !,5,Positive
Tapis de Souris XXL,"Arrivé dans les temps, emballage sommaire.",3,Neutral
Casque Audio Noise Cancelling,"C'est une arnaque, passez votre chemin.",1,Negative
Clavier Gamer RGB,Vraiment ravi de mon achat.,5,Positive
Support PC Portable,C'est un excellent produit !,5,Positive
Souris Sans Fil,Vraiment ravi de mon achat.,4,Positive
Support PC Portable,"Pas mal du tout, malgré quelques petits défauts.",3,Neutral
Tapis de Souris XXL,"Arrivé dans les temps, emballage sommaire.",3,Neutral
Ecouteurs Bluetooth,En panne après deux jours d'utilisation.,2,Negative
Support PC Portable,"Arrivé cassé, inadmissible.",1,Negative
Ecouteurs Bluetooth,Fonctionne parfaitement bien.,5,Positive
Ecouteurs Bluetooth,"Super produit, rien à dire.",4,Positive
Ecouteurs Bluetooth,C'est un excellent produit !,5,Positive
Clavier Gamer RGB,Je recommande vivement cet article.,4,Positive
Tapis de Souris XXL,Fonctionne parfaitement bien.,4,Positive
Enceinte Connectée,La qualité est au rendez-vous.,4,Positive
Souris Sans Fil,Les performances sont impressionnantes.,5,Positive
Ecran 4K 27 pouces,Fonctionne parfaitement bien.,4,Positive
Support PC Portable,"Conforme à la description, mais l'usage est limité.",3,Neutral
Cable USB-C Charge Rapide,"Conforme à la description, mais l'usage est limité.",3,Neutral
Cable USB-C Charge Rapide,Correct sans être exceptionnel.,3,Neutral
Ecouteurs Bluetooth,Les performances sont impressionnantes.,5,Positive
Cable USB-C Charge Rapide,"Arrivé dans les temps, emballage sommaire.",3,Neutral
Cable USB-C Charge Rapide,Fonctionne parfaitement bien.,5,Positive
Casque Audio Noise Cancelling,Plastique de mauvaise qualité.,1,Negative
Casque Audio Noise Cancelling,Je recommande vivement cet article.,5,Positive
Clavier Gamer RGB,Je ne recommande pas ce produit.,2,Negative
Clavier Gamer RGB,Les performances sont impressionnantes.,4,Positive
Support PC Portable,Plastique de mauvaise qualité.,2,Negative
Webcam HD 1080p,Plastique de mauvaise qualité.,1,Negative
Webcam HD 1080p,"Super produit, rien à dire.",4,Positive
Ecouteurs Bluetooth,Je ne recommande pas ce produit.,1,Negative
Support PC Portable,La qualité est au rendez-vous.,5,Positive
Ecouteurs Bluetooth,Une perte de temps et d'argent.,2,Negative
Souris Sans Fil,Très simple à installer.,5,Positive
Enceinte Connectée,Je ne recommande pas ce produit.,1,Negative
Support PC Portable,En panne après deux jours d'utilisation.,2,Negative
Ecouteurs Bluetooth,La qualité est au rendez-vous.,4,Positive
Ecran 4K 27 pouces,Le SAV est inexistant.,2,Negative
Tapis de Souris XXL,C'est un excellent produit !,5,Positive
Cable USB-C Charge Rapide,Expédition rapide et soignée.,5,Positive
Cable USB-C Charge Rapide,Vraiment ravi de mon achat.,5,Positive
Ecran 4K 27 pouces,Les performances sont impressionnantes.,5,Positive
Ecran 4K 27 pouces,"Conforme à la description, mais l'usage est limité.",3,Neutral
Cable USB-C Charge Rapide,Fait le job mais sans plus.,3,Neutral
Souris Sans Fil,Je recommande vivement cet article.,4,Positive
Support PC Portable,Très simple à installer.,4,Positive
Souris Sans Fil,"Super produit, rien à dire.",5,Positive
Enceinte Connectée,Excellent rapport qualité-prix.,4,Positive
Ecouteurs Bluetooth,Je ne recommande pas ce produit.,2,Negative
Clavier Gamer RGB,Un peu déçu par la finition mais ça fonctionne.,3,Neutral
Support PC Portable,Expédition rapide et soignée.,4,Positive
Ecouteurs Bluetooth,Le SAV est inexistant.,2,Negative
Tapis de Souris XXL,Fonctionne parfaitement bien.,5,Positive
Ecouteurs Bluetooth,Ne fonctionne pas du tout.,2,Negative
Ecran 4K 27 pouces,Produit correct pour le prix.,3,Neutral
Clavier Gamer RGB,Un peu déçu par la finition mais ça fonctionne.,3,Neutral
Souris Sans Fil,Un peu déçu par la finition mais ça fonctionne.,3,Neutral
Ecouteurs Bluetooth,"Arrivé cassé, inadmissible.",1,Negative
Ecran 4K 27 pouces,En panne après deux jours d'utilisation.,1,Negative
Souris Sans Fil,Produit correct pour le prix.,3,Neutral
Cable USB-C Charge Rapide,La qualité est médiocre.,1,Negative
Enceinte Connectée,Vraiment ravi de mon achat.,4,Positive
Clavier Gamer RGB,Fonctionne parfaitement bien.,5,Positive
Webcam HD 1080p,Je recommande vivement cet article.,4,Positive
Clavier Gamer RGB,Très simple à installer.,5,Positive
Ecouteurs Bluetooth,"Conforme à la description, mais l'usage est limité.",3,Neutral
Support PC Portable,Fait le job mais sans plus.,3,Neutral
Support PC Portable,"Super produit, rien à dire.",4,Positive
Enceinte Connectée,C'est un excellent produit !,4,Positive
Support PC Portable,Ne fonctionne pas du tout.,2,Negative
Support PC Portable,"Conforme à la description, mais l'usage est limité.",3,Neutral
Ecouteurs Bluetooth,"Arrivé cassé, inadmissible.",2,Negative
Souris Sans Fil,Les performances sont impressionnantes.,5,Positive
Webcam HD 1080p,Excellent rapport qualité-prix.,5,Positive
Webcam HD 1080p,Très simple à installer.,5,Positive
Webcam HD 1080p,"Super produit, rien à dire.",4,Positive
Enceinte Connectée,Un peu déçu par la finition mais ça fonctionne.,3,Neutral
Casque Audio Noise Cancelling,Excellent rapport qualité-prix.,4,Positive
Tapis de Souris XXL,Une perte de temps et d'argent.,2,Negative
Ecouteurs Bluetooth,"Super produit, rien à dire.",5,Positive
Cable USB-C Charge Rapide,"Super produit, rien à dire.",4,Positive
Support PC Portable,Vraiment ravi de mon achat.,4,Positive
Casque Audio Noise Cancelling,La qualité est au rendez-vous.,5,Positive
Enceinte Connectée,"Super produit, rien à dire.",5,Positive
Ecouteurs Bluetooth,C'est un excellent produit !,5,Positive
Cable USB-C Charge Rapide,"Moyen, j'attendais un peu mieux.",3,Neutral
Ecouteurs Bluetooth,La qualité est au rendez-vous.,4,Positive
Support PC Portable,Expédition rapide et soignée.,4,Positive
Enceinte Connectée,Les performances sont impressionnantes.,5,Positive
Ecran 4K 27 pouces,"Arrivé cassé, inadmissible.",1,Negative
Cable USB-C Charge Rapide,Je recommande vivement cet article.,5,Positive
Tapis de Souris XXL,La qualité est au rendez-vous.,4,Positive
Webcam HD 1080p,Fait le job mais sans plus.,3,Neutral
Souris Sans Fil,Produit correct pour le prix.,3,Neutral
Ecouteurs Bluetooth,Un peu déçu par la finition mais ça fonctionne.,3,Neutral
Casque Audio Noise Cancelling,La qualité est au rendez-vous.,5,Positive
Tapis de Souris XXL,Les performances sont impressionnantes.,5,Positive
Webcam HD 1080p,La qualité est au rendez-vous.,4,Positive
Souris Sans Fil,Produit correct pour le prix.,3,Neutral
Ecouteurs Bluetooth,Design élégant et robuste.,5,Positive
Webcam HD 1080p,Fonctionne parfaitement bien.,5,Positive
Enceinte Connectée,Vraiment ravi de mon achat.,5,Positive
Cable USB-C Charge Rapide,"Conforme à la description, mais l'usage est limité.",3,Neutral
Enceinte Connectée,Produit correct pour le prix.,3,Neutral
Ecran 4K 27 pouces,C'est un excellent produit !,4,Positive
Ecran 4K 27 pouces,La qualité est au rendez-vous.,4,Positive
Cable USB-C Charge Rapide,C'est un excellent produit !,4,Positive
Support PC Portable,Correct sans être exceptionnel.,3,Neutral
Souris Sans Fil,Très simple à installer.,4,Positive
Enceinte Connectée,Ne fonctionne pas du tout.,2,Negative
Casque Audio Noise Cancelling,Une perte de temps et d'argent.,1,Negative
Clavier Gamer RGB,Expédition rapide et soignée.,4,Positive
Webcam HD 1080p,"Super produit, rien à dire.",5,Positive
Casque Audio Noise Cancelling,C'est un excellent produit !,5,Positive
Tapis de Souris XXL,Expédition rapide et soignée.,5,Positive
Ecouteurs Bluetooth,Fonctionne parfaitement bien.,4,Positive
Casque Audio Noise Cancelling,Excellent rapport qualité-prix.,4,Positive
Cable USB-C Charge Rapide,Un peu déçu par la finition mais ça fonctionne.,3,Neutral
Tapis de Souris XXL,Fait le job mais sans plus.,3,Neutral
Enceinte Connectée,Un peu déçu par la finition mais ça fonctionne.,3,Neutral
Tapis de Souris XXL,Fonctionne parfaitement bien.,4,Positive
Ecouteurs Bluetooth,La qualité est au rendez-vous.,4,Positive
Webcam HD 1080p,La qualité est au rendez-vous.,4,Positive
Support PC Portable,"Super produit, rien à dire.",5,Positive
Webcam HD 1080p,"Moyen, j'attendais un peu mieux.",3,Neutral
Tapis de Souris XXL,Design élégant et robuste.,4,Positive
Support PC Portable,"Pas mal du tout, malgré quelques petits défauts.",3,Neutral
Webcam HD 1080p,Je recommande vivement cet article.,4,Positive
Support PC Portable,Expédition rapide et soignée.,4,Positive
Cable USB-C Charge Rapide,Les performances sont impressionnantes.,4,Positive
Webcam HD 1080p,Les performances sont impressionnantes.,5,Positive
Enceinte Connectée,"C'est une arnaque, passez votre chemin.",1,Negative
Webcam HD 1080p,"Moyen, j'attendais un peu mieux.",3,Neutral
Webcam HD 1080p,C'est un excellent produit !,4,Positive
Support PC Portable,Vraiment ravi de mon achat.,5,Positive
Enceinte Connectée,Produit correct pour le prix.,3,Neutral
Ecran 4K 27 pouces,"Conforme à la description, mais l'usage est limité.",3,Neutral
Enceinte Connectée,Expédition rapide et soignée.,4,Positive
Tapis de Souris XXL,Une perte de temps et d'argent.,2,Negative
Tapis de Souris XXL,Produit correct pour le prix.,3,Neutral
Tapis de Souris XXL,Très simple à installer.,4,Positive
Casque Audio Noise Cancelling,Expédition rapide et soignée.,4,Positive
Ecouteurs Bluetooth,Expédition rapide et soignée.,4,Positive
Cable USB-C Charge Rapide,La qualité est médiocre.,2,Negative
Webcam HD 1080p,Fait le job mais sans plus.,3,Neutral
Cable USB-C Charge Rapide,La qualité est au rendez-vous.,5,Positive
Enceinte Connectée,Très simple à installer.,5,Positive
Tapis de Souris XXL,La qualité est au rendez-vous.,5,Positive
Ecran 4K 27 pouces,Fonctionne parfaitement bien.,5,Positive
Ecran 4K 27 pouces,Ne fonctionne pas du tout.,1,Negative
Cable USB-C Charge Rapide,Le SAV est inexistant.,1,Negative
Enceinte Connectée,En panne après deux jours d'utilisation.,1,Negative
Webcam HD 1080p,La qualité est au rendez-vous.,5,Positive
Souris Sans Fil,Design élégant et robuste.,4,Positive
Clavier Gamer RGB,Design élégant et robuste.,4,Positive
Webcam HD 1080p,Fonctionne parfaitement bien.,5,Positive
Enceinte Connectée,Fonctionne parfaitement bien.,5,Positive
Tapis de Souris XXL,"Conforme à la description, mais l'usage est limité.",3,Neutral
Support PC Portable,"Arrivé dans les temps, emballage sommaire.",3,Neutral
Enceinte Connectée,Fonctionne parfaitement bien.,4,Positive
Webcam HD 1080p,C'est un excellent produit !,5,Positive
Support PC Portable,Le SAV est inexistant.,1,Negative
Ecouteurs Bluetooth,Je recommande vivement cet article.,4,Positive
Support PC Portable,Une perte de temps et d'argent.,1,Negative
Ecouteurs Bluetooth,"C'est une arnaque, passez votre chemin.",1,Negative
Tapis de Souris XXL,Très déçu par cet achat.,2,Negative
Casque Audio Noise Cancelling,Excellent rapport qualité-prix.,4,Positive
Ecouteurs Bluetooth,Expédition rapide et soignée.,4,Positive
Ecouteurs Bluetooth,La qualité est médiocre.,2,Negative
Souris Sans Fil,La qualité est au rendez-vous.,5,Positive
Support PC Portable,Vraiment ravi de mon achat.,4,Positive
Clavier Gamer RGB,Très simple à installer.,4,Positive
Webcam HD 1080p,Je recommande vivement cet article.,4,Positive
Ecran 4K 27 pouces,Fonctionne parfaitement bien.,4,Positive
Casque Audio Noise Cancelling,"Conforme à la description, mais l'usage est limité.",3,Neutral
Ecouteurs Bluetooth,Les performances sont impressionnantes.,5,Positive
Enceinte Connectée,La qualité est au rendez-vous.,4,Positive
Cable USB-C Charge Rapide,Fonctionne parfaitement bien.,5,Positive
Webcam HD 1080p,Très simple à installer.,4,Positive
Tapis de Souris XXL,Excellent rapport qualité-prix.,4,Positive
Support PC Portable,Expédition rapide et soignée.,5,Positive
Cable USB-C Charge Rapide,"Moyen, j'attendais un peu mieux.",3,Neutral
Ecouteurs Bluetooth,Les performances sont impressionnantes.,4,Positive
Tapis de Souris XXL,Très simple à installer.,5,Positive
Tapis de Souris XXL,"C'est une arnaque, passez votre chemin.",1,Negative
Support PC Portable,Correct sans être exceptionnel.,3,Neutral
Ecouteurs Bluetooth,"Conforme à la description, mais l'usage est limité.",3,Neutral
Clavier Gamer RGB,Fonctionne parfaitement bien.,4,Positive
Clavier Gamer RGB,Très simple à installer.,5,Positive
Casque Audio Noise Cancelling,Je ne recommande pas ce produit.,2,Negative
Clavier Gamer RGB,Un peu déçu par la finition mais ça fonctionne.,3,Neutral
Cable USB-C Charge Rapide,"Super produit, rien à dire.",4,Positive
Tapis de Souris XXL,Excellent rapport qualité-prix.,5,Positive
Casque Audio Noise Cancelling,"Arrivé dans les temps, emballage sommaire.",3,Neutral
Tapis de Souris XXL,"C'est une arnaque, passez votre chemin.",2,Negative
Tapis de Souris XXL,Ne fonctionne pas du tout.,2,Negative
Casque Audio Noise Cancelling,Très simple à installer.,4,Positive
Cable USB-C Charge Rapide,Expédition rapide et soignée.,4,Positive
Cable USB-C Charge Rapide,La qualité est au rendez-vous.,5,Positive
Support PC Portable,Expédition rapide et soignée.,4,Positive
Webcam HD 1080p,Très déçu par cet achat.,2,Negative
Ecouteurs Bluetooth,"Arrivé dans les temps, emballage sommaire.",3,Neutral
Tapis de Souris XXL,C'est un excellent produit !,4,Positive
Souris Sans Fil,Très déçu par cet achat.,2,Negative
Souris Sans Fil,Expédition rapide et soignée.,5,Positive
Casque Audio Noise Cancelling,"Arrivé cassé, inadmissible.",1,Negative
Souris Sans Fil,"Moyen, j'attendais un peu mieux.",3,Neutral
Tapis de Souris XXL,Les performances sont impressionnantes.,4,Positive
Souris Sans Fil,Expédition rapide et soignée.,5,Positive
Cable USB-C Charge Rapide,C'est un excellent produit !,4,Positive
Souris Sans Fil,Très simple à installer.,5,Positive
Ecouteurs Bluetooth,Design élégant et robuste.,5,Positive
Ecran 4K 27 pouces,"C'est une arnaque, passez votre chemin.",2,Negative
Ecran 4K 27 pouces,Design élégant et robuste.,4,Positive
Souris Sans Fil,Ne fonctionne pas du tout.,2,Negative
Tapis de Souris XXL,Fait le job mais sans plus.,3,Neutral
Enceinte Connectée,La qualité est au rendez-vous.,5,Positive
Souris Sans Fil,Un peu déçu par la finition mais ça fonctionne.,3,Neutral
Ecouteurs Bluetooth,Plastique de mauvaise qualité.,1,Negative
Support PC Portable,Design élégant et robuste.,5,Positive
Enceinte Connectée,Vraiment ravi de mon achat.,4,Positive
Cable USB-C Charge Rapide,Très simple à installer.,5,Positive
Casque Audio Noise Cancelling,Fait le job mais sans plus.,3,Neutral
Souris Sans Fil,"C'est une arnaque, passez votre chemin.",1,Negative
Support PC Portable,"Moyen, j'attendais un peu mieux.",3,Neutral
Souris Sans Fil,La qualité est médiocre.,1,Negative
Casque Audio Noise Cancelling,Vraiment ravi de mon achat.,4,Positive
Enceinte Connectée,La qualité est au rendez-vous.,4,Positive
Tapis de Souris XXL,En panne après deux jours d'utilisation.,1,Negative
Enceinte Connectée,Je ne recommande pas ce produit.,1,Negative
Ecran 4K 27 pouces,"Pas mal du tout, malgré quelques petits défauts.",3,Neutral
Souris Sans Fil,Fait le job mais sans plus.,3,Neutral
Enceinte Connectée,Correct sans être exceptionnel.,3,Neutral
Souris Sans Fil,"Moyen, j'attendais un peu mieux.",3,Neutral
Webcam HD 1080p,Vraiment ravi de mon achat.,4,Positive
Clavier Gamer RGB,Plastique de mauvaise qualité.,2,Negative
Webcam HD 1080p,Design élégant et robuste.,4,Positive
Enceinte Connectée,Design élégant et robuste.,5,Positive
Ecran 4K 27 pouces,Je ne recommande pas ce produit.,2,Negative
Support PC Portable,La qualité est au rendez-vous.,4,Positive
Support PC Portable,Fonctionne parfaitement bien.,5,Positive
Tapis de Souris XXL,"Moyen, j'attendais un peu mieux.",3,Neutral
Tapis de Souris XXL,"Moyen, j'attendais un peu mieux.",3,Neutral
Casque Audio Noise Cancelling,Très simple à installer.,5,Positive
Enceinte Connectée,Design élégant et robuste.,4,Positive
Ecouteurs Bluetooth,La qualité est au rendez-vous.,4,Positive
Ecouteurs Bluetooth,Les performances sont impressionnantes.,5,Positive
Casque Audio Noise Cancelling,Expédition rapide et soignée.,4,Positive
Webcam HD 1080p,Un peu déçu par la finition mais ça fonctionne.,3,Neutral
Souris Sans Fil,Design élégant et robuste.,5,Positive
Cable USB-C Charge Rapide,Excellent rapport qualité-prix.,4,Positive
Enceinte Connectée,Fonctionne parfaitement bien.,4,Positive
Webcam HD 1080p,Je recommande vivement cet article.,4,Positive
Support PC Portable,Je recommande vivement cet article.,5,Positive
Enceinte Connectée,Excellent rapport qualité-prix.,4,Positive
Souris Sans Fil,Une perte de temps et d'argent.,2,Negative
Tapis de Souris XXL,Les performances sont impressionnantes.,4,Positive
Enceinte Connectée,Vraiment ravi de mon achat.,5,Positive
Casque Audio Noise Cancelling,Les performances sont impressionnantes.,5,Positive
Webcam HD 1080p,Excellent rapport qualité-prix.,4,Positive
Tapis de Souris XXL,"Moyen, j'attendais un peu mieux.",3,Neutral
Enceinte Connectée,Plastique de mauvaise qualité.,1,Negative
Webcam HD 1080p,C'est un excellent produit !,4,Positive
Clavier Gamer RGB,Design élégant et robuste.,5,Positive
Enceinte Connectée,Expédition rapide et soignée.,4,Positive
Webcam HD 1080p,Les performances sont impressionnantes.,5,Positive
Cable USB-C Charge Rapide,Les performances sont impressionnantes.,5,Positive
Cable USB-C Charge Rapide,Expédition rapide et soignée.,4,Positive
Tapis de Souris XXL,"Arrivé dans les temps, emballage sommaire.",3,Neutral
Webcam HD 1080p,Les performances sont impressionnantes.,4,Positive
Support PC Portable,C'est un excellent produit !,4,Positive
Webcam HD 1080p,La qualité est au rendez-vous.,5,Positive
Ecran 4K 27 pouces,Fonctionne parfaitement bien.,4,Positive
Clavier Gamer RGB,La qualité est au rendez-vous.,5,Positive
Casque Audio Noise Cancelling,"Arrivé dans les temps, emballage sommaire.",3,Neutral
Enceinte Connectée,"Conforme à la description, mais l'usage est limité.",3,Neutral
Clavier Gamer RGB,Un peu déçu par la finition mais ça fonctionne.,3,Neutral
Enceinte Connectée,Très simple à installer.,5,Positive
Casque Audio Noise Cancelling,Design élégant et robuste.,4,Positive
Enceinte Connectée,"Super produit, rien à dire.",5,Positive
Cable USB-C Charge Rapide,Un peu déçu par la finition mais ça fonctionne.,3,Neutral
Ecran 4K 27 pouces,Fonctionne parfaitement bien.,5,Positive
Cable USB-C Charge Rapide,Un peu déçu par la finition mais ça fonctionne.,3,Neutral
Support PC Portable,Très simple à installer.,5,Positive
Cable USB-C Charge Rapide,Excellent rapport qualité-prix.,5,Positive
Tapis de Souris XXL,Je ne recommande pas ce produit.,1,Negative
Clavier Gamer RGB,Expédition rapide et soignée.,4,Positive
Support PC Portable,"Conforme à la description, mais l'usage est limité.",3,Neutral
Ecran 4K 27 pouces,Très simple à installer.,5,Positive
Cable USB-C Charge Rapide,Fonctionne parfaitement bien.,4,Positive
Clavier Gamer RGB,Un peu déçu par la finition mais ça fonctionne.,3,Neutral
Ecran 4K 27 pouces,Expédition rapide et soignée.,5,Positive
Support PC Portable,C'est un excellent produit !,4,Positive
Enceinte Connectée,Une perte de temps et d'argent.,1,Negative
Support PC Portable,Je recommande vivement cet article.,4,Positive
Tapis de Souris XXL,Vraiment ravi de mon achat.,4,Positive
Webcam HD 1080p,La qualité est au rendez-vous.,4,Positive
Casque Audio Noise Cancelling,Très déçu par cet achat.,1,Negative
Casque Audio Noise Cancelling,Correct sans être exceptionnel.,3,Neutral
Cable USB-C Charge Rapide,Je ne recommande pas ce produit.,1,Negative
Webcam HD 1080p,"Moyen, j'attendais un peu mieux.",3,Neutral
Cable USB-C Charge Rapide,La qualité est au rendez-vous.,5,Positive
Enceinte Connectée,Vraiment ravi de mon achat.,4,Positive
Tapis de Souris XXL,"Super produit, rien à dire.",5,Positive
Cable USB-C Charge Rapide,Produit correct pour le prix.,3,Neutral
Tapis de Souris XXL,Un peu déçu par la finition mais ça fonctionne.,3,Neutral
Souris Sans Fil,"Arrivé dans les temps, emballage sommaire.",3,Neutral
Casque Audio Noise Cancelling,Excellent rapport qualité-prix.,4,Positive
Ecouteurs Bluetooth,Design élégant et robuste.,4,Positive
Tapis de Souris XXL,Je ne recommande pas ce produit.,1,Negative
Casque Audio Noise Cancelling,Expédition rapide et soignée.,5,Positive
Cable USB-C Charge Rapide,Je recommande vivement cet article.,4,Positive
Tapis de Souris XXL,Produit correct pour le prix.,3,Neutral
Ecouteurs Bluetooth,Excellent rapport qualité-prix.,4,Positive
Enceinte Connectée,Ne fonctionne pas du tout.,2,Negative
Cable USB-C Charge Rapide,Fonctionne parfaitement bien.,4,Positive
Souris Sans Fil,Les performances sont impressionnantes.,5,Positive
Tapis de Souris XXL,Très simple à installer.,5,Positive
Ecran 4K 27 pouces,Fait le job mais sans plus.,3,Neutral
Enceinte Connectée,Vraiment ravi de mon achat.,5,Positive
Webcam HD 1080p,Les performances sont impressionnantes.,4,Positive
Enceinte Connectée,Très simple à installer.,5,Positive
Support PC Portable,Les performances sont impressionnantes.,4,Positive
Support PC Portable,C'est un excellent produit !,5,Positive
Support PC Portable,Design élégant et robuste.,5,Positive
Webcam HD 1080p,"Super produit, rien à dire.",5,Positive
Cable USB-C Charge Rapide,"Arrivé dans les temps, emballage sommaire.",3,Neutral
Cable USB-C Charge Rapide,"Arrivé cassé, inadmissible.",1,Negative
Ecouteurs Bluetooth,Vraiment ravi de mon achat.,5,Positive
Enceinte Connectée,"C'est une arnaque, passez votre chemin.",1,Negative
Clavier Gamer RGB,La qualité est au rendez-vous.,4,Positive
Casque Audio Noise Cancelling,Design élégant et robuste.,5,Positive
Casque Audio Noise Cancelling,"Super produit, rien à dire.",4,Positive
Tapis de Souris XXL,Très simple à installer.,5,Positive
Souris Sans Fil,Un peu déçu par la finition mais ça fonctionne.,3,Neutral
Clavier Gamer RGB,"Pas mal du tout, malgré quelques petits défauts.",3,Neutral
Support PC Portable,"Arrivé dans les temps, emballage sommaire.",3,Neutral
Enceinte Connectée,Fonctionne parfaitement bien.,4,Positive
Support PC Portable,Fonctionne parfaitement bien.,5,Positive
Ecouteurs Bluetooth,Les performances sont impressionnantes.,5,Positive
Clavier Gamer RGB,Vraiment ravi de mon achat.,4,Positive
Webcam HD 1080p,Fonctionne parfaitement bien.,4,Positive
Clavier Gamer RGB,Très simple à installer.,4,Positive
Ecran 4K 27 pouces,Produit correct pour le prix.,3,Neutral
Souris Sans Fil,Fonctionne parfaitement bien.,5,Positive
Webcam HD 1080p,Fonctionne parfaitement bien.,5,Positive
Cable USB-C Charge Rapide,Une perte de temps et d'argent.,1,Negative
Cable USB-C Charge Rapide,"Super produit, rien à dire.",4,Positive
Casque Audio Noise Cancelling,Expédition rapide et soignée.,4,Positive
Casque Audio Noise Cancelling,"Moyen, j'attendais un peu mieux.",3,Neutral
Casque Audio Noise Cancelling,Excellent rapport qualité-prix.,5,Positive
Souris Sans Fil,"Conforme à la description, mais l'usage est limité.",3,Neutral
Ecran 4K 27 pouces,La qualité est médiocre.,2,Negative
Support PC Portable,Une perte de temps et d'argent.,2,Negative
Enceinte Connectée,Fonctionne parfaitement bien.,5,Positive
Cable USB-C Charge Rapide,Design élégant et robuste.,4,Positive
Tapis de Souris XXL,C'est un excellent produit !,4,Positive
Cable USB-C Charge Rapide,Vraiment ravi de mon achat.,4,Positive
Ecran 4K 27 pouces,"C'est une arnaque, passez votre chemin.",1,Negative
Ecran 4K 27 pouces,Je ne recommande pas ce produit.,2,Negative
Clavier Gamer RGB,Vraiment ravi de mon achat.,4,Positive
Support PC Portable,Une perte de temps et d'argent.,1,Negative
Ecran 4K 27 pouces,Excellent rapport qualité-prix.,5,Positive
Support PC Portable,Je recommande vivement cet article.,5,Positive
Cable USB-C Charge Rapide,Design élégant et robuste.,5,Positive
Ecouteurs Bluetooth,En panne après deux jours d'utilisation.,2,Negative
Ecran 4K 27 pouces,C'est un excellent produit !,5,Positive
Webcam HD 1080p,Très déçu par cet achat.,1,Negative
Cable USB-C Charge Rapide,Je recommande vivement cet article.,5,Positive
Souris Sans Fil,Excellent rapport qualité-prix.,4,Positive
Webcam HD 1080p,Le SAV est inexistant.,2,Negative
Tapis de Souris XXL,"Super produit, rien à dire.",5,Positive
Support PC Portable,La qualité est au rendez-vous.,5,Positive
Souris Sans Fil,"Conforme à la description, mais l'usage est limité.",3,Neutral
Souris Sans Fil,Le SAV est inexistant.,1,Negative
Clavier Gamer RGB,Très déçu par cet achat.,1,Negative
Clavier Gamer RGB,Vraiment ravi de mon achat.,4,Positive
Souris Sans Fil,Expédition rapide et soignée.,5,Positive
Clavier Gamer RGB,"Conforme à la description, mais l'usage est limité.",3,Neutral
Support PC Portable,C'est un excellent produit !,5,Positive
Clavier Gamer RGB,Très simple à installer.,5,Positive
Cable USB-C Charge Rapide,La qualité est au rendez-vous.,5,Positive
Ecouteurs Bluetooth,Plastique de mauvaise qualité.,1,Negative
Ecran 4K 27 pouces,"Pas mal du tout, malgré quelques petits défauts.",3,Neutral
Tapis de Souris XXL,Vraiment ravi de mon achat.,5,Positive
Tapis de Souris XXL,"Arrivé cassé, inadmissible.",2,Negative
Ecran 4K 27 pouces,Je ne recommande pas ce produit.,1,Negative
Ecouteurs Bluetooth,Produit correct pour le prix.,3,Neutral
Ecouteurs Bluetooth,Très simple à installer.,5,Positive
Support PC Portable,La qualité est au rendez-vous.,4,Positive
Ecouteurs Bluetooth,"Super produit, rien à dire.",5,Positive
Tapis de Souris XXL,Très simple à installer.,4,Positive
Clavier Gamer RGB,Je recommande vivement cet article.,5,Positive
Clavier Gamer RGB,Le SAV est inexistant.,2,Negative
Webcam HD 1080p,Correct sans être exceptionnel.,3,Neutral
Tapis de Souris XXL,Les performances sont impressionnantes.,4,Positive
Souris Sans Fil,"Arrivé dans les temps, emballage sommaire.",3,Neutral
Ecouteurs Bluetooth,Les performances sont impressionnantes.,4,Positive
Casque Audio Noise Cancelling,"Moyen, j'attendais un peu mieux.",3,Neutral
Casque Audio Noise Cancelling,Correct sans être exceptionnel.,3,Neutral
Ecouteurs Bluetooth,C'est un excellent produit !,5,Positive
Ecouteurs Bluetooth,Expédition rapide et soignée.,4,Positive
Webcam HD 1080p,"Arrivé dans les temps, emballage sommaire.",3,Neutral
Tapis de Souris XXL,Design élégant et robuste.,5,Positive
Support PC Portable,Excellent rapport qualité-prix.,5,Positive
Souris Sans Fil,"Arrivé dans les temps, emballage sommaire.",3,Neutral
Ecouteurs Bluetooth,"Pas mal du tout, malgré quelques petits défauts.",3,Neutral
Ecran 4K 27 pouces,Fait le job mais sans plus.,3,Neutral
Cable USB-C Charge Rapide,Excellent rapport qualité-prix.,4,Positive
Tapis de Souris XXL,C'est un excellent produit !,4,Positive
Cable USB-C Charge Rapide,Vraiment ravi de mon achat.,5,Positive
Souris Sans Fil,Design élégant et robuste.,5,Positive
Enceinte Connectée,Vraiment ravi de mon achat.,5,Positive
Clavier Gamer RGB,Les performances sont impressionnantes.,4,Positive
Webcam HD 1080p,"Arrivé dans les temps, emballage sommaire.",3,Neutral
Clavier Gamer RGB,Vraiment ravi de mon achat.,5,Positive
Enceinte Connectée,"Arrivé cassé, inadmissible.",1,Negative
Enceinte Connectée,La qualité est au rendez-vous.,5,Positive
Souris Sans Fil,Design élégant et robuste.,5,Positive
Souris Sans Fil,Je recommande vivement cet article.,5,Positive
Casque Audio Noise Cancelling,Expédition rapide et soignée.,4,Positive
Cable USB-C Charge Rapide,"Arrivé cassé, inadmissible.",2,Negative
Webcam HD 1080p,La qualité est au rendez-vous.,4,Positive
Cable USB-C Charge Rapide,Expédition rapide et soignée.,5,Positive
Webcam HD 1080p,Design élégant et robuste.,5,Positive
Tapis de Souris XXL,Je recommande vivement cet article.,4,Positive
Tapis de Souris XXL,Un peu déçu par la finition mais ça fonctionne.,3,Neutral
Support PC Portable,Expédition rapide et soignée.,5,Positive
Cable USB-C Charge Rapide,"Conforme à la description, mais l'usage est limité.",3,Neutral
Webcam HD 1080p,"Moyen, j'attendais un peu mieux.",3,Neutral
Casque Audio Noise Cancelling,Expédition rapide et soignée.,5,Positive
Ecouteurs Bluetooth,"Arrivé cassé, inadmissible.",1,Negative
Enceinte Connectée,Design élégant et robuste.,4,Positive
Ecran 4K 27 pouces,Vraiment ravi de mon achat.,5,Positive
Casque Audio Noise Cancelling,Correct sans être exceptionnel.,3,Neutral
Cable USB-C Charge Rapide,Excellent rapport qualité-prix.,4,Positive
Casque Audio Noise Cancelling,Les performances sont impressionnantes.,5,Positive
Casque Audio Noise Cancelling,Très simple à installer.,5,Positive
Clavier Gamer RGB,"Moyen, j'attendais un peu mieux.",3,Neutral
Enceinte Connectée,Vraiment ravi de mon achat.,4,Positive
Ecran 4K 27 pouces,"Moyen, j'attendais un peu mieux.",3,Neutral
Souris Sans Fil,Produit correct pour le prix.,3,Neutral
Webcam HD 1080p,En panne après deux jours d'utilisation.,2,Negative
Casque Audio Noise Cancelling,Je recommande vivement cet article.,4,Positive
Ecran 4K 27 pouces,Design élégant et robuste.,4,Positive
Tapis de Souris XXL,Expédition rapide et soignée.,4,Positive
Clavier Gamer RGB,Excellent rapport qualité-prix.,5,Positive
Ecouteurs Bluetooth,Expédition rapide et soignée.,4,Positive
Cable USB-C Charge Rapide,Très simple à installer.,4,Positive
Support PC Portable,Design élégant et robuste.,4,Positive
Support PC Portable,C'est un excellent produit !,5,Positive
Ecouteurs Bluetooth,"Super produit, rien à dire.",5,Positive
Ecouteurs Bluetooth,Correct sans être exceptionnel.,3,Neutral
Ecran 4K 27 pouces,Expédition rapide et soignée.,4,Positive
Enceinte Connectée,Fonctionne parfaitement bien.,5,Positive
Casque Audio Noise Cancelling,Correct sans être exceptionnel.,3,Neutral
Casque Audio Noise Cancelling,Design élégant et robuste.,4,Positive
Webcam HD 1080p,Fonctionne parfaitement bien.,4,Positive
Ecran 4K 27 pouces,Les performances sont impressionnantes.,4,Positive
Ecouteurs Bluetooth,Correct sans être exceptionnel.,3,Neutral
Tapis de Souris XXL,Vraiment ravi de mon achat.,5,Positive
Cable USB-C Charge Rapide,"Conforme à la description, mais l'usage est limité.",3,Neutral
Enceinte Connectée,"Arrivé cassé, inadmissible.",2,Negative
Casque Audio Noise Cancelling,Fait le job mais sans plus.,3,Neutral
Tapis de Souris XXL,Les performances sont impressionnantes.,5,Positive
Souris Sans Fil,"Arrivé cassé, inadmissible.",2,Negative
Webcam HD 1080p,Expédition rapide et soignée.,4,Positive
Ecouteurs Bluetooth,La qualité est au rendez-vous.,4,Positive
Tapis de Souris XXL,"Arrivé dans les temps, emballage sommaire.",3,Neutral
Casque Audio Noise Cancelling,Excellent rapport qualité-prix.,5,Positive
Souris Sans Fil,Très simple à installer.,4,Positive
Souris Sans Fil,La qualité est au rendez-vous.,4,Positive
Tapis de Souris XXL,En panne après deux jours d'utilisation.,1,Negative
Clavier Gamer RGB,Excellent rapport qualité-prix.,4,Positive
Enceinte Connectée,Excellent rapport qualité-prix.,5,Positive
Support PC Portable,Design élégant et robuste.,5,Positive
Souris Sans Fil,Fonctionne parfaitement bien.,4,Positive
Cable USB-C Charge Rapide,Très simple à installer.,4,Positive
Cable USB-C Charge Rapide,Les performances sont impressionnantes.,5,Positive
Support PC Portable,Les performances sont impressionnantes.,4,Positive
Ecouteurs Bluetooth,Très simple à installer.,5,Positive
Clavier Gamer RGB,"Conforme à la description, mais l'usage est limité.",3,Neutral
Enceinte Connectée,Vraiment ravi de mon achat.,5,Positive
Ecran 4K 27 pouces,Design élégant et robuste.,4,Positive
Cable USB-C Charge Rapide,Design élégant et robuste.,4,Positive
Ecouteurs Bluetooth,Un peu déçu par la finition mais ça fonctionne.,3,Neutral
Ecran 4K 27 pouces,"Arrivé cassé, inadmissible.",2,Negative
Casque Audio Noise Cancelling,Fonctionne parfaitement bien.,4,Positive
Ecran 4K 27 pouces,Le SAV est inexistant.,2,Negative
Cable USB-C Charge Rapide,Expédition rapide et soignée.,4,Positive
Cable USB-C Charge Rapide,Très simple à installer.,5,Positive
Ecouteurs Bluetooth,C'est un excellent produit !,5,Positive
Cable USB-C Charge Rapide,La qualité est médiocre.,1,Negative
Ecran 4K 27 pouces,Fonctionne parfaitement bien.,5,Positive
Casque Audio Noise Cancelling,"Super produit, rien à dire.",5,Positive
Casque Audio Noise Cancelling,"Super produit, rien à dire.",4,Positive
Ecouteurs Bluetooth,Expédition rapide et soignée.,5,Positive
Support PC Portable,"Arrivé cassé, inadmissible.",2,Negative
Clavier Gamer RGB,"C'est une arnaque, passez votre chemin.",1,Negative
Tapis de Souris XXL,Plastique de mauvaise qualité.,2,Negative
Casque Audio Noise Cancelling,Je ne recommande pas ce produit.,2,Negative
Tapis de Souris XXL,Le SAV est inexistant.,2,Negative
Webcam HD 1080p,Expédition rapide et soignée.,5,Positive
Clavier Gamer RGB,C'est un excellent produit !,5,Positive
Ecouteurs Bluetooth,"C'est une arnaque, passez votre chemin.",1,Negative
Support PC Portable,Fonctionne parfaitement bien.,5,Positive
Souris Sans Fil,La qualité est médiocre.,2,Negative
Cable USB-C Charge Rapide,Je recommande vivement cet article.,5,Positive
Ecouteurs Bluetooth,C'est un excellent produit !,4,Positive
Casque Audio Noise Cancelling,Un peu déçu par la finition mais ça fonctionne.,3,Neutral
Casque Audio Noise Cancelling,Fait le job mais sans plus.,3,Neutral
Clavier Gamer RGB,La qualité est au rendez-vous.,4,Positive
Webcam HD 1080p,C'est un excellent produit !,5,Positive
Clavier Gamer RGB,Fait le job mais sans plus.,3,Neutral
Casque Audio Noise Cancelling,"Conforme à la description, mais l'usage est limité.",3,Neutral
Ecouteurs Bluetooth,Vraiment ravi de mon achat.,4,Positive
Ecouteurs Bluetooth,La qualité est au rendez-vous.,5,Positive
Casque Audio Noise Cancelling,Correct sans être exceptionnel.,3,Neutral
Souris Sans Fil,Les performances sont impressionnantes.,4,Positive
Souris Sans Fil,"Super produit, rien à dire.",4,Positive
Souris Sans Fil,Plastique de mauvaise qualité.,2,Negative
Ecouteurs Bluetooth,Ne fonctionne pas du tout.,1,Negative
Webcam HD 1080p,"Moyen, j'attendais un peu mieux.",3,Neutral
Casque Audio Noise Cancelling,Fonctionne parfaitement bien.,4,Positive
Cable USB-C Charge Rapide,Un peu déçu par la finition mais ça fonctionne.,3,Neutral
Enceinte Connectée,"Pas mal du tout, malgré quelques petits défauts.",3,Neutral
Clavier Gamer RGB,Plastique de mauvaise qualité.,2,Negative
Enceinte Connectée,Un peu déçu par la finition mais ça fonctionne.,3,Neutral
Casque Audio Noise Cancelling,Fonctionne parfaitement bien.,4,Positive
Support PC Portable,Design élégant et robuste.,4,Positive
Webcam HD 1080p,Expédition rapide et soignée.,4,Positive
Tapis de Souris XXL,Expédition rapide et soignée.,5,Positive
Enceinte Connectée,"Conforme à la description, mais l'usage est limité.",3,Neutral
Ecouteurs Bluetooth,C'est un excellent produit !,4,Positive
Cable USB-C Charge Rapide,Excellent rapport qualité-prix.,4,Positive
Enceinte Connectée,Excellent rapport qualité-prix.,5,Positive
Casque Audio Noise Cancelling,Je recommande vivement cet article.,4,Positive
Ecouteurs Bluetooth,La qualité est au rendez-vous.,4,Positive
Enceinte Connectée,Je recommande vivement cet article.,4,Positive
Casque Audio Noise Cancelling,Un peu déçu par la finition mais ça fonctionne.,3,Neutral
Clavier Gamer RGB,Vraiment ravi de mon achat.,5,Positive
Support PC Portable,Produit correct pour le prix.,3,Neutral
Cable USB-C Charge Rapide,Correct sans être exceptionnel.,3,Neutral
Ecouteurs Bluetooth,C'est un excellent produit !,4,Positive
Souris Sans Fil,Très simple à installer.,5,Positive
Enceinte Connectée,"Pas mal du tout, malgré quelques petits défauts.",3,Neutral
Souris Sans Fil,Vraiment ravi de mon achat.,5,Positive
Clavier Gamer RGB,Je recommande vivement cet article.,5,Positive
Enceinte Connectée,Design élégant et robuste.,4,Positive
Support PC Portable,Design élégant et robuste.,4,Positive
Webcam HD 1080p,Je recommande vivement cet article.,4,Positive
Ecouteurs Bluetooth,Plastique de mauvaise qualité.,1,Negative
Enceinte Connectée,Fonctionne parfaitement bien.,4,Positive
Clavier Gamer RGB,La qualité est au rendez-vous.,5,Positive
Souris Sans Fil,Le SAV est inexistant.,1,Negative
Casque Audio Noise Cancelling,Excellent rapport qualité-prix.,4,Positive
Tapis de Souris XXL,Les performances sont impressionnantes.,4,Positive
Tapis de Souris XXL,La qualité est au rendez-vous.,4,Positive
Ecran 4K 27 pouces,Une perte de temps et d'argent.,1,Negative
Ecouteurs Bluetooth,Je ne recommande pas ce produit.,2,Negative
Tapis de Souris XXL,C'est un excellent produit !,5,Positive
Tapis de Souris XXL,Les performances sont impressionnantes.,5,Positive
Ecran 4K 27 pouces,Fonctionne parfaitement bien.,5,Positive
Enceinte Connectée,Un peu déçu par la finition mais ça fonctionne.,3,Neutral
Souris Sans Fil,C'est un excellent produit !,5,Positive
Ecran 4K 27 pouces,Expédition rapide et soignée.,4,Positive
Clavier Gamer RGB,"Arrivé dans les temps, emballage sommaire.",3,Neutral
Cable USB-C Charge Rapide,Excellent rapport qualité-prix.,4,Positive
Support PC Portable,Je ne recommande pas ce produit.,1,Negative
Ecouteurs Bluetooth,Très simple à installer.,4,Positive
Casque Audio Noise Cancelling,"Moyen, j'attendais un peu mieux.",3,Neutral
Support PC Portable,"Arrivé cassé, inadmissible.",1,Negative
Ecouteurs Bluetooth,Vraiment ravi de mon achat.,5,Positive
Webcam HD 1080p,"Super produit, rien à dire.",5,Positive
Souris Sans Fil,Expédition rapide et soignée.,5,Positive
Casque Audio Noise Cancelling,"Moyen, j'attendais un peu mieux.",3,Neutral
Tapis de Souris XXL,Vraiment ravi de mon achat.,4,Positive
Ecran 4K 27 pouces,La qualité est au rendez-vous.,4,Positive
Ecouteurs Bluetooth,Expédition rapide et soignée.,5,Positive
Casque Audio Noise Cancelling,Fonctionne parfaitement bien.,5,Positive
Support PC Portable,Vraiment ravi de mon achat.,5,Positive
Ecouteurs Bluetooth,Les performances sont impressionnantes.,5,Positive
Clavier Gamer RGB,La qualité est au rendez-vous.,5,Positive
Ecouteurs Bluetooth,"Moyen, j'attendais un peu mieux.",3,Neutral
Casque Audio Noise Cancelling,Je recommande vivement cet article.,5,Positive
Souris Sans Fil,Design élégant et robuste.,5,Positive
Enceinte Connectée,Un peu déçu par la finition mais ça fonctionne.,3,Neutral
Ecouteurs Bluetooth,Vraiment ravi de mon achat.,4,Positive
Clavier Gamer RGB,La qualité est au rendez-vous.,4,Positive
Ecran 4K 27 pouces,Ne fonctionne pas du tout.,2,Negative
Webcam HD 1080p,C'est un excellent produit !,4,Positive
Ecouteurs Bluetooth,La qualité est au rendez-vous.,5,Positive
Ecouteurs Bluetooth,Ne fonctionne pas du tout.,2,Negative
Clavier Gamer RGB,La qualité est médiocre.,1,Negative
Webcam HD 1080p,Design élégant et robuste.,5,Positive
Clavier Gamer RGB,La qualité est au rendez-vous.,5,Positive
Tapis de Souris XXL,Je recommande vivement cet article.,4,Positive
Cable USB-C Charge Rapide,C'est un excellent produit !,4,Positive
Webcam HD 1080p,Un peu déçu par la finition mais ça fonctionne.,3,Neutral
Cable USB-C Charge Rapide,C'est un excellent produit !,5,Positive
Ecouteurs Bluetooth,Excellent rapport qualité-prix.,4,Positive
Ecran 4K 27 pouces,Un peu déçu par la finition mais ça fonctionne.,3,Neutral
Enceinte Connectée,"Arrivé dans les temps, emballage sommaire.",3,Neutral
Tapis de Souris XXL,Expédition rapide et soignée.,5,Positive
Webcam HD 1080p,Je recommande vivement cet article.,5,Positive
Souris Sans Fil,C'est un excellent produit !,4,Positive
Cable USB-C Charge Rapide,Très simple à installer.,5,Positive
Tapis de Souris XXL,Un peu déçu par la finition mais ça fonctionne.,3,Neutral
Souris Sans Fil,Je recommande vivement cet article.,4,Positive
Enceinte Connectée,Plastique de mauvaise qualité.,1,Negative
Webcam HD 1080p,En panne après deux jours d'utilisation.,2,Negative
Souris Sans Fil,Expédition rapide et soignée.,5,Positive
Webcam HD 1080p,Les performances sont impressionnantes.,5,Positive
Webcam HD 1080p,Design élégant et robuste.,4,Positive
Enceinte Connectée,C'est un excellent produit !,5,Positive
Ecouteurs Bluetooth,C'est un excellent produit !,4,Positive
Enceinte Connectée,Les performances sont impressionnantes.,5,Positive
Ecran 4K 27 pouces,La qualité est médiocre.,2,Negative
Tapis de Souris XXL,Les performances sont impressionnantes.,4,Positive
Souris Sans Fil,"Moyen, j'attendais un peu mieux.",3,Neutral
Ecouteurs Bluetooth,Les performances sont impressionnantes.,5,Positive
Ecouteurs Bluetooth,La qualité est au rendez-vous.,5,Positive
Souris Sans Fil,"Arrivé dans les temps, emballage sommaire.",3,Neutral
Support PC Portable,Correct sans être exceptionnel.,3,Neutral
Enceinte Connectée,"Moyen, j'attendais un peu mieux.",3,Neutral
Ecran 4K 27 pouces,Correct sans être exceptionnel.,3,Neutral
Casque Audio Noise Cancelling,La qualité est au rendez-vous.,5,Positive
Souris Sans Fil,"Arrivé dans les temps, emballage sommaire.",3,Neutral
Webcam HD 1080p,Les performances sont impressionnantes.,5,Positive
Ecran 4K 27 pouces,Fait le job mais sans plus.,3,Neutral
Support PC Portable,Fonctionne parfaitement bien.,4,Positive
Tapis de Souris XXL,Ne fonctionne pas du tout.,1,Negative
Tapis de Souris XXL,Fonctionne parfaitement bien.,5,Positive
Ecran 4K 27 pouces,"Moyen, j'attendais un peu mieux.",3,Neutral
Cable USB-C Charge Rapide,Produit correct pour le prix.,3,Neutral
Clavier Gamer RGB,La qualité est au rendez-vous.,5,Positive
Casque Audio Noise Cancelling,Expédition rapide et soignée.,5,Positive
Enceinte Connectée,Les performances sont impressionnantes.,5,Positive
Ecran 4K 27 pouces,C'est un excellent produit !,4,Positive
Cable USB-C Charge Rapide,Vraiment ravi de mon achat.,5,Positive
Ecouteurs Bluetooth,La qualité est au rendez-vous.,5,Positive
Ecouteurs Bluetooth,Expédition rapide et soignée.,4,Positive
Webcam HD 1080p,Très déçu par cet achat.,2,Negative
Casque Audio Noise Cancelling,"Arrivé cassé, inadmissible.",1,Negative
Casque Audio Noise Cancelling,Expédition rapide et soignée.,4,Positive
Ecran 4K 27 pouces,Le SAV est inexistant.,2,Negative
Enceinte Connectée,Je recommande vivement cet article.,5,Positive
Ecran 4K 27 pouces,Les performances sont impressionnantes.,5,Positive
Enceinte Connectée,Très déçu par cet achat.,1,Negative
Tapis de Souris XXL,Je recommande vivement cet article.,4,Positive
Webcam HD 1080p,C'est un excellent produit !,4,Positive
Ecran 4K 27 pouces,Vraiment ravi de mon achat.,5,Positive
Support PC Portable,Une perte de temps et d'argent.,2,Negative
Support PC Portable,Vraiment ravi de mon achat.,5,Positive
Enceinte Connectée,Excellent rapport qualité-prix.,5,Positive
Tapis de Souris XXL,Je recommande vivement cet article.,4,Positive
Support PC Portable,Je recommande vivement cet article.,4,Positive
Webcam HD 1080p,Vraiment ravi de mon achat.,4,Positive
Tapis de Souris XXL,"Arrivé cassé, inadmissible.",2,Negative
Ecran 4K 27 pouces,Très simple à installer.,5,Positive
Casque Audio Noise Cancelling,"Arrivé cassé, inadmissible.",2,Negative
Ecran 4K 27 pouces,Excellent rapport qualité-prix.,4,Positive
Clavier Gamer RGB,Vraiment ravi de mon achat.,4,Positive
Support PC Portable,Fonctionne parfaitement bien.,4,Positive
Ecran 4K 27 pouces,Vraiment ravi de mon achat.,5,Positive
Casque Audio Noise Cancelling,Les performances sont impressionnantes.,4,Positive
Cable USB-C Charge Rapide,Vraiment ravi de mon achat.,4,Positive
Casque Audio Noise Cancelling,Je recommande vivement cet article.,5,Positive
Enceinte Connectée,Les performances sont impressionnantes.,4,Positive
Webcam HD 1080p,Vraiment ravi de mon achat.,5,Positive
Casque Audio Noise Cancelling,Vraiment ravi de mon achat.,4,Positive
Webcam HD 1080p,"Pas mal du tout, malgré quelques petits défauts.",3,Neutral
Enceinte Connectée,Je ne recommande pas ce produit.,2,Negative
Casque Audio Noise Cancelling,"Conforme à la description, mais l'usage est limité.",3,Neutral
Clavier Gamer RGB,La qualité est au rendez-vous.,5,Positive
Webcam HD 1080p,"Arrivé dans les temps, emballage sommaire.",3,Neutral
Clavier Gamer RGB,Fonctionne parfaitement bien.,5,Positive
Clavier Gamer RGB,"Pas mal du tout, malgré quelques petits défauts.",3,Neutral
Tapis de Souris XXL,Je recommande vivement cet article.,5,Positive
Cable USB-C Charge Rapide,Plastique de mauvaise qualité.,1,Negative
Souris Sans Fil,Expédition rapide et soignée.,5,Positive
Cable USB-C Charge Rapide,Fait le job mais sans plus.,3,Neutral
Ecran 4K 27 pouces,Design élégant et robuste.,5,Positive
Enceinte Connectée,Le SAV est inexistant.,1,Negative
Souris Sans Fil,La qualité est au rendez-vous.,5,Positive
Enceinte Connectée,La qualité est médiocre.,1,Negative
Ecran 4K 27 pouces,Très déçu par cet achat.,1,Negative
Ecran 4K 27 pouces,Expédition rapide et soignée.,4,Positive
Ecran 4K 27 pouces,Très simple à installer.,5,Positive
Casque Audio Noise Cancelling,Fait le job mais sans plus.,3,Neutral
Clavier Gamer RGB,Les performances sont impressionnantes.,5,Positive
Support PC Portable,Les performances sont impressionnantes.,5,Positive
Enceinte Connectée,Je recommande vivement cet article.,4,Positive
Ecouteurs Bluetooth,C'est un excellent produit !,5,Positive
Souris Sans Fil,Plastique de mauvaise qualité.,1,Negative
Ecran 4K 27 pouces,"Pas mal du tout, malgré quelques petits défauts.",3,Neutral
Casque Audio Noise Cancelling,Design élégant et robuste.,4,Positive
Souris Sans Fil,Produit correct pour le prix.,3,Neutral
Ecran 4K 27 pouces,"Super produit, rien à dire.",5,Positive
Cable USB-C Charge Rapide,Expédition rapide et soignée.,5,Positive
Support PC Portable,Je recommande vivement cet article.,5,Positive
Enceinte Connectée,"Arrivé cassé, inadmissible.",2,Negative
Ecouteurs Bluetooth,Très simple à installer.,5,Positive
Webcam HD 1080p,"Pas mal du tout, malgré quelques petits défauts.",3,Neutral
Ecouteurs Bluetooth,Je recommande vivement cet article.,5,Positive
Tapis de Souris XXL,Je ne recommande pas ce produit.,2,Negative
Ecran 4K 27 pouces,C'est un excellent produit !,4,Positive
Webcam HD 1080p,"Super produit, rien à dire.",5,Positive
Souris Sans Fil,"Conforme à la description, mais l'usage est limité.",3,Neutral
Cable USB-C Charge Rapide,Excellent rapport qualité-prix.,5,Positive
Casque Audio Noise Cancelling,Un peu déçu par la finition mais ça fonctionne.,3,Neutral
Tapis de Souris XXL,Un peu déçu par la finition mais ça fonctionne.,3,Neutral
Enceinte Connectée,"Conforme à la description, mais l'usage est limité.",3,Neutral
Tapis de Souris XXL,"Super produit, rien à dire.",4,Positive
Enceinte Connectée,Design élégant et robuste.,4,Positive
Souris Sans Fil,Correct sans être exceptionnel.,3,Neutral
Tapis de Souris XXL,Un peu déçu par la finition mais ça fonctionne.,3,Neutral
Tapis de Souris XXL,Excellent rapport qualité-prix.,5,Positive
Tapis de Souris XXL,Design élégant et robuste.,5,Positive
Ecouteurs Bluetooth,Design élégant et robuste.,4,Positive
Ecran 4K 27 pouces,Très simple à installer.,5,Positive
Cable USB-C Charge Rapide,La qualité est au rendez-vous.,4,Positive
Ecran 4K 27 pouces,La qualité est au rendez-vous.,5,Positive
Tapis de Souris XXL,Ne fonctionne pas du tout.,1,Negative
Support PC Portable,Expédition rapide et soignée.,4,Positive
Clavier Gamer RGB,Fonctionne parfaitement bien.,5,Positive
Souris Sans Fil,Design élégant et robuste.,4,Positive
Ecouteurs Bluetooth,"Super produit, rien à dire.",5,Positive
Casque Audio Noise Cancelling,Excellent rapport qualité-prix.,5,Positive
Clavier Gamer RGB,Expédition rapide et soignée.,4,Positive
Clavier Gamer RGB,Très déçu par cet achat.,1,Negative
Clavier Gamer RGB,Un peu déçu par la finition mais ça fonctionne.,3,Neutral
Ecran 4K 27 pouces,"Moyen, j'attendais un peu mieux.",3,Neutral
Cable USB-C Charge Rapide,Très simple à installer.,5,Positive
Webcam HD 1080p,C'est un excellent produit !,4,Positive
Cable USB-C Charge Rapide,Le SAV est inexistant.,2,Negative
Webcam HD 1080p,"Super produit, rien à dire.",5,Positive
Souris Sans Fil,Expédition rapide et soignée.,5,Positive
Ecran 4K 27 pouces,C'est un excellent produit !,5,Positive
Ecran 4K 27 pouces,Fonctionne parfaitement bien.,4,Positive
Clavier Gamer RGB,Vraiment ravi de mon achat.,4,Positive
Tapis de Souris XXL,Produit correct pour le prix.,3,Neutral
Casque Audio Noise Cancelling,Le SAV est inexistant.,2,Negative
Webcam HD 1080p,"Super produit, rien à dire.",4,Positive
Ecouteurs Bluetooth,Produit correct pour le prix.,3,Neutral
Clavier Gamer RGB,"Arrivé dans les temps, emballage sommaire.",3,Neutral
Support PC Portable,Design élégant et robuste.,5,Positive
Souris Sans Fil,Je recommande vivement cet article.,4,Positive
Casque Audio Noise Cancelling,"Pas mal du tout, malgré quelques petits défauts.",3,Neutral
Webcam HD 1080p,Correct sans être exceptionnel.,3,Neutral
Casque Audio Noise Cancelling,Le SAV est inexistant.,1,Negative
Webcam HD 1080p,Vraiment ravi de mon achat.,4,Positive
Support PC Portable,Je recommande vivement cet article.,4,Positive
Enceinte Connectée,Une perte de temps et d'argent.,2,Negative
Cable USB-C Charge Rapide,Fonctionne parfaitement bien.,5,Positive
Support PC Portable,C'est un excellent produit !,4,Positive
Ecouteurs Bluetooth,La qualité est médiocre.,2,Negative
Ecouteurs Bluetooth,Fait le job mais sans plus.,3,Neutral
Ecouteurs Bluetooth,"C'est une arnaque, passez votre chemin.",1,Negative
Cable USB-C Charge Rapide,Vraiment ravi de mon achat.,4,Positive
Souris Sans Fil,En panne après deux jours d'utilisation.,2,Negative
Tapis de Souris XXL,Vraiment ravi de mon achat.,4,Positive
Clavier Gamer RGB,"Super produit, rien à dire.",4,Positive
Souris Sans Fil,Les performances sont impressionnantes.,5,Positive
Cable USB-C Charge Rapide,En panne après deux jours d'utilisation.,1,Negative
Tapis de Souris XXL,Excellent rapport qualité-prix.,5,Positive
Support PC Portable,Design élégant et robuste.,5,Positive
Casque Audio Noise Cancelling,Correct sans être exceptionnel.,3,Neutral
Ecouteurs Bluetooth,La qualité est au rendez-vous.,4,Positive
Ecouteurs Bluetooth,Les performances sont impressionnantes.,5,Positive
Support PC Portable,Expédition rapide et soignée.,5,Positive
Webcam HD 1080p,Design élégant et robuste.,4,Positive
Support PC Portable,Design élégant et robuste.,5,Positive
Clavier Gamer RGB,C'est un excellent produit !,5,Positive
Enceinte Connectée,Un peu déçu par la finition mais ça fonctionne.,3,Neutral
Tapis de Souris XXL,Excellent rapport qualité-prix.,4,Positive
Ecran 4K 27 pouces,La qualité est au rendez-vous.,5,Positive
Enceinte Connectée,Très déçu par cet achat.,1,Negative
Souris Sans Fil,Design élégant et robuste.,5,Positive
Souris Sans Fil,Expédition rapide et soignée.,5,Positive
Ecran 4K 27 pouces,C'est un excellent produit !,5,Positive
Enceinte Connectée,Excellent rapport qualité-prix.,5,Positive
Ecran 4K 27 pouces,Les performances sont impressionnantes.,5,Positive
Support PC Portable,Design élégant et robuste.,5,Positive
Tapis de Souris XXL,"Super produit, rien à dire.",5,Positive
Clavier Gamer RGB,C'est un excellent produit !,5,Positive
Enceinte Connectée,Les performances sont impressionnantes.,4,Positive
Webcam HD 1080p,Un peu déçu par la finition mais ça fonctionne.,3,Neutral
Support PC Portable,Très déçu par cet achat.,2,Negative
Ecran 4K 27 pouces,Le SAV est inexistant.,2,Negative
Webcam HD 1080p,Design élégant et robuste.,5,Positive
Ecouteurs Bluetooth,C'est un excellent produit !,4,Positive
Tapis de Souris XXL,Très simple à installer.,5,Positive
Enceinte Connectée,C'est un excellent produit !,4,Positive
Souris Sans Fil,Vraiment ravi de mon achat.,5,Positive
Cable USB-C Charge Rapide,Un peu déçu par la finition mais ça fonctionne.,3,Neutral
Ecouteurs Bluetooth,Plastique de mauvaise qualité.,2,Negative
Support PC Portable,En panne après deux jours d'utilisation.,1,Negative
Ecouteurs Bluetooth,Produit correct pour le prix.,3,Neutral
Webcam HD 1080p,Design élégant et robuste.,5,Positive
Webcam HD 1080p,"C'est une arnaque, passez votre chemin.",1,Negative
Clavier Gamer RGB,Très simple à installer.,4,Positive
Casque Audio Noise Cancelling,Le SAV est inexistant.,2,Negative
Souris Sans Fil,Correct sans être exceptionnel.,3,Neutral
Souris Sans Fil,Très simple à installer.,5,Positive
Casque Audio Noise Cancelling,Je recommande vivement cet article.,4,Positive
Casque Audio Noise Cancelling,"C'est une arnaque, passez votre chemin.",2,Negative
Souris Sans Fil,Très simple à installer.,5,Positive
Tapis de Souris XXL,Un peu déçu par la finition mais ça fonctionne.,3,Neutral
Ecran 4K 27 pouces,"Super produit, rien à dire.",5,Positive
Tapis de Souris XXL,La qualité est médiocre.,1,Negative
Enceinte Connectée,Vraiment ravi de mon achat.,5,Positive
Tapis de Souris XXL,"Super produit, rien à dire.",5,Positive
Enceinte Connectée,C'est un excellent produit !,5,Positive
Enceinte Connectée,La qualité est au rendez-vous.,5,Positive
Clavier Gamer RGB,Un peu déçu par la finition mais ça fonctionne.,3,Neutral
Cable USB-C Charge Rapide,Correct sans être exceptionnel.,3,Neutral
Cable USB-C Charge Rapide,Correct sans être exceptionnel.,3,Neutral
Clavier Gamer RGB,"Pas mal du tout, malgré quelques petits défauts.",3,Neutral
Ecran 4K 27 pouces,Produit correct pour le prix.,3,Neutral
Tapis de Souris XXL,"Arrivé cassé, inadmissible.",1,Negative
Enceinte Connectée,Plastique de mauvaise qualité.,2,Negative
Enceinte Connectée,"Pas mal du tout, malgré quelques petits défauts.",3,Neutral
Clavier Gamer RGB,Une perte de temps et d'argent.,2,Negative
Tapis de Souris XXL,Très déçu par cet achat.,1,Negative
Cable USB-C Charge Rapide,Fonctionne parfaitement bien.,5,Positive
Tapis de Souris XXL,Un peu déçu par la finition mais ça fonctionne.,3,Neutral
Ecran 4K 27 pouces,"Super produit, rien à dire.",4,Positive
Ecouteurs Bluetooth,Très simple à installer.,4,Positive
Ecouteurs Bluetooth,Je recommande vivement cet article.,5,Positive
Enceinte Connectée,Les performances sont impressionnantes.,4,Positive
Cable USB-C Charge Rapide,La qualité est au rendez-vous.,5,Positive
Clavier Gamer RGB,Les performances sont impressionnantes.,5,Positive
Clavier Gamer RGB,"Pas mal du tout, malgré quelques petits défauts.",3,Neutral
Support PC Portable,"Moyen, j'attendais un peu mieux.",3,Neutral
Ecouteurs Bluetooth,"Moyen, j'attendais un peu mieux.",3,Neutral
Enceinte Connectée,Très simple à installer.,4,Positive
Ecouteurs Bluetooth,Correct sans être exceptionnel.,3,Neutral
Casque Audio Noise Cancelling,Vraiment ravi de mon achat.,5,Positive
Tapis de Souris XXL,"Super produit, rien à dire.",4,Positive
Tapis de Souris XXL,Fonctionne parfaitement bien.,5,Positive
Webcam HD 1080p,Vraiment ravi de mon achat.,4,Positive
Tapis de Souris XXL,C'est un excellent produit !,4,Positive
Tapis de Souris XXL,Excellent rapport qualité-prix.,4,Positive
Cable USB-C Charge Rapide,C'est un excellent produit !,5,Positive
Enceinte Connectée,Le SAV est inexistant.,2,Negative
Enceinte Connectée,Je recommande vivement cet article.,4,Positive
Ecran 4K 27 pouces,Vraiment ravi de mon achat.,4,Positive
Souris Sans Fil,Ne fonctionne pas du tout.,1,Negative
Ecran 4K 27 pouces,Un peu déçu par la finition mais ça fonctionne.,3,Neutral
Casque Audio Noise Cancelling,Le SAV est inexistant.,1,Negative
Casque Audio Noise Cancelling,Fait le job mais sans plus.,3,Neutral
Souris Sans Fil,C'est un excellent produit !,5,Positive
Ecouteurs Bluetooth,Je recommande vivement cet article.,4,Positive
Enceinte Connectée,Je recommande vivement cet article.,4,Positive
Casque Audio Noise Cancelling,Excellent rapport qualité-prix.,5,Positive
Tapis de Souris XXL,Très simple à installer.,4,Positive
Clavier Gamer RGB,Fait le job mais sans plus.,3,Neutral
Webcam HD 1080p,Expédition rapide et soignée.,4,Positive
Enceinte Connectée,Les performances sont impressionnantes.,5,Positive
Ecouteurs Bluetooth,Excellent rapport qualité-prix.,5,Positive
Casque Audio Noise Cancelling,"C'est une arnaque, passez votre chemin.",1,Negative
Souris Sans Fil,Excellent rapport qualité-prix.,4,Positive
Enceinte Connectée,Je recommande vivement cet article.,4,Positive
Tapis de Souris XXL,Le SAV est inexistant.,1,Negative
Enceinte Connectée,C'est un excellent produit !,4,Positive
Webcam HD 1080p,Je recommande vivement cet article.,4,Positive
Ecran 4K 27 pouces,"Moyen, j'attendais un peu mieux.",3,Neutral
Ecran 4K 27 pouces,La qualité est au rendez-vous.,4,Positive
Souris Sans Fil,Fonctionne parfaitement bien.,5,Positive
Ecouteurs Bluetooth,Très simple à installer.,4,Positive
Support PC Portable,Fait le job mais sans plus.,3,Neutral
Cable USB-C Charge Rapide,"Pas mal du tout, malgré quelques petits défauts.",3,Neutral
Ecouteurs Bluetooth,Expédition rapide et soignée.,5,Positive
Tapis de Souris XXL,Vraiment ravi de mon achat.,4,Positive
Cable USB-C Charge Rapide,Un peu déçu par la finition mais ça fonctionne.,3,Neutral
Tapis de Souris XXL,Les performances sont impressionnantes.,5,Positive
Cable USB-C Charge Rapide,Correct sans être exceptionnel.,3,Neutral
Webcam HD 1080p,Excellent rapport qualité-prix.,5,Positive
Souris Sans Fil,Fonctionne parfaitement bien.,4,Positive
Casque Audio Noise Cancelling,La qualité est au rendez-vous.,5,Positive
Tapis de Souris XXL,"C'est une arnaque, passez votre chemin.",2,Negative
Tapis de Souris XXL,"Conforme à la description, mais l'usage est limité.",3,Neutral
Enceinte Connectée,Je recommande vivement cet article.,4,Positive
Souris Sans Fil,Je ne recommande pas ce produit.,1,Negative
Ecouteurs Bluetooth,Produit correct pour le prix.,3,Neutral
Enceinte Connectée,"Arrivé dans les temps, emballage sommaire.",3,Neutral
Webcam HD 1080p,Très simple à installer.,4,Positive
Cable USB-C Charge Rapide,"Super produit, rien à dire.",5,Positive
Souris Sans Fil,Les performances sont impressionnantes.,4,Positive
Cable USB-C Charge Rapide,Excellent rapport qualité-prix.,4,Positive
Tapis de Souris XXL,Les performances sont impressionnantes.,4,Positive
Souris Sans Fil,Correct sans être exceptionnel.,3,Neutral
Support PC Portable,Design élégant et robuste.,4,Positive
Tapis de Souris XXL,Fonctionne parfaitement bien.,5,Positive
Ecouteurs Bluetooth,C'est un excellent produit !,4,Positive
Ecran 4K 27 pouces,Excellent rapport qualité-prix.,5,Positive
Support PC Portable,Très déçu par cet achat.,1,Negative
Tapis de Souris XXL,Je recommande vivement cet article.,5,Positive
Webcam HD 1080p,Excellent rapport qualité-prix.,4,Positive
Casque Audio Noise Cancelling,Très simple à installer.,4,Positive
Cable USB-C Charge Rapide,Très simple à installer.,4,Positive
Casque Audio Noise Cancelling,Design élégant et robuste.,5,Positive
Support PC Portable,Le SAV est inexistant.,1,Negative
Souris Sans Fil,Vraiment ravi de mon achat.,4,Positive
Enceinte Connectée,Un peu déçu par la finition mais ça fonctionne.,3,Neutral
Souris Sans Fil,Les performances sont impressionnantes.,5,Positive
Ecouteurs Bluetooth,"Arrivé dans les temps, emballage sommaire.",3,Neutral
Tapis de Souris XXL,"Conforme à la description, mais l'usage est limité.",3,Neutral
Support PC Portable,"Super produit, rien à dire.",4,Positive
Casque Audio Noise Cancelling,La qualité est au rendez-vous.,4,Positive
Webcam HD 1080p,"Super produit, rien à dire.",4,Positive
Enceinte Connectée,C'est un excellent produit !,4,Positive
Souris Sans Fil,Très simple à installer.,4,Positive
Casque Audio Noise Cancelling,"Super produit, rien à dire.",4,Positive
Cable USB-C Charge Rapide,"C'est une arnaque, passez votre chemin.",1,Negative
Webcam HD 1080p,La qualité est médiocre.,2,Negative
Ecran 4K 27 pouces,"Arrivé cassé, inadmissible.",1,Negative
Souris Sans Fil,"Pas mal du tout, malgré quelques petits défauts.",3,Neutral
Souris Sans Fil,"Moyen, j'attendais un peu mieux.",3,Neutral
Support PC Portable,Fonctionne parfaitement bien.,4,Positive
Casque Audio Noise Cancelling,C'est un excellent produit !,4,Positive
Ecran 4K 27 pouces,La qualité est au rendez-vous.,5,Positive
Webcam HD 1080p,Les performances sont impressionnantes.,5,Positive
Webcam HD 1080p,Vraiment ravi de mon achat.,4,Positive
Support PC Portable,Produit correct pour le prix.,3,Neutral
Casque Audio Noise Cancelling,C'est un excellent produit !,5,Positive
Enceinte Connectée,Excellent rapport qualité-prix.,5,Positive
Tapis de Souris XXL,Excellent rapport qualité-prix.,4,Positive
Souris Sans Fil,Vraiment ravi de mon achat.,4,Positive
Cable USB-C Charge Rapide,Je recommande vivement cet article.,5,Positive
Ecran 4K 27 pouces,Les performances sont impressionnantes.,4,Positive
Enceinte Connectée,Excellent rapport qualité-prix.,4,Positive
Ecran 4K 27 pouces,"Moyen, j'attendais un peu mieux.",3,Neutral
Casque Audio Noise Cancelling,Excellent rapport qualité-prix.,4,Positive
Webcam HD 1080p,Les performances sont impressionnantes.,5,Positive
Tapis de Souris XXL,"Arrivé dans les temps, emballage sommaire.",3,Neutral
Ecran 4K 27 pouces,La qualité est au rendez-vous.,5,Positive
Tapis de Souris XXL,Je recommande vivement cet article.,5,Positive
Cable USB-C Charge Rapide,La qualité est au rendez-vous.,5,Positive
Ecouteurs Bluetooth,"Conforme à la description, mais l'usage est limité.",3,Neutral
Souris Sans Fil,Expédition rapide et soignée.,5,Positive
Enceinte Connectée,Produit correct pour le prix.,3,Neutral
Souris Sans Fil,Vraiment ravi de mon achat.,4,Positive
Souris Sans Fil,Vraiment ravi de mon achat.,5,Positive
Ecouteurs Bluetooth,Vraiment ravi de mon achat.,5,Positive
Webcam HD 1080p,Excellent rapport qualité-prix.,5,Positive
Webcam HD 1080p,"Pas mal du tout, malgré quelques petits défauts.",3,Neutral
Webcam HD 1080p,"Super produit, rien à dire.",4,Positive
Support PC Portable,"Super produit, rien à dire.",4,Positive
Enceinte Connectée,Les performances sont impressionnantes.,4,Positive
Enceinte Connectée,Les performances sont impressionnantes.,4,Positive
Souris Sans Fil,"Moyen, j'attendais un peu mieux.",3,Neutral
Ecran 4K 27 pouces,Correct sans être exceptionnel.,3,Neutral
Ecouteurs Bluetooth,En panne après deux jours d'utilisation.,2,Negative
Casque Audio Noise Cancelling,Très simple à installer.,4,Positive
Clavier Gamer RGB,Fait le job mais sans plus.,3,Neutral
Ecouteurs Bluetooth,Expédition rapide et soignée.,5,Positive
Cable USB-C Charge Rapide,Design élégant et robuste.,4,Positive
Casque Audio Noise Cancelling,La qualité est au rendez-vous.,5,Positive
Casque Audio Noise Cancelling,Très simple à installer.,4,Positive
Cable USB-C Charge Rapide,Très simple à installer.,4,Positive
Cable USB-C Charge Rapide,"C'est une arnaque, passez votre chemin.",2,Negative
Casque Audio Noise Cancelling,Expédition rapide et soignée.,4,Positive
Support PC Portable,Produit correct pour le prix.,3,Neutral
Support PC Portable,Excellent rapport qualité-prix.,4,Positive
Ecran 4K 27 pouces,Un peu déçu par la finition mais ça fonctionne.,3,Neutral
Tapis de Souris XXL,Très simple à installer.,5,Positive
Enceinte Connectée,Fonctionne parfaitement bien.,5,Positive
Cable USB-C Charge Rapide,Vraiment ravi de mon achat.,5,Positive
Enceinte Connectée,En panne après deux jours d'utilisation.,2,Negative
Tapis de Souris XXL,La qualité est au rendez-vous.,5,Positive
Ecran 4K 27 pouces,Fonctionne parfaitement bien.,4,Positive
Ecran 4K 27 pouces,Plastique de mauvaise qualité.,1,Negative
Ecran 4K 27 pouces,La qualité est médiocre.,2,Negative
Ecouteurs Bluetooth,"Super produit, rien à dire.",4,Positive
Support PC Portable,Produit correct pour le prix.,3,Neutral
Support PC Portable,Design élégant et robuste.,5,Positive
Webcam HD 1080p,La qualité est médiocre.,2,Negative
Enceinte Connectée,Les performances sont impressionnantes.,4,Positive
Souris Sans Fil,Design élégant et robuste.,5,Positive
Enceinte Connectée,Excellent rapport qualité-prix.,5,Positive
Souris Sans Fil,Très simple à installer.,4,Positive
Support PC Portable,C'est un excellent produit !,4,Positive
Ecran 4K 27 pouces,Expédition rapide et soignée.,4,Positive
Tapis de Souris XXL,"Pas mal du tout, malgré quelques petits défauts.",3,Neutral
Souris Sans Fil,Je recommande vivement cet article.,4,Positive
Support PC Portable,En panne après deux jours d'utilisation.,2,Negative
Souris Sans Fil,Excellent rapport qualité-prix.,4,Positive
Tapis de Souris XXL,Je recommande vivement cet article.,5,Positive
Support PC Portable,Les performances sont impressionnantes.,4,Positive
Ecran 4K 27 pouces,Plastique de mauvaise qualité.,2,Negative
Enceinte Connectée,Fonctionne parfaitement bien.,5,Positive
Souris Sans Fil,"C'est une arnaque, passez votre chemin.",1,Negative
Clavier Gamer RGB,La qualité est au rendez-vous.,5,Positive
Enceinte Connectée,Design élégant et robuste.,5,Positive
Cable USB-C Charge Rapide,Excellent rapport qualité-prix.,4,Positive
Ecouteurs Bluetooth,Produit correct pour le prix.,3,Neutral
Ecran 4K 27 pouces,Ne fonctionne pas du tout.,2,Negative
Support PC Portable,"Pas mal du tout, malgré quelques petits défauts.",3,Neutral
Tapis de Souris XXL,Expédition rapide et soignée.,5,Positive
Clavier Gamer RGB,"Super produit, rien à dire.",5,Positive
Webcam HD 1080p,Je recommande vivement cet article.,4,Positive
Tapis de Souris XXL,Design élégant et robuste.,5,Positive
Ecouteurs Bluetooth,Design élégant et robuste.,5,Positive
Souris Sans Fil,Une perte de temps et d'argent.,2,Negative
Webcam HD 1080p,Vraiment ravi de mon achat.,4,Positive
Souris Sans Fil,Expédition rapide et soignée.,5,Positive
Cable USB-C Charge Rapide,"Arrivé dans les temps, emballage sommaire.",3,Neutral
Cable USB-C Charge Rapide,"Arrivé cassé, inadmissible.",2,Negative
Enceinte Connectée,La qualité est médiocre.,2,Negative
Souris Sans Fil,Plastique de mauvaise qualité.,1,Negative
Cable USB-C Charge Rapide,Plastique de mauvaise qualité.,1,Negative
Souris Sans Fil,Vraiment ravi de mon achat.,4,Positive
Support PC Portable,Excellent rapport qualité-prix.,4,Positive
Enceinte Connectée,Fait le job mais sans plus.,3,Neutral
Ecouteurs Bluetooth,Vraiment ravi de mon achat.,4,Positive
Casque Audio Noise Cancelling,Je recommande vivement cet article.,4,Positive
Support PC Portable,Correct sans être exceptionnel.,3,Neutral
Enceinte Connectée,Très déçu par cet achat.,1,Negative
Tapis de Souris XXL,"C'est une arnaque, passez votre chemin.",2,Negative
Support PC Portable,Le SAV est inexistant.,2,Negative
Support PC Portable,Les performances sont impressionnantes.,4,Positive
Webcam HD 1080p,Très simple à installer.,5,Positive
Enceinte Connectée,Design élégant et robuste.,5,Positive
Enceinte Connectée,Design élégant et robuste.,4,Positive
Cable USB-C Charge Rapide,La qualité est au rendez-vous.,5,Positive
Cable USB-C Charge Rapide,Expédition rapide et soignée.,4,Positive
Cable USB-C Charge Rapide,Design élégant et robuste.,4,Positive
Support PC Portable,Je recommande vivement cet article.,5,Positive
Webcam HD 1080p,Très simple à installer.,4,Positive
Tapis de Souris XXL,Excellent rapport qualité-prix.,5,Positive
Ecran 4K 27 pouces,Excellent rapport qualité-prix.,5,Positive
Ecran 4K 27 pouces,"Super produit, rien à dire.",5,Positive
Ecran 4K 27 pouces,Je recommande vivement cet article.,5,Positive
Enceinte Connectée,Plastique de mauvaise qualité.,2,Negative
Ecouteurs Bluetooth,Vraiment ravi de mon achat.,5,Positive
Support PC Portable,"Pas mal du tout, malgré quelques petits défauts.",3,Neutral
Webcam HD 1080p,C'est un excellent produit !,5,Positive
Souris Sans Fil,La qualité est au rendez-vous.,4,Positive
Ecouteurs Bluetooth,Design élégant et robuste.,4,Positive
Clavier Gamer RGB,C'est un excellent produit !,4,Positive
Support PC Portable,Je recommande vivement cet article.,5,Positive
Support PC Portable,Très déçu par cet achat.,2,Negative
Tapis de Souris XXL,C'est un excellent produit !,4,Positive
Cable USB-C Charge Rapide,Fait le job mais sans plus.,3,Neutral
Enceinte Connectée,Je recommande vivement cet article.,4,Positive
Casque Audio Noise Cancelling,Plastique de mauvaise qualité.,1,Negative
Casque Audio Noise Cancelling,"Conforme à la description, mais l'usage est limité.",3,Neutral
Ecran 4K 27 pouces,Produit correct pour le prix.,3,Neutral
Ecran 4K 27 pouces,Très simple à installer.,4,Positive
Ecran 4K 27 pouces,Expédition rapide et soignée.,5,Positive
Souris Sans Fil,Produit correct pour le prix.,3,Neutral
Enceinte Connectée,Design élégant et robuste.,5,Positive
Cable USB-C Charge Rapide,"Super produit, rien à dire.",4,Positive
Ecran 4K 27 pouces,Une perte de temps et d'argent.,1,Negative
Tapis de Souris XXL,Les performances sont impressionnantes.,5,Positive
Ecouteurs Bluetooth,C'est un excellent produit !,4,Positive
Clavier Gamer RGB,Les performances sont impressionnantes.,5,Positive
Souris Sans Fil,Fonctionne parfaitement bien.,4,Positive
Souris Sans Fil,"Super produit, rien à dire.",5,Positive
Clavier Gamer RGB,Très simple à installer.,4,Positive
Ecouteurs Bluetooth,Expédition rapide et soignée.,4,Positive
Enceinte Connectée,"Moyen, j'attendais un peu mieux.",3,Neutral
Support PC Portable,Produit correct pour le prix.,3,Neutral
Casque Audio Noise Cancelling,Je recommande vivement cet article.,4,Positive
Clavier Gamer RGB,Très simple à installer.,5,Positive
Cable USB-C Charge Rapide,Fonctionne parfaitement bien.,5,Positive
Webcam HD 1080p,Expédition rapide et soignée.,5,Positive
Support PC Portable,Vraiment ravi de mon achat.,4,Positive
Enceinte Connectée,Je recommande vivement cet article.,5,Positive
Enceinte Connectée,"Super produit, rien à dire.",4,Positive
Enceinte Connectée,C'est un excellent produit !,4,Positive
Webcam HD 1080p,En panne après deux jours d'utilisation.,1,Negative
Ecouteurs Bluetooth,"Arrivé dans les temps, emballage sommaire.",3,Neutral
Ecran 4K 27 pouces,Très simple à installer.,5,Positive
Souris Sans Fil,"Moyen, j'attendais un peu mieux.",3,Neutral
Casque Audio Noise Cancelling,Fait le job mais sans plus.,3,Neutral
Ecouteurs Bluetooth,C'est un excellent produit !,4,Positive
Souris Sans Fil,Fonctionne parfaitement bien.,4,Positive
Ecouteurs Bluetooth,C'est un excellent produit !,4,Positive
Webcam HD 1080p,"Arrivé dans les temps, emballage sommaire.",3,Neutral
Support PC Portable,C'est un excellent produit !,5,Positive
Tapis de Souris XXL,C'est un excellent produit !,4,Positive
Ecran 4K 27 pouces,Fait le job mais sans plus.,3,Neutral
Support PC Portable,En panne après deux jours d'utilisation.,1,Negative
Enceinte Connectée,"Arrivé dans les temps, emballage sommaire.",3,Neutral
Tapis de Souris XXL,Produit correct pour le prix.,3,Neutral
Webcam HD 1080p,Vraiment ravi de mon achat.,4,Positive
Cable USB-C Charge Rapide,Très simple à installer.,4,Positive
Ecouteurs Bluetooth,Très simple à installer.,4,Positive
Casque Audio Noise Cancelling,Les performances sont impressionnantes.,4,Positive
Souris Sans Fil,Vraiment ravi de mon achat.,5,Positive
Webcam HD 1080p,"Super produit, rien à dire.",5,Positive
Casque Audio Noise Cancelling,La qualité est médiocre.,1,Negative
Enceinte Connectée,"Super produit, rien à dire.",5,Positive
Souris Sans Fil,Expédition rapide et soignée.,5,Positive
Tapis de Souris XXL,Expédition rapide et soignée.,5,Positive
Casque Audio Noise Cancelling,"Arrivé dans les temps, emballage sommaire.",3,Neutral
Tapis de Souris XXL,Un peu déçu par la finition mais ça fonctionne.,3,Neutral
Casque Audio Noise Cancelling,"Pas mal du tout, malgré quelques petits défauts.",3,Neutral
Tapis de Souris XXL,Une perte de temps et d'argent.,2,Negative
Clavier Gamer RGB,"Pas mal du tout, malgré quelques petits défauts.",3,Neutral
Webcam HD 1080p,Je recommande vivement cet article.,4,Positive
Clavier Gamer RGB,Fonctionne parfaitement bien.,4,Positive
Tapis de Souris XXL,Très simple à installer.,5,Positive
Enceinte Connectée,Vraiment ravi de mon achat.,4,Positive
Clavier Gamer RGB,La qualité est au rendez-vous.,4,Positive
Cable USB-C Charge Rapide,Fonctionne parfaitement bien.,4,Positive
Cable USB-C Charge Rapide,"Arrivé cassé, inadmissible.",1,Negative
Casque Audio Noise Cancelling,Vraiment ravi de mon achat.,4,Positive
Tapis de Souris XXL,Correct sans être exceptionnel.,3,Neutral
Support PC Portable,"Arrivé cassé, inadmissible.",1,Negative
Cable USB-C Charge Rapide,Vraiment ravi de mon achat.,5,Positive
Clavier Gamer RGB,En panne après deux jours d'utilisation.,2,Negative
Casque Audio Noise Cancelling,Fonctionne parfaitement bien.,4,Positive
Webcam HD 1080p,Très déçu par cet achat.,2,Negative
Cable USB-C Charge Rapide,Très simple à installer.,5,Positive
Webcam HD 1080p,La qualité est au rendez-vous.,4,Positive
Clavier Gamer RGB,"Arrivé dans les temps, emballage sommaire.",3,Neutral
Support PC Portable,Fait le job mais sans plus.,3,Neutral
Ecran 4K 27 pouces,La qualité est au rendez-vous.,5,Positive
Souris Sans Fil,Les performances sont impressionnantes.,5,Positive
Clavier Gamer RGB,Vraiment ravi de mon achat.,5,Positive
Casque Audio Noise Cancelling,La qualité est au rendez-vous.,4,Positive
Support PC Portable,Excellent rapport qualité-prix.,5,Positive
Webcam HD 1080p,Fonctionne parfaitement bien.,4,Positive
Ecouteurs Bluetooth,Expédition rapide et soignée.,5,Positive
Webcam HD 1080p,Excellent rapport qualité-prix.,5,Positive
Tapis de Souris XXL,Expédition rapide et soignée.,5,Positive
Webcam HD 1080p,"Pas mal du tout, malgré quelques petits défauts.",3,Neutral
Souris Sans Fil,"Arrivé cassé, inadmissible.",2,Negative
Souris Sans Fil,Fonctionne parfaitement bien.,4,Positive
Tapis de Souris XXL,Vraiment ravi de mon achat.,4,Positive
Clavier Gamer RGB,Je recommande vivement cet article.,4,Positive
Clavier Gamer RGB,Je recommande vivement cet article.,4,Positive
Support PC Portable,Fonctionne parfaitement bien.,5,Positive
Enceinte Connectée,Très simple à installer.,5,Positive
Support PC Portable,Correct sans être exceptionnel.,3,Neutral
Clavier Gamer RGB,Je recommande vivement cet article.,4,Positive
Souris Sans Fil,Les performances sont impressionnantes.,4,Positive
Cable USB-C Charge Rapide,Vraiment ravi de mon achat.,4,Positive
Casque Audio Noise Cancelling,"Moyen, j'attendais un peu mieux.",3,Neutral
Ecouteurs Bluetooth,Fonctionne parfaitement bien.,5,Positive
Casque Audio Noise Cancelling,Expédition rapide et soignée.,4,Positive
Support PC Portable,La qualité est médiocre.,1,Negative
Ecran 4K 27 pouces,Très simple à installer.,5,Positive
Clavier Gamer RGB,Expédition rapide et soignée.,5,Positive
Support PC Portable,C'est un excellent produit !,4,Positive
Tapis de Souris XXL,"Moyen, j'attendais un peu mieux.",3,Neutral
Cable USB-C Charge Rapide,C'est un excellent produit !,5,Positive
Cable USB-C Charge Rapide,Le SAV est inexistant.,1,Negative
Cable USB-C Charge Rapide,Excellent rapport qualité-prix.,5,Positive
Souris Sans Fil,Très simple à installer.,5,Positive
Webcam HD 1080p,Une perte de temps et d'argent.,1,Negative
Ecran 4K 27 pouces,Je recommande vivement cet article.,5,Positive
Webcam HD 1080p,Fonctionne parfaitement bien.,4,Positive
Souris Sans Fil,La qualité est au rendez-vous.,4,Positive
Cable USB-C Charge Rapide,Correct sans être exceptionnel.,3,Neutral
Casque Audio Noise Cancelling,"Arrivé cassé, inadmissible.",1,Negative
Souris Sans Fil,La qualité est au rendez-vous.,4,Positive
Tapis de Souris XXL,Très déçu par cet achat.,1,Negative
Tapis de Souris XXL,Une perte de temps et d'argent.,2,Negative
Cable USB-C Charge Rapide,La qualité est au rendez-vous.,5,Positive
Ecran 4K 27 pouces,C'est un excellent produit !,4,Positive
Webcam HD 1080p,Un peu déçu par la finition mais ça fonctionne.,3,Neutral
Webcam HD 1080p,Expédition rapide et soignée.,4,Positive
Ecouteurs Bluetooth,"Conforme à la description, mais l'usage est limité.",3,Neutral
Souris Sans Fil,"Super produit, rien à dire.",5,Positive
Tapis de Souris XXL,Design élégant et robuste.,5,Positive
Support PC Portable,Fonctionne parfaitement bien.,4,Positive
Clavier Gamer RGB,Je recommande vivement cet article.,4,Positive
Casque Audio Noise Cancelling,Fonctionne parfaitement bien.,4,Positive
Ecouteurs Bluetooth,Les performances sont impressionnantes.,5,Positive
Support PC Portable,"Conforme à la description, mais l'usage est limité.",3,Neutral
Ecran 4K 27 pouces,Les performances sont impressionnantes.,4,Positive
Casque Audio Noise Cancelling,"Arrivé dans les temps, emballage sommaire.",3,Neutral
Webcam HD 1080p,Le SAV est inexistant.,1,Negative
Ecouteurs Bluetooth,Fonctionne parfaitement bien.,4,Positive
Enceinte Connectée,Très simple à installer.,4,Positive
Casque Audio Noise Cancelling,Fonctionne parfaitement bien.,4,Positive
Cable USB-C Charge Rapide,Je recommande vivement cet article.,5,Positive
Support PC Portable,Les performances sont impressionnantes.,5,Positive
Clavier Gamer RGB,Correct sans être exceptionnel.,3,Neutral
Support PC Portable,Ne fonctionne pas du tout.,2,Negative
Enceinte Connectée,Excellent rapport qualité-prix.,4,Positive
Casque Audio Noise Cancelling,La qualité est au rendez-vous.,4,Positive
Support PC Portable,Design élégant et robuste.,4,Positive
Ecouteurs Bluetooth,Vraiment ravi de mon achat.,4,Positive
Ecouteurs Bluetooth,"Super produit, rien à dire.",5,Positive
Tapis de Souris XXL,Très simple à installer.,5,Positive
Webcam HD 1080p,Le SAV est inexistant.,2,Negative
Casque Audio Noise Cancelling,Expédition rapide et soignée.,4,Positive
Webcam HD 1080p,La qualité est médiocre.,1,Negative
Souris Sans Fil,Excellent rapport qualité-prix.,4,Positive
Cable USB-C Charge Rapide,Je recommande vivement cet article.,5,Positive
Souris Sans Fil,Fonctionne parfaitement bien.,4,Positive
Clavier Gamer RGB,"Pas mal du tout, malgré quelques petits défauts.",3,Neutral
Clavier Gamer RGB,Très simple à installer.,5,Positive
Clavier Gamer RGB,"Conforme à la description, mais l'usage est limité.",3,Neutral
Ecran 4K 27 pouces,Design élégant et robuste.,5,Positive
Casque Audio Noise Cancelling,Fonctionne parfaitement bien.,4,Positive
Enceinte Connectée,C'est un excellent produit !,4,Positive
Souris Sans Fil,C'est un excellent produit !,5,Positive
Souris Sans Fil,En panne après deux jours d'utilisation.,2,Negative
Ecouteurs Bluetooth,La qualité est au rendez-vous.,5,Positive
Souris Sans Fil,Correct sans être exceptionnel.,3,Neutral
Support PC Portable,"Moyen, j'attendais un peu mieux.",3,Neutral
Clavier Gamer RGB,Expédition rapide et soignée.,5,Positive
Tapis de Souris XXL,Une perte de temps et d'argent.,1,Negative
Enceinte Connectée,La qualité est au rendez-vous.,5,Positive
Ecouteurs Bluetooth,"Pas mal du tout, malgré quelques petits défauts.",3,Neutral
Tapis de Souris XXL,Fonctionne parfaitement bien.,4,Positive
Webcam HD 1080p,Design élégant et robuste.,4,Positive
Webcam HD 1080p,Une perte de temps et d'argent.,2,Negative
Webcam HD 1080p,Le SAV est inexistant.,2,Negative
Webcam HD 1080p,La qualité est médiocre.,2,Negative
Webcam HD 1080p,Design élégant et robuste.,5,Positive
Souris Sans Fil,Je ne recommande pas ce produit.,1,Negative
Ecran 4K 27 pouces,Design élégant et robuste.,4,Positive
Ecouteurs Bluetooth,Un peu déçu par la finition mais ça fonctionne.,3,Neutral
Webcam HD 1080p,Très déçu par cet achat.,2,Negative
Tapis de Souris XXL,C'est un excellent produit !,4,Positive
Ecran 4K 27 pouces,"Pas mal du tout, malgré quelques petits défauts.",3,Neutral
Ecouteurs Bluetooth,C'est un excellent produit !,5,Positive
Ecouteurs Bluetooth,"Moyen, j'attendais un peu mieux.",3,Neutral
Casque Audio Noise Cancelling,Produit correct pour le prix.,3,Neutral
Souris Sans Fil,"Super produit, rien à dire.",5,Positive
Support PC Portable,La qualité est médiocre.,1,Negative
Support PC Portable,Très simple à installer.,5,Positive
Tapis de Souris XXL,C'est un excellent produit !,5,Positive
Enceinte Connectée,Très simple à installer.,5,Positive
Enceinte Connectée,Expédition rapide et soignée.,5,Positive
Ecouteurs Bluetooth,Très déçu par cet achat.,2,Negative
Tapis de Souris XXL,"Arrivé cassé, inadmissible.",1,Negative
Webcam HD 1080p,Je recommande vivement cet article.,4,Positive
Tapis de Souris XXL,"Pas mal du tout, malgré quelques petits défauts.",3,Neutral
Casque Audio Noise Cancelling,Expédition rapide et soignée.,4,Positive
Support PC Portable,Plastique de mauvaise qualité.,2,Negative
Enceinte Connectée,Expédition rapide et soignée.,4,Positive
Clavier Gamer RGB,Fait le job mais sans plus.,3,Neutral
Support PC Portable,Très simple à installer.,5,Positive
Souris Sans Fil,Très simple à installer.,5,Positive
Cable USB-C Charge Rapide,Correct sans être exceptionnel.,3,Neutral
Ecouteurs Bluetooth,Plastique de mauvaise qualité.,1,Negative
Clavier Gamer RGB,C'est un excellent produit !,4,Positive
Cable USB-C Charge Rapide,En panne après deux jours d'utilisation.,1,Negative
Support PC Portable,Le SAV est inexistant.,1,Negative
Cable USB-C Charge Rapide,"Super produit, rien à dire.",5,Positive
Ecran 4K 27 pouces,Je recommande vivement cet article.,4,Positive
Cable USB-C Charge Rapide,"Super produit, rien à dire.",5,Positive
Ecouteurs Bluetooth,Je recommande vivement cet article.,4,Positive
Ecouteurs Bluetooth,Fonctionne parfaitement bien.,4,Positive
Enceinte Connectée,Je recommande vivement cet article.,5,Positive
Souris Sans Fil,"Arrivé cassé, inadmissible.",2,Negative
Ecran 4K 27 pouces,Les performances sont impressionnantes.,5,Positive
Tapis de Souris XXL,La qualité est au rendez-vous.,4,Positive
Clavier Gamer RGB,Vraiment ravi de mon achat.,4,Positive
Casque Audio Noise Cancelling,Excellent rapport qualité-prix.,5,Positive
Souris Sans Fil,"Conforme à la description, mais l'usage est limité.",3,Neutral
Webcam HD 1080p,Fonctionne parfaitement bien.,5,Positive
Enceinte Connectée,Les performances sont impressionnantes.,5,Positive
Souris Sans Fil,Vraiment ravi de mon achat.,5,Positive
Support PC Portable,Design élégant et robuste.,5,Positive
Ecran 4K 27 pouces,"Arrivé cassé, inadmissible.",1,Negative
Cable USB-C Charge Rapide,La qualité est médiocre.,2,Negative
Tapis de Souris XXL,"Moyen, j'attendais un peu mieux.",3,Neutral
Support PC Portable,Design élégant et robuste.,4,Positive
Ecouteurs Bluetooth,La qualité est au rendez-vous.,5,Positive
Cable USB-C Charge Rapide,Correct sans être exceptionnel.,3,Neutral
Enceinte Connectée,Expédition rapide et soignée.,4,Positive
Enceinte Connectée,"Pas mal du tout, malgré quelques petits défauts.",3,Neutral
Enceinte Connectée,Fonctionne parfaitement bien.,5,Positive
Webcam HD 1080p,Design élégant et robuste.,4,Positive
Casque Audio Noise Cancelling,Les performances sont impressionnantes.,4,Positive
Casque Audio Noise Cancelling,"Arrivé dans les temps, emballage sommaire.",3,Neutral
Webcam HD 1080p,Un peu déçu par la finition mais ça fonctionne.,3,Neutral
Souris Sans Fil,Fait le job mais sans plus.,3,Neutral
Webcam HD 1080p,"Arrivé cassé, inadmissible.",1,Negative
Webcam HD 1080p,Design élégant et robuste.,4,Positive
Souris Sans Fil,Vraiment ravi de mon achat.,5,Positive
Webcam HD 1080p,Expédition rapide et soignée.,5,Positive
Support PC Portable,Produit correct pour le prix.,3,Neutral
Ecouteurs Bluetooth,Les performances sont impressionnantes.,4,Positive
Clavier Gamer RGB,Correct sans être exceptionnel.,3,Neutral
Support PC Portable,Les performances sont impressionnantes.,5,Positive
Webcam HD 1080p,"Super produit, rien à dire.",4,Positive
Tapis de Souris XXL,Excellent rapport qualité-prix.,5,Positive
Tapis de Souris XXL,"Arrivé cassé, inadmissible.",1,Negative
Enceinte Connectée,Je recommande vivement cet article.,4,Positive
Clavier Gamer RGB,C'est un excellent produit !,4,Positive
Enceinte Connectée,Ne fonctionne pas du tout.,2,Negative
Cable USB-C Charge Rapide,Une perte de temps et d'argent.,1,Negative
Webcam HD 1080p,Excellent rapport qualité-prix.,5,Positive
Casque Audio Noise Cancelling,"Super produit, rien à dire.",4,Positive
Souris Sans Fil,Très simple à installer.,4,Positive
Casque Audio Noise Cancelling,Une perte de temps et d'argent.,2,Negative
Souris Sans Fil,La qualité est au rendez-vous.,4,Positive
Clavier Gamer RGB,La qualité est au rendez-vous.,4,Positive
Support PC Portable,Correct sans être exceptionnel.,3,Neutral
Ecouteurs Bluetooth,Design élégant et robuste.,5,Positive
Webcam HD 1080p,"C'est une arnaque, passez votre chemin.",1,Negative
Enceinte Connectée,Excellent rapport qualité-prix.,5,Positive
Tapis de Souris XXL,Les performances sont impressionnantes.,5,Positive
Clavier Gamer RGB,Très simple à installer.,4,Positive
Cable USB-C Charge Rapide,C'est un excellent produit !,5,Positive
Clavier Gamer RGB,Vraiment ravi de mon achat.,5,Positive
Webcam HD 1080p,La qualité est au rendez-vous.,4,Positive
Enceinte Connectée,"C'est une arnaque, passez votre chemin.",2,Negative
Enceinte Connectée,Fonctionne parfaitement bien.,4,Positive
Support PC Portable,Fait le job mais sans plus.,3,Neutral
Enceinte Connectée,"Pas mal du tout, malgré quelques petits défauts.",3,Neutral
Webcam HD 1080p,Très simple à installer.,5,Positive
Clavier Gamer RGB,Les performances sont impressionnantes.,5,Positive
Tapis de Souris XXL,Je recommande vivement cet article.,5,Positive
Souris Sans Fil,Les performances sont impressionnantes.,5,Positive
Cable USB-C Charge Rapide,Les performances sont impressionnantes.,5,Positive
Souris Sans Fil,Les performances sont impressionnantes.,5,Positive
Clavier Gamer RGB,La qualité est au rendez-vous.,4,Positive
Enceinte Connectée,Je recommande vivement cet article.,5,Positive
Souris Sans Fil,"Pas mal du tout, malgré quelques petits défauts.",3,Neutral
Cable USB-C Charge Rapide,Les performances sont impressionnantes.,4,Positive
Souris Sans Fil,"C'est une arnaque, passez votre chemin.",1,Negative
Tapis de Souris XXL,Plastique de mauvaise qualité.,2,Negative
Support PC Portable,Expédition rapide et soignée.,4,Positive
Ecouteurs Bluetooth,"C'est une arnaque, passez votre chemin.",1,Negative
Casque Audio Noise Cancelling,Un peu déçu par la finition mais ça fonctionne.,3,Neutral
Support PC Portable,Correct sans être exceptionnel.,3,Neutral
Ecran 4K 27 pouces,C'est un excellent produit !,5,Positive
Cable USB-C Charge Rapide,Fait le job mais sans plus.,3,Neutral
Clavier Gamer RGB,Design élégant et robuste.,5,Positive
Cable USB-C Charge Rapide,Excellent rapport qualité-prix.,4,Positive
Casque Audio Noise Cancelling,Très simple à installer.,4,Positive
Casque Audio Noise Cancelling,Excellent rapport qualité-prix.,5,Positive
Tapis de Souris XXL,Ne fonctionne pas du tout.,1,Negative
Enceinte Connectée,"Arrivé dans les temps, emballage sommaire.",3,Neutral
Webcam HD 1080p,En panne après deux jours d'utilisation.,2,Negative
Cable USB-C Charge Rapide,Je recommande vivement cet article.,4,Positive
Webcam HD 1080p,"Super produit, rien à dire.",4,Positive
Webcam HD 1080p,"Moyen, j'attendais un peu mieux.",3,Neutral
Souris Sans Fil,"Super produit, rien à dire.",4,Positive
Clavier Gamer RGB,Une perte de temps et d'argent.,1,Negative
Ecouteurs Bluetooth,Expédition rapide et soignée.,5,Positive
Ecran 4K 27 pouces,"Pas mal du tout, malgré quelques petits défauts.",3,Neutral
Ecran 4K 27 pouces,C'est un excellent produit !,4,Positive
Webcam HD 1080p,Un peu déçu par la finition mais ça fonctionne.,3,Neutral
Webcam HD 1080p,Fait le job mais sans plus.,3,Neutral
Ecouteurs Bluetooth,Une perte de temps et d'argent.,1,Negative
Webcam HD 1080p,Ne fonctionne pas du tout.,1,Negative
Souris Sans Fil,"Super produit, rien à dire.",5,Positive
Ecouteurs Bluetooth,"Pas mal du tout, malgré quelques petits défauts.",3,Neutral
Casque Audio Noise Cancelling,"Moyen, j'attendais un peu mieux.",3,Neutral
Cable USB-C Charge Rapide,Je recommande vivement cet article.,4,Positive
Clavier Gamer RGB,C'est un excellent produit !,5,Positive
Cable USB-C Charge Rapide,La qualité est médiocre.,2,Negative
Support PC Portable,Les performances sont impressionnantes.,4,Positive
Casque Audio Noise Cancelling,Vraiment ravi de mon achat.,5,Positive
Souris Sans Fil,Fonctionne parfaitement bien.,5,Positive
Webcam HD 1080p,"Conforme à la description, mais l'usage est limité.",3,Neutral
Cable USB-C Charge Rapide,Vraiment ravi de mon achat.,4,Positive
Webcam HD 1080p,"Conforme à la description, mais l'usage est limité.",3,Neutral
Clavier Gamer RGB,Très déçu par cet achat.,1,Negative
Clavier Gamer RGB,"Pas mal du tout, malgré quelques petits défauts.",3,Neutral
Souris Sans Fil,"Arrivé dans les temps, emballage sommaire.",3,Neutral
Webcam HD 1080p,Design élégant et robuste.,5,Positive
Casque Audio Noise Cancelling,Très simple à installer.,4,Positive
Ecran 4K 27 pouces,Vraiment ravi de mon achat.,5,Positive
Webcam HD 1080p,Expédition rapide et soignée.,5,Positive
Cable USB-C Charge Rapide,Expédition rapide et soignée.,4,Positive
Enceinte Connectée,Ne fonctionne pas du tout.,2,Negative
Support PC Portable,"Pas mal du tout, malgré quelques petits défauts.",3,Neutral
Ecran 4K 27 pouces,Excellent rapport qualité-prix.,4,Positive
Ecran 4K 27 pouces,Vraiment ravi de mon achat.,5,Positive
Tapis de Souris XXL,Fonctionne parfaitement bien.,5,Positive
Souris Sans Fil,Les performances sont impressionnantes.,4,Positive
Ecran 4K 27 pouces,Très simple à installer.,4,Positive
Cable USB-C Charge Rapide,C'est un excellent produit !,5,Positive
Clavier Gamer RGB,C'est un excellent produit !,5,Positive
Casque Audio Noise Cancelling,"Super produit, rien à dire.",5,Positive
Enceinte Connectée,Vraiment ravi de mon achat.,4,Positive
Clavier Gamer RGB,"Conforme à la description, mais l'usage est limité.",3,Neutral
Clavier Gamer RGB,Fonctionne parfaitement bien.,4,Positive
Souris Sans Fil,Je recommande vivement cet article.,4,Positive
Ecouteurs Bluetooth,Les performances sont impressionnantes.,4,Positive
Ecouteurs Bluetooth,Ne fonctionne pas du tout.,1,Negative
Support PC Portable,Vraiment ravi de mon achat.,4,Positive
Ecran 4K 27 pouces,Expédition rapide et soignée.,5,Positive
Ecouteurs Bluetooth,En panne après deux jours d'utilisation.,1,Negative
Ecran 4K 27 pouces,Correct sans être exceptionnel.,3,Neutral
Tapis de Souris XXL,La qualité est au rendez-vous.,5,Positive
Casque Audio Noise Cancelling,Très simple à installer.,5,Positive
Souris Sans Fil,La qualité est au rendez-vous.,4,Positive
Ecouteurs Bluetooth,"Arrivé dans les temps, emballage sommaire.",3,Neutral
Souris Sans Fil,Vraiment ravi de mon achat.,5,Positive
Clavier Gamer RGB,"Super produit, rien à dire.",4,Positive
Webcam HD 1080p,"C'est une arnaque, passez votre chemin.",2,Negative
Souris Sans Fil,Très simple à installer.,5,Positive
Support PC Portable,Les performances sont impressionnantes.,4,Positive
Clavier Gamer RGB,Les performances sont impressionnantes.,5,Positive
Ecouteurs Bluetooth,"Pas mal du tout, malgré quelques petits défauts.",3,Neutral
Tapis de Souris XXL,Fonctionne parfaitement bien.,4,Positive
Ecouteurs Bluetooth,"Arrivé cassé, inadmissible.",1,Negative
Tapis de Souris XXL,"C'est une arnaque, passez votre chemin.",1,Negative
Ecran 4K 27 pouces,Vraiment ravi de mon achat.,4,Positive
Souris Sans Fil,"Conforme à la description, mais l'usage est limité.",3,Neutral
Support PC Portable,C'est un excellent produit !,4,Positive
Tapis de Souris XXL,Je recommande vivement cet article.,5,Positive
Tapis de Souris XXL,"Conforme à la description, mais l'usage est limité.",3,Neutral
Clavier Gamer RGB,Très simple à installer.,4,Positive
Souris Sans Fil,Design élégant et robuste.,4,Positive
Enceinte Connectée,Design élégant et robuste.,4,Positive
Webcam HD 1080p,Fonctionne parfaitement bien.,5,Positive
Tapis de Souris XXL,Expédition rapide et soignée.,4,Positive
Ecran 4K 27 pouces,Fonctionne parfaitement bien.,5,Positive
Casque Audio Noise Cancelling,"C'est une arnaque, passez votre chemin.",1,Negative
Webcam HD 1080p,La qualité est au rendez-vous.,5,Positive
Ecran 4K 27 pouces,La qualité est médiocre.,2,Negative
Casque Audio Noise Cancelling,Fonctionne parfaitement bien.,5,Positive
Tapis de Souris XXL,En panne après deux jours d'utilisation.,1,Negative
Souris Sans Fil,Je recommande vivement cet article.,4,Positive
Souris Sans Fil,Design élégant et robuste.,5,Positive
Casque Audio Noise Cancelling,Fonctionne parfaitement bien.,5,Positive
Cable USB-C Charge Rapide,Correct sans être exceptionnel.,3,Neutral
Webcam HD 1080p,Ne fonctionne pas du tout.,1,Negative
Casque Audio Noise Cancelling,Plastique de mauvaise qualité.,2,Negative
Webcam HD 1080p,Je recommande vivement cet article.,5,Positive
Clavier Gamer RGB,Un peu déçu par la finition mais ça fonctionne.,3,Neutral
Ecran 4K 27 pouces,Les performances sont impressionnantes.,4,Positive
Souris Sans Fil,Une perte de temps et d'argent.,1,Negative
Clavier Gamer RGB,Très simple à installer.,5,Positive
Clavier Gamer RGB,Design élégant et robuste.,5,Positive
Ecouteurs Bluetooth,Vraiment ravi de mon achat.,4,Positive
Enceinte Connectée,"Arrivé dans les temps, emballage sommaire.",3,Neutral
Ecran 4K 27 pouces,Fonctionne parfaitement bien.,5,Positive
Ecouteurs Bluetooth,La qualité est au rendez-vous.,5,Positive
Support PC Portable,"C'est une arnaque, passez votre chemin.",1,Negative
Support PC Portable,"Arrivé dans les temps, emballage sommaire.",3,Neutral
Souris Sans Fil,"Moyen, j'attendais un peu mieux.",3,Neutral
Support PC Portable,Produit correct pour le prix.,3,Neutral
Ecouteurs Bluetooth,Très simple à installer.,5,Positive
Clavier Gamer RGB,Les performances sont impressionnantes.,5,Positive
Enceinte Connectée,"Super produit, rien à dire.",4,Positive
Ecouteurs Bluetooth,"Moyen, j'attendais un peu mieux.",3,Neutral
Clavier Gamer RGB,C'est un excellent produit !,5,Positive
Ecouteurs Bluetooth,Les performances sont impressionnantes.,5,Positive
Clavier Gamer RGB,"Super produit, rien à dire.",4,Positive
Enceinte Connectée,Un peu déçu par la finition mais ça fonctionne.,3,Neutral
Souris Sans Fil,Le SAV est inexistant.,1,Negative
Ecouteurs Bluetooth,Un peu déçu par la finition mais ça fonctionne.,3,Neutral
Ecran 4K 27 pouces,Très simple à installer.,5,Positive
Casque Audio Noise Cancelling,Expédition rapide et soignée.,4,Positive
Tapis de Souris XXL,Design élégant et robuste.,4,Positive
Enceinte Connectée,"Pas mal du tout, malgré quelques petits défauts.",3,Neutral
Support PC Portable,Fait le job mais sans plus.,3,Neutral
Ecran 4K 27 pouces,Ne fonctionne pas du tout.,2,Negative
Ecouteurs Bluetooth,Je recommande vivement cet article.,4,Positive
Ecouteurs Bluetooth,Vraiment ravi de mon achat.,5,Positive
Souris Sans Fil,Très simple à installer.,4,Positive
Clavier Gamer RGB,Design élégant et robuste.,4,Positive
Tapis de Souris XXL,Je recommande vivement cet article.,4,Positive
Ecran 4K 27 pouces,Très simple à installer.,4,Positive
Tapis de Souris XXL,"Super produit, rien à dire.",5,Positive
Tapis de Souris XXL,Design élégant et robuste.,5,Positive
Cable USB-C Charge Rapide,La qualité est au rendez-vous.,5,Positive
Cable USB-C Charge Rapide,Je recommande vivement cet article.,5,Positive
Clavier Gamer RGB,Design élégant et robuste.,5,Positive
Souris Sans Fil,Correct sans être exceptionnel.,3,Neutral
Enceinte Connectée,"Super produit, rien à dire.",4,Positive
Souris Sans Fil,C'est un excellent produit !,4,Positive
Tapis de Souris XXL,Je recommande vivement cet article.,5,Positive
Tapis de Souris XXL,"Super produit, rien à dire.",4,Positive
Tapis de Souris XXL,En panne après deux jours d'utilisation.,1,Negative
Support PC Portable,Très simple à installer.,4,Positive
Cable USB-C Charge Rapide,Excellent rapport qualité-prix.,4,Positive
Support PC Portable,"Conforme à la description, mais l'usage est limité.",3,Neutral
Tapis de Souris XXL,"Super produit, rien à dire.",5,Positive
Cable USB-C Charge Rapide,Les performances sont impressionnantes.,5,Positive
Souris Sans Fil,"Conforme à la description, mais l'usage est limité.",3,Neutral
Tapis de Souris XXL,"Conforme à la description, mais l'usage est limité.",3,Neutral
Clavier Gamer RGB,Je recommande vivement cet article.,4,Positive
Clavier Gamer RGB,Design élégant et robuste.,4,Positive
Tapis de Souris XXL,Les performances sont impressionnantes.,4,Positive
Ecran 4K 27 pouces,Je recommande vivement cet article.,4,Positive
Ecran 4K 27 pouces,"Super produit, rien à dire.",5,Positive
Ecouteurs Bluetooth,Plastique de mauvaise qualité.,2,Negative
Support PC Portable,"Super produit, rien à dire.",4,Positive
Tapis de Souris XXL,Expédition rapide et soignée.,5,Positive
Casque Audio Noise Cancelling,Expédition rapide et soignée.,5,Positive
Tapis de Souris XXL,Très simple à installer.,5,Positive
Ecouteurs Bluetooth,Excellent rapport qualité-prix.,5,Positive
Support PC Portable,Excellent rapport qualité-prix.,5,Positive
Souris Sans Fil,La qualité est médiocre.,1,Negative
Ecran 4K 27 pouces,Vraiment ravi de mon achat.,5,Positive
Webcam HD 1080p,Fait le job mais sans plus.,3,Neutral
Clavier Gamer RGB,Excellent rapport qualité-prix.,5,Positive
Souris Sans Fil,Fonctionne parfaitement bien.,4,Positive
Souris Sans Fil,Le SAV est inexistant.,2,Negative
Support PC Portable,Les performances sont impressionnantes.,5,Positive
Cable USB-C Charge Rapide,Fonctionne parfaitement bien.,5,Positive
Clavier Gamer RGB,Correct sans être exceptionnel.,3,Neutral
Cable USB-C Charge Rapide,Vraiment ravi de mon achat.,5,Positive
Cable USB-C Charge Rapide,"Super produit, rien à dire.",5,Positive
Ecran 4K 27 pouces,Design élégant et robuste.,5,Positive
Ecouteurs Bluetooth,Les performances sont impressionnantes.,5,Positive
Support PC Portable,"Super produit, rien à dire.",5,Positive
Support PC Portable,En panne après deux jours d'utilisation.,1,Negative
Enceinte Connectée,Produit correct pour le prix.,3,Neutral
Cable USB-C Charge Rapide,La qualité est au rendez-vous.,4,Positive
Tapis de Souris XXL,Expédition rapide et soignée.,4,Positive
Souris Sans Fil,Excellent rapport qualité-prix.,5,Positive
Tapis de Souris XXL,Très simple à installer.,5,Positive
Ecouteurs Bluetooth,Vraiment ravi de mon achat.,4,Positive
Webcam HD 1080p,"Moyen, j'attendais un peu mieux.",3,Neutral
Tapis de Souris XXL,Je ne recommande pas ce produit.,2,Negative
Tapis de Souris XXL,La qualité est au rendez-vous.,5,Positive
Clavier Gamer RGB,Expédition rapide et soignée.,5,Positive
Support PC Portable,Vraiment ravi de mon achat.,4,Positive
Ecran 4K 27 pouces,Fonctionne parfaitement bien.,4,Positive
Enceinte Connectée,Fait le job mais sans plus.,3,Neutral
Casque Audio Noise Cancelling,Vraiment ravi de mon achat.,4,Positive
Souris Sans Fil,En panne après deux jours d'utilisation.,2,Negative
Cable USB-C Charge Rapide,Correct sans être exceptionnel.,3,Neutral
Support PC Portable,La qualité est médiocre.,2,Negative
Cable USB-C Charge Rapide,Fonctionne parfaitement bien.,4,Positive
Souris Sans Fil,Plastique de mauvaise qualité.,1,Negative
Cable USB-C Charge Rapide,Vraiment ravi de mon achat.,4,Positive
Casque Audio Noise Cancelling,Fait le job mais sans plus.,3,Neutral
Ecouteurs Bluetooth,Excellent rapport qualité-prix.,5,Positive
Clavier Gamer RGB,"Super produit, rien à dire.",4,Positive
Enceinte Connectée,Vraiment ravi de mon achat.,5,Positive
Cable USB-C Charge Rapide,"Super produit, rien à dire.",5,Positive
Clavier Gamer RGB,Fait le job mais sans plus.,3,Neutral
Webcam HD 1080p,La qualité est au rendez-vous.,4,Positive
Tapis de Souris XXL,Je recommande vivement cet article.,4,Positive
Webcam HD 1080p,Très simple à installer.,4,Positive
Webcam HD 1080p,Vraiment ravi de mon achat.,4,Positive
Webcam HD 1080p,Un peu déçu par la finition mais ça fonctionne.,3,Neutral
Ecran 4K 27 pouces,Le SAV est inexistant.,1,Negative
Clavier Gamer RGB,Plastique de mauvaise qualité.,1,Negative
Enceinte Connectée,En panne après deux jours d'utilisation.,2,Negative
Webcam HD 1080p,La qualité est au rendez-vous.,4,Positive
Tapis de Souris XXL,Plastique de mauvaise qualité.,2,Negative
Enceinte Connectée,Expédition rapide et soignée.,4,Positive
Ecouteurs Bluetooth,Design élégant et robuste.,4,Positive
Tapis de Souris XXL,Produit correct pour le prix.,3,Neutral
Ecouteurs Bluetooth,Excellent rapport qualité-prix.,4,Positive
Cable USB-C Charge Rapide,"Super produit, rien à dire.",5,Positive
Support PC Portable,Je recommande vivement cet article.,5,Positive
Casque Audio Noise Cancelling,Design élégant et robuste.,4,Positive
Tapis de Souris XXL,"Super produit, rien à dire.",5,Positive
Ecouteurs Bluetooth,Vraiment ravi de mon achat.,4,Positive
Souris Sans Fil,La qualité est au rendez-vous.,4,Positive
Ecouteurs Bluetooth,Expédition rapide et soignée.,4,Positive
Ecran 4K 27 pouces,Vraiment ravi de mon achat.,5,Positive
Ecran 4K 27 pouces,Je ne recommande pas ce produit.,2,Negative
Webcam HD 1080p,Expédition rapide et soignée.,5,Positive
Support PC Portable,"Arrivé dans les temps, emballage sommaire.",3,Neutral
Support PC Portable,Design élégant et robuste.,4,Positive
Ecouteurs Bluetooth,Design élégant et robuste.,5,Positive
Ecran 4K 27 pouces,Correct sans être exceptionnel.,3,Neutral
Clavier Gamer RGB,Vraiment ravi de mon achat.,4,Positive
Support PC Portable,Correct sans être exceptionnel.,3,Neutral
Casque Audio Noise Cancelling,"Moyen, j'attendais un peu mieux.",3,Neutral
Souris Sans Fil,Vraiment ravi de mon achat.,4,Positive
Enceinte Connectée,"Conforme à la description, mais l'usage est limité.",3,Neutral
Ecran 4K 27 pouces,Design élégant et robuste.,5,Positive
Enceinte Connectée,Très simple à installer.,5,Positive
Enceinte Connectée,Excellent rapport qualité-prix.,4,Positive
Ecouteurs Bluetooth,Excellent rapport qualité-prix.,5,Positive
Support PC Portable,La qualité est au rendez-vous.,4,Positive
Enceinte Connectée,"Pas mal du tout, malgré quelques petits défauts.",3,Neutral
Souris Sans Fil,Je recommande vivement cet article.,4,Positive
Casque Audio Noise Cancelling,Les performances sont impressionnantes.,4,Positive
Support PC Portable,"Conforme à la description, mais l'usage est limité.",3,Neutral
Support PC Portable,Très simple à installer.,4,Positive
Clavier Gamer RGB,Les performances sont impressionnantes.,5,Positive
Casque Audio Noise Cancelling,"Moyen, j'attendais un peu mieux.",3,Neutral
Cable USB-C Charge Rapide,Les performances sont impressionnantes.,4,Positive
Clavier Gamer RGB,Expédition rapide et soignée.,5,Positive
Webcam HD 1080p,Excellent rapport qualité-prix.,5,Positive
Ecouteurs Bluetooth,Excellent rapport qualité-prix.,5,Positive
Tapis de Souris XXL,Fonctionne parfaitement bien.,4,Positive
Ecran 4K 27 pouces,Fait le job mais sans plus.,3,Neutral
Ecouteurs Bluetooth,En panne après deux jours d'utilisation.,1,Negative
Souris Sans Fil,C'est un excellent produit !,5,Positive
Support PC Portable,"Arrivé dans les temps, emballage sommaire.",3,Neutral
Webcam HD 1080p,Je recommande vivement cet article.,5,Positive
Clavier Gamer RGB,Produit correct pour le prix.,3,Neutral
Tapis de Souris XXL,Expédition rapide et soignée.,5,Positive
Webcam HD 1080p,Vraiment ravi de mon achat.,5,Positive
Ecran 4K 27 pouces,La qualité est au rendez-vous.,5,Positive
Webcam HD 1080p,Fonctionne parfaitement bien.,5,Positive
Support PC Portable,Fait le job mais sans plus.,3,Neutral
Enceinte Connectée,C'est un excellent produit !,5,Positive
Cable USB-C Charge Rapide,Plastique de mauvaise qualité.,2,Negative
Webcam HD 1080p,Fait le job mais sans plus.,3,Neutral
Webcam HD 1080p,Je recommande vivement cet article.,5,Positive
Ecouteurs Bluetooth,Excellent rapport qualité-prix.,5,Positive
Ecran 4K 27 pouces,"Super produit, rien à dire.",4,Positive
Cable USB-C Charge Rapide,Excellent rapport qualité-prix.,5,Positive
Enceinte Connectée,Excellent rapport qualité-prix.,5,Positive
Cable USB-C Charge Rapide,"Conforme à la description, mais l'usage est limité.",3,Neutral
Enceinte Connectée,"Super produit, rien à dire.",4,Positive
Enceinte Connectée,Plastique de mauvaise qualité.,2,Negative
Support PC Portable,Les performances sont impressionnantes.,5,Positive
Clavier Gamer RGB,Design élégant et robuste.,5,Positive
Souris Sans Fil,Excellent rapport qualité-prix.,5,Positive
Casque Audio Noise Cancelling,"Super produit, rien à dire.",4,Positive
Ecran 4K 27 pouces,Je ne recommande pas ce produit.,2,Negative
Souris Sans Fil,Excellent rapport qualité-prix.,4,Positive
Ecran 4K 27 pouces,C'est un excellent produit !,4,Positive
Ecran 4K 27 pouces,"Pas mal du tout, malgré quelques petits défauts.",3,Neutral
Support PC Portable,Excellent rapport qualité-prix.,5,Positive
Clavier Gamer RGB,La qualité est au rendez-vous.,5,Positive
Clavier Gamer RGB,"Super produit, rien à dire.",5,Positive
Enceinte Connectée,Design élégant et robuste.,4,Positive
Clavier Gamer RGB,Expédition rapide et soignée.,4,Positive
Webcam HD 1080p,Excellent rapport qualité-prix.,4,Positive
Tapis de Souris XXL,Fait le job mais sans plus.,3,Neutral
Casque Audio Noise Cancelling,Plastique de mauvaise qualité.,1,Negative
Ecouteurs Bluetooth,Très simple à installer.,4,Positive
Webcam HD 1080p,"C'est une arnaque, passez votre chemin.",2,Negative
Ecouteurs Bluetooth,Expédition rapide et soignée.,4,Positive
Tapis de Souris XXL,Plastique de mauvaise qualité.,2,Negative
Casque Audio Noise Cancelling,La qualité est au rendez-vous.,4,Positive
Ecran 4K 27 pouces,Une perte de temps et d'argent.,2,Negative
Cable USB-C Charge Rapide,"C'est une arnaque, passez votre chemin.",1,Negative
Enceinte Connectée,Expédition rapide et soignée.,4,Positive
Enceinte Connectée,Je recommande vivement cet article.,4,Positive
Souris Sans Fil,Je recommande vivement cet article.,5,Positive
Clavier Gamer RGB,Produit correct pour le prix.,3,Neutral
Clavier Gamer RGB,Un peu déçu par la finition mais ça fonctionne.,3,Neutral
Cable USB-C Charge Rapide,"Super produit, rien à dire.",5,Positive
Tapis de Souris XXL,Le SAV est inexistant.,1,Negative
Ecran 4K 27 pouces,Très déçu par cet achat.,2,Negative
Casque Audio Noise Cancelling,Je ne recommande pas ce produit.,2,Negative
Ecouteurs Bluetooth,Je ne recommande pas ce produit.,1,Negative
Ecran 4K 27 pouces,"C'est une arnaque, passez votre chemin.",1,Negative
Tapis de Souris XXL,Très déçu par cet achat.,2,Negative
Cable USB-C Charge Rapide,"C'est une arnaque, passez votre chemin.",2,Negative
Casque Audio Noise Cancelling,Une perte de temps et d'argent.,2,Negative
Ecouteurs Bluetooth,Le SAV est inexistant.,2,Negative
Ecouteurs Bluetooth,Design élégant et robuste.,5,Positive
Clavier Gamer RGB,Correct sans être exceptionnel.,3,Neutral
Support PC Portable,Correct sans être exceptionnel.,3,Neutral
Clavier Gamer RGB,Expédition rapide et soignée.,5,Positive
Webcam HD 1080p,Fonctionne parfaitement bien.,4,Positive
Enceinte Connectée,Correct sans être exceptionnel.,3,Neutral
Webcam HD 1080p,"Moyen, j'attendais un peu mieux.",3,Neutral
Support PC Portable,Je recommande vivement cet article.,4,Positive
Souris Sans Fil,"Moyen, j'attendais un peu mieux.",3,Neutral
Cable USB-C Charge Rapide,Expédition rapide et soignée.,5,Positive
Souris Sans Fil,Les performances sont impressionnantes.,5,Positive
Ecran 4K 27 pouces,Très simple à installer.,4,Positive
Webcam HD 1080p,Fait le job mais sans plus.,3,Neutral
Support PC Portable,C'est un excellent produit !,4,Positive
Casque Audio Noise Cancelling,"Pas mal du tout, malgré quelques petits défauts.",3,Neutral
Souris Sans Fil,La qualité est au rendez-vous.,5,Positive
Webcam HD 1080p,Design élégant et robuste.,5,Positive
Support PC Portable,Fonctionne parfaitement bien.,4,Positive
Cable USB-C Charge Rapide,Excellent rapport qualité-prix.,5,Positive
Souris Sans Fil,Les performances sont impressionnantes.,4,Positive
Ecran 4K 27 pouces,Plastique de mauvaise qualité.,2,Negative
Casque Audio Noise Cancelling,C'est un excellent produit !,4,Positive
Cable USB-C Charge Rapide,"Arrivé cassé, inadmissible.",1,Negative
Support PC Portable,"Arrivé cassé, inadmissible.",2,Negative
Support PC Portable,La qualité est au rendez-vous.,5,Positive
Tapis de Souris XXL,Plastique de mauvaise qualité.,2,Negative
Casque Audio Noise Cancelling,"Pas mal du tout, malgré quelques petits défauts.",3,Neutral
Ecouteurs Bluetooth,C'est un excellent produit !,4,Positive
Tapis de Souris XXL,En panne après deux jours d'utilisation.,2,Negative
Webcam HD 1080p,Très déçu par cet achat.,1,Negative
Cable USB-C Charge Rapide,Je recommande vivement cet article.,5,Positive
Casque Audio Noise Cancelling,Correct sans être exceptionnel.,3,Neutral
Enceinte Connectée,Je recommande vivement cet article.,4,Positive
Souris Sans Fil,Design élégant et robuste.,5,Positive
Souris Sans Fil,La qualité est au rendez-vous.,5,Positive
Cable USB-C Charge Rapide,La qualité est au rendez-vous.,4,Positive
Support PC Portable,En panne après deux jours d'utilisation.,2,Negative
Casque Audio Noise Cancelling,Les performances sont impressionnantes.,5,Positive
Cable USB-C Charge Rapide,La qualité est au rendez-vous.,5,Positive
Tapis de Souris XXL,"Conforme à la description, mais l'usage est limité.",3,Neutral
Souris Sans Fil,C'est un excellent produit !,5,Positive
Ecran 4K 27 pouces,La qualité est au rendez-vous.,4,Positive
Clavier Gamer RGB,Design élégant et robuste.,4,Positive
Casque Audio Noise Cancelling,C'est un excellent produit !,5,Positive
Support PC Portable,Design élégant et robuste.,5,Positive
Support PC Portable,Vraiment ravi de mon achat.,4,Positive
Tapis de Souris XXL,La qualité est au rendez-vous.,5,Positive
Souris Sans Fil,"Pas mal du tout, malgré quelques petits défauts.",3,Neutral
Webcam HD 1080p,"Arrivé cassé, inadmissible.",1,Negative
Clavier Gamer RGB,Excellent rapport qualité-prix.,4,Positive
Ecouteurs Bluetooth,"Super produit, rien à dire.",5,Positive
Ecouteurs Bluetooth,Je ne recommande pas ce produit.,1,Negative
Ecouteurs Bluetooth,Expédition rapide et soignée.,4,Positive
Souris Sans Fil,"Super produit, rien à dire.",5,Positive
Support PC Portable,Les performances sont impressionnantes.,5,Positive
Clavier Gamer RGB,"Super produit, rien à dire.",4,Positive
Webcam HD 1080p,"Arrivé cassé, inadmissible.",2,Negative
Souris Sans Fil,"Super produit, rien à dire.",4,Positive
Cable USB-C Charge Rapide,Vraiment ravi de mon achat.,4,Positive
Enceinte Connectée,Ne fonctionne pas du tout.,2,Negative
Casque Audio Noise Cancelling,Excellent rapport qualité-prix.,4,Positive
Ecouteurs Bluetooth,La qualité est au rendez-vous.,4,Positive
Casque Audio Noise Cancelling,"Pas mal du tout, malgré quelques petits défauts.",3,Neutral
Souris Sans Fil,Excellent rapport qualité-prix.,5,Positive
Cable USB-C Charge Rapide,En panne après deux jours d'utilisation.,1,Negative
Ecouteurs Bluetooth,"C'est une arnaque, passez votre chemin.",1,Negative
Support PC Portable,Je ne recommande pas ce produit.,2,Negative
Webcam HD 1080p,Fait le job mais sans plus.,3,Neutral
Casque Audio Noise Cancelling,Une perte de temps et d'argent.,1,Negative
Casque Audio Noise Cancelling,Design élégant et robuste.,5,Positive
Ecran 4K 27 pouces,Correct sans être exceptionnel.,3,Neutral
Support PC Portable,Je recommande vivement cet article.,4,Positive
Support PC Portable,Je recommande vivement cet article.,5,Positive
Souris Sans Fil,Plastique de mauvaise qualité.,2,Negative
Enceinte Connectée,Très simple à installer.,4,Positive
Ecouteurs Bluetooth,Le SAV est inexistant.,1,Negative
Casque Audio Noise Cancelling,"Super produit, rien à dire.",5,Positive
Webcam HD 1080p,Je ne recommande pas ce produit.,2,Negative
Webcam HD 1080p,Vraiment ravi de mon achat.,4,Positive
Support PC Portable,Excellent rapport qualité-prix.,4,Positive
Clavier Gamer RGB,Expédition rapide et soignée.,5,Positive
Webcam HD 1080p,"Conforme à la description, mais l'usage est limité.",3,Neutral
Webcam HD 1080p,La qualité est médiocre.,2,Negative
Ecran 4K 27 pouces,"Super produit, rien à dire.",5,Positive
Ecouteurs Bluetooth,C'est un excellent produit !,4,Positive
Casque Audio Noise Cancelling,"Super produit, rien à dire.",4,Positive
Support PC Portable,"Super produit, rien à dire.",5,Positive
Webcam HD 1080p,"Pas mal du tout, malgré quelques petits défauts.",3,Neutral
Webcam HD 1080p,Une perte de temps et d'argent.,2,Negative
Cable USB-C Charge Rapide,C'est un excellent produit !,4,Positive
Ecran 4K 27 pouces,Fonctionne parfaitement bien.,4,Positive
Clavier Gamer RGB,"Super produit, rien à dire.",4,Positive
Ecran 4K 27 pouces,Vraiment ravi de mon achat.,4,Positive
Cable USB-C Charge Rapide,Correct sans être exceptionnel.,3,Neutral
Support PC Portable,La qualité est au rendez-vous.,4,Positive
Souris Sans Fil,"Conforme à la description, mais l'usage est limité.",3,Neutral
Support PC Portable,Les performances sont impressionnantes.,5,Positive
Ecran 4K 27 pouces,C'est un excellent produit !,5,Positive
Tapis de Souris XXL,Excellent rapport qualité-prix.,5,Positive
Support PC Portable,"Pas mal du tout, malgré quelques petits défauts.",3,Neutral
Clavier Gamer RGB,Très simple à installer.,5,Positive
Webcam HD 1080p,"Conforme à la description, mais l'usage est limité.",3,Neutral
Ecran 4K 27 pouces,Produit correct pour le prix.,3,Neutral
Casque Audio Noise Cancelling,Je recommande vivement cet article.,4,Positive
Casque Audio Noise Cancelling,"C'est une arnaque, passez votre chemin.",1,Negative
Webcam HD 1080p,"C'est une arnaque, passez votre chemin.",2,Negative
Casque Audio Noise Cancelling,Fonctionne parfaitement bien.,5,Positive
Support PC Portable,Très simple à installer.,4,Positive
Ecran 4K 27 pouces,Les performances sont impressionnantes.,5,Positive
Support PC Portable,Excellent rapport qualité-prix.,5,Positive
Casque Audio Noise Cancelling,"C'est une arnaque, passez votre chemin.",2,Negative
Souris Sans Fil,"Pas mal du tout, malgré quelques petits défauts.",3,Neutral
Ecouteurs Bluetooth,Correct sans être exceptionnel.,3,Neutral
Souris Sans Fil,Vraiment ravi de mon achat.,5,Positive
Casque Audio Noise Cancelling,Je ne recommande pas ce produit.,2,Negative
Ecran 4K 27 pouces,C'est un excellent produit !,4,Positive
Tapis de Souris XXL,La qualité est médiocre.,2,Negative
Souris Sans Fil,Ne fonctionne pas du tout.,1,Negative
Tapis de Souris XXL,Vraiment ravi de mon achat.,4,Positive
Enceinte Connectée,Expédition rapide et soignée.,5,Positive
Tapis de Souris XXL,"Pas mal du tout, malgré quelques petits défauts.",3,Neutral
Souris Sans Fil,Très déçu par cet achat.,1,Negative
Support PC Portable,Fait le job mais sans plus.,3,Neutral
Ecouteurs Bluetooth,Fait le job mais sans plus.,3,Neutral
Enceinte Connectée,La qualité est au rendez-vous.,4,Positive
Ecouteurs Bluetooth,La qualité est médiocre.,2,Negative
Cable USB-C Charge Rapide,"Conforme à la description, mais l'usage est limité.",3,Neutral
Ecouteurs Bluetooth,Expédition rapide et soignée.,5,Positive
Souris Sans Fil,Design élégant et robuste.,4,Positive
Casque Audio Noise Cancelling,Produit correct pour le prix.,3,Neutral
Ecran 4K 27 pouces,En panne après deux jours d'utilisation.,2,Negative
Cable USB-C Charge Rapide,Je recommande vivement cet article.,4,Positive
Tapis de Souris XXL,"Arrivé dans les temps, emballage sommaire.",3,Neutral
Tapis de Souris XXL,Un peu déçu par la finition mais ça fonctionne.,3,Neutral
Souris Sans Fil,"Arrivé dans les temps, emballage sommaire.",3,Neutral
Ecran 4K 27 pouces,Excellent rapport qualité-prix.,5,Positive
Casque Audio Noise Cancelling,Très déçu par cet achat.,2,Negative
Support PC Portable,Très simple à installer.,4,Positive
Ecouteurs Bluetooth,Excellent rapport qualité-prix.,5,Positive
Souris Sans Fil,C'est un excellent produit !,5,Positive
Souris Sans Fil,Le SAV est inexistant.,1,Negative
Cable USB-C Charge Rapide,Expédition rapide et soignée.,5,Positive
Tapis de Souris XXL,Très simple à installer.,5,Positive
Webcam HD 1080p,"C'est une arnaque, passez votre chemin.",2,Negative
Ecran 4K 27 pouces,En panne après deux jours d'utilisation.,2,Negative
Casque Audio Noise Cancelling,"Pas mal du tout, malgré quelques petits défauts.",3,Neutral
Ecouteurs Bluetooth,Excellent rapport qualité-prix.,5,Positive
Souris Sans Fil,Fonctionne parfaitement bien.,5,Positive
Ecouteurs Bluetooth,Très simple à installer.,5,Positive
Tapis de Souris XXL,Correct sans être exceptionnel.,3,Neutral
Clavier Gamer RGB,Fonctionne parfaitement bien.,5,Positive
Cable USB-C Charge Rapide,Fait le job mais sans plus.,3,Neutral
Clavier Gamer RGB,Le SAV est inexistant.,2,Negative
Tapis de Souris XXL,Design élégant et robuste.,4,Positive
Cable USB-C Charge Rapide,Design élégant et robuste.,4,Positive
Tapis de Souris XXL,En panne après deux jours d'utilisation.,1,Negative
Cable USB-C Charge Rapide,Excellent rapport qualité-prix.,4,Positive
Enceinte Connectée,Fait le job mais sans plus.,3,Neutral
Tapis de Souris XXL,Expédition rapide et soignée.,4,Positive
Support PC Portable,Excellent rapport qualité-prix.,5,Positive
Ecouteurs Bluetooth,La qualité est au rendez-vous.,5,Positive
Support PC Portable,Expédition rapide et soignée.,4,Positive
Enceinte Connectée,Je recommande vivement cet article.,5,Positive
Webcam HD 1080p,Design élégant et robuste.,5,Positive
Support PC Portable,"Arrivé dans les temps, emballage sommaire.",3,Neutral
Souris Sans Fil,Design élégant et robuste.,4,Positive
Support PC Portable,Fonctionne parfaitement bien.,4,Positive
Support PC Portable,Très simple à installer.,4,Positive
Tapis de Souris XXL,"Arrivé cassé, inadmissible.",1,Negative
Casque Audio Noise Cancelling,Les performances sont impressionnantes.,5,Positive
Cable USB-C Charge Rapide,Vraiment ravi de mon achat.,4,Positive
Tapis de Souris XXL,Je recommande vivement cet article.,5,Positive
Cable USB-C Charge Rapide,La qualité est au rendez-vous.,4,Positive
Webcam HD 1080p,Je recommande vivement cet article.,5,Positive
Ecran 4K 27 pouces,C'est un excellent produit !,5,Positive
Ecouteurs Bluetooth,C'est un excellent produit !,4,Positive
Casque Audio Noise Cancelling,Les performances sont impressionnantes.,5,Positive
Support PC Portable,"C'est une arnaque, passez votre chemin.",2,Negative
Webcam HD 1080p,Très simple à installer.,4,Positive
Support PC Portable,"Conforme à la description, mais l'usage est limité.",3,Neutral
Souris Sans Fil,Ne fonctionne pas du tout.,2,Negative
Webcam HD 1080p,"Arrivé dans les temps, emballage sommaire.",3,Neutral
Casque Audio Noise Cancelling,Expédition rapide et soignée.,5,Positive
Enceinte Connectée,Je recommande vivement cet article.,5,Positive
Ecouteurs Bluetooth,"Arrivé cassé, inadmissible.",1,Negative
Cable USB-C Charge Rapide,"Super produit, rien à dire.",4,Positive
Enceinte Connectée,Les performances sont impressionnantes.,4,Positive
Enceinte Connectée,Très simple à installer.,5,Positive
Clavier Gamer RGB,C'est un excellent produit !,4,Positive
Cable USB-C Charge Rapide,Un peu déçu par la finition mais ça fonctionne.,3,Neutral
Webcam HD 1080p,Excellent rapport qualité-prix.,5,Positive
Webcam HD 1080p,Expédition rapide et soignée.,4,Positive
Casque Audio Noise Cancelling,Très simple à installer.,4,Positive
Tapis de Souris XXL,Vraiment ravi de mon achat.,4,Positive
Ecouteurs Bluetooth,La qualité est au rendez-vous.,5,Positive
Souris Sans Fil,La qualité est au rendez-vous.,4,Positive
Cable USB-C Charge Rapide,Très déçu par cet achat.,1,Negative
Webcam HD 1080p,Très déçu par cet achat.,1,Negative
Clavier Gamer RGB,Expédition rapide et soignée.,4,Positive
Souris Sans Fil,Je recommande vivement cet article.,5,Positive
Casque Audio Noise Cancelling,Très déçu par cet achat.,1,Negative
Ecran 4K 27 pouces,Design élégant et robuste.,4,Positive
Enceinte Connectée,"Arrivé dans les temps, emballage sommaire.",3,Neutral
Ecouteurs Bluetooth,Design élégant et robuste.,5,Positive
Enceinte Connectée,C'est un excellent produit !,5,Positive
Casque Audio Noise Cancelling,Produit correct pour le prix.,3,Neutral
Cable USB-C Charge Rapide,Fonctionne parfaitement bien.,4,Positive
Enceinte Connectée,Correct sans être exceptionnel.,3,Neutral
Cable USB-C Charge Rapide,Vraiment ravi de mon achat.,5,Positive
Enceinte Connectée,Expédition rapide et soignée.,4,Positive
Enceinte Connectée,Le SAV est inexistant.,1,Negative
Casque Audio Noise Cancelling,Très déçu par cet achat.,2,Negative
Clavier Gamer RGB,La qualité est médiocre.,2,Negative
Clavier Gamer RGB,Je recommande vivement cet article.,5,Positive
Webcam HD 1080p,Expédition rapide et soignée.,5,Positive
Ecran 4K 27 pouces,C'est un excellent produit !,5,Positive
Souris Sans Fil,Fait le job mais sans plus.,3,Neutral
Cable USB-C Charge Rapide,La qualité est au rendez-vous.,4,Positive
Enceinte Connectée,Plastique de mauvaise qualité.,2,Negative
Webcam HD 1080p,"Super produit, rien à dire.",5,Positive
Tapis de Souris XXL,"Conforme à la description, mais l'usage est limité.",3,Neutral
Cable USB-C Charge Rapide,Expédition rapide et soignée.,5,Positive
Ecran 4K 27 pouces,C'est un excellent produit !,5,Positive
Souris Sans Fil,Produit correct pour le prix.,3,Neutral
Webcam HD 1080p,"Super produit, rien à dire.",4,Positive
Souris Sans Fil,Excellent rapport qualité-prix.,5,Positive
Enceinte Connectée,Très simple à installer.,4,Positive
Clavier Gamer RGB,Ne fonctionne pas du tout.,2,Negative
Tapis de Souris XXL,"Arrivé cassé, inadmissible.",2,Negative
Tapis de Souris XXL,Vraiment ravi de mon achat.,4,Positive
Support PC Portable,Design élégant et robuste.,4,Positive
Clavier Gamer RGB,Je recommande vivement cet article.,4,Positive
Tapis de Souris XXL,Fonctionne parfaitement bien.,5,Positive
Ecran 4K 27 pouces,Très déçu par cet achat.,2,Negative
Cable USB-C Charge Rapide,C'est un excellent produit !,4,Positive
Ecran 4K 27 pouces,Ne fonctionne pas du tout.,2,Negative
Cable USB-C Charge Rapide,La qualité est au rendez-vous.,5,Positive
Enceinte Connectée,Vraiment ravi de mon achat.,4,Positive
Webcam HD 1080p,La qualité est au rendez-vous.,4,Positive
Cable USB-C Charge Rapide,Le SAV est inexistant.,1,Negative
Cable USB-C Charge Rapide,"Super produit, rien à dire.",4,Positive
Enceinte Connectée,"Conforme à la description, mais l'usage est limité.",3,Neutral
Clavier Gamer RGB,En panne après deux jours d'utilisation.,1,Negative
Casque Audio Noise Cancelling,Je ne recommande pas ce produit.,2,Negative
Ecouteurs Bluetooth,"Conforme à la description, mais l'usage est limité.",3,Neutral
Support PC Portable,Fonctionne parfaitement bien.,4,Positive
Clavier Gamer RGB,Très simple à installer.,5,Positive
Support PC Portable,Fonctionne parfaitement bien.,5,Positive
Tapis de Souris XXL,Fonctionne parfaitement bien.,4,Positive
Casque Audio Noise Cancelling,Plastique de mauvaise qualité.,1,Negative
Souris Sans Fil,"Super produit, rien à dire.",4,Positive
Ecouteurs Bluetooth,C'est un excellent produit !,5,Positive
Webcam HD 1080p,"Moyen, j'attendais un peu mieux.",3,Neutral
Cable USB-C Charge Rapide,Fonctionne parfaitement bien.,5,Positive
Tapis de Souris XXL,Le SAV est inexistant.,2,Negative
Ecran 4K 27 pouces,Ne fonctionne pas du tout.,2,Negative
Support PC Portable,C'est un excellent produit !,4,Positive
Clavier Gamer RGB,La qualité est au rendez-vous.,4,Positive
Clavier Gamer RGB,Très déçu par cet achat.,2,Negative
Cable USB-C Charge Rapide,"Arrivé dans les temps, emballage sommaire.",3,Neutral
Ecouteurs Bluetooth,Très simple à installer.,4,Positive
Clavier Gamer RGB,Excellent rapport qualité-prix.,5,Positive
Ecouteurs Bluetooth,"Arrivé dans les temps, emballage sommaire.",3,Neutral
Ecran 4K 27 pouces,"C'est une arnaque, passez votre chemin.",1,Negative
Casque Audio Noise Cancelling,Les performances sont impressionnantes.,5,Positive
Webcam HD 1080p,Design élégant et robuste.,4,Positive
Enceinte Connectée,Vraiment ravi de mon achat.,4,Positive
Ecouteurs Bluetooth,Les performances sont impressionnantes.,4,Positive
Ecran 4K 27 pouces,Le SAV est inexistant.,1,Negative
Cable USB-C Charge Rapide,Les performances sont impressionnantes.,5,Positive
Support PC Portable,C'est un excellent produit !,4,Positive
Clavier Gamer RGB,Très simple à installer.,5,Positive
Tapis de Souris XXL,La qualité est au rendez-vous.,4,Positive
Support PC Portable,Je recommande vivement cet article.,5,Positive
Tapis de Souris XXL,Très déçu par cet achat.,1,Negative
Ecran 4K 27 pouces,Excellent rapport qualité-prix.,4,Positive
Tapis de Souris XXL,"Super produit, rien à dire.",4,Positive
Ecran 4K 27 pouces,"Moyen, j'attendais un peu mieux.",3,Neutral
Ecran 4K 27 pouces,"Conforme à la description, mais l'usage est limité.",3,Neutral
Webcam HD 1080p,"Moyen, j'attendais un peu mieux.",3,Neutral
Webcam HD 1080p,La qualité est au rendez-vous.,5,Positive
Ecouteurs Bluetooth,Design élégant et robuste.,4,Positive
Ecran 4K 27 pouces,Plastique de mauvaise qualité.,1,Negative
Support PC Portable,Un peu déçu par la finition mais ça fonctionne.,3,Neutral
Support PC Portable,"Moyen, j'attendais un peu mieux.",3,Neutral
Casque Audio Noise Cancelling,C'est un excellent produit !,4,Positive
Tapis de Souris XXL,C'est un excellent produit !,5,Positive
Enceinte Connectée,Design élégant et robuste.,5,Positive
Ecran 4K 27 pouces,"Moyen, j'attendais un peu mieux.",3,Neutral
Clavier Gamer RGB,Plastique de mauvaise qualité.,1,Negative
Cable USB-C Charge Rapide,La qualité est au rendez-vous.,5,Positive
Tapis de Souris XXL,La qualité est médiocre.,1,Negative
Ecran 4K 27 pouces,Vraiment ravi de mon achat.,5,Positive
Clavier Gamer RGB,Une perte de temps et d'argent.,1,Negative
Ecouteurs Bluetooth,Je recommande vivement cet article.,4,Positive
Support PC Portable,"Super produit, rien à dire.",5,Positive
Souris Sans Fil,Ne fonctionne pas du tout.,2,Negative
Ecouteurs Bluetooth,Fonctionne parfaitement bien.,4,Positive
Ecran 4K 27 pouces,Expédition rapide et soignée.,5,Positive
Webcam HD 1080p,C'est un excellent produit !,4,Positive
Webcam HD 1080p,La qualité est au rendez-vous.,5,Positive
Tapis de Souris XXL,La qualité est au rendez-vous.,5,Positive
Enceinte Connectée,Plastique de mauvaise qualité.,2,Negative
Ecouteurs Bluetooth,Fait le job mais sans plus.,3,Neutral
Souris Sans Fil,Design élégant et robuste.,5,Positive
Enceinte Connectée,Expédition rapide et soignée.,5,Positive
Enceinte Connectée,"Conforme à la description, mais l'usage est limité.",3,Neutral
Support PC Portable,"Super produit, rien à dire.",5,Positive
Webcam HD 1080p,Un peu déçu par la finition mais ça fonctionne.,3,Neutral
Ecran 4K 27 pouces,Plastique de mauvaise qualité.,2,Negative
Casque Audio Noise Cancelling,Excellent rapport qualité-prix.,5,Positive
Webcam HD 1080p,Je recommande vivement cet article.,5,Positive
Enceinte Connectée,Je recommande vivement cet article.,4,Positive
Support PC Portable,Les performances sont impressionnantes.,4,Positive
Clavier Gamer RGB,Excellent rapport qualité-prix.,5,Positive
Support PC Portable,Expédition rapide et soignée.,5,Positive
Support PC Portable,C'est un excellent produit !,5,Positive
Souris Sans Fil,"Super produit, rien à dire.",5,Positive
Ecouteurs Bluetooth,Je recommande vivement cet article.,4,Positive
Enceinte Connectée,Je recommande vivement cet article.,4,Positive
Ecran 4K 27 pouces,Expédition rapide et soignée.,4,Positive
Clavier Gamer RGB,Fonctionne parfaitement bien.,5,Positive
Tapis de Souris XXL,Fonctionne parfaitement bien.,5,Positive
Webcam HD 1080p,Très déçu par cet achat.,2,Negative
Cable USB-C Charge Rapide,Excellent rapport qualité-prix.,5,Positive
Casque Audio Noise Cancelling,"C'est une arnaque, passez votre chemin.",1,Negative
Enceinte Connectée,Une perte de temps et d'argent.,1,Negative
Ecran 4K 27 pouces,Design élégant et robuste.,4,Positive
Ecran 4K 27 pouces,Design élégant et robuste.,5,Positive
Tapis de Souris XXL,"Moyen, j'attendais un peu mieux.",3,Neutral
Ecran 4K 27 pouces,Fonctionne parfaitement bien.,5,Positive
Support PC Portable,Expédition rapide et soignée.,4,Positive
Souris Sans Fil,Je recommande vivement cet article.,4,Positive
Clavier Gamer RGB,Expédition rapide et soignée.,5,Positive
Ecran 4K 27 pouces,Très simple à installer.,5,Positive
Cable USB-C Charge Rapide,Les performances sont impressionnantes.,4,Positive
Clavier Gamer RGB,En panne après deux jours d'utilisation.,1,Negative
Webcam HD 1080p,"Arrivé dans les temps, emballage sommaire.",3,Neutral
Casque Audio Noise Cancelling,Vraiment ravi de mon achat.,5,Positive
Enceinte Connectée,Vraiment ravi de mon achat.,5,Positive
Tapis de Souris XXL,"Super produit, rien à dire.",5,Positive
Cable USB-C Charge Rapide,"Super produit, rien à dire.",4,Positive
Enceinte Connectée,C'est un excellent produit !,5,Positive
Souris Sans Fil,Je recommande vivement cet article.,5,Positive
Ecran 4K 27 pouces,Design élégant et robuste.,4,Positive
Clavier Gamer RGB,La qualité est au rendez-vous.,4,Positive
Tapis de Souris XXL,Une perte de temps et d'argent.,2,Negative
Souris Sans Fil,Le SAV est inexistant.,1,Negative
Casque Audio Noise Cancelling,Excellent rapport qualité-prix.,4,Positive
Ecran 4K 27 pouces,Je recommande vivement cet article.,4,Positive
Casque Audio Noise Cancelling,La qualité est médiocre.,2,Negative
Webcam HD 1080p,Les performances sont impressionnantes.,5,Positive
Ecran 4K 27 pouces,Je recommande vivement cet article.,5,Positive
Ecran 4K 27 pouces,Design élégant et robuste.,4,Positive
Ecouteurs Bluetooth,Le SAV est inexistant.,1,Negative
Tapis de Souris XXL,"C'est une arnaque, passez votre chemin.",2,Negative
Support PC Portable,Je recommande vivement cet article.,4,Positive
Support PC Portable,Excellent rapport qualité-prix.,5,Positive
Webcam HD 1080p,Une perte de temps et d'argent.,1,Negative
Ecran 4K 27 pouces,Design élégant et robuste.,5,Positive
Casque Audio Noise Cancelling,"Arrivé cassé, inadmissible.",1,Negative
Ecouteurs Bluetooth,Fonctionne parfaitement bien.,4,Positive
Souris Sans Fil,"Super produit, rien à dire.",5,Positive
Ecouteurs Bluetooth,Un peu déçu par la finition mais ça fonctionne.,3,Neutral
Support PC Portable,Expédition rapide et soignée.,4,Positive
Ecouteurs Bluetooth,"Moyen, j'attendais un peu mieux.",3,Neutral
Casque Audio Noise Cancelling,Fonctionne parfaitement bien.,5,Positive
Enceinte Connectée,Vraiment ravi de mon achat.,4,Positive
Support PC Portable,Fonctionne parfaitement bien.,5,Positive
Casque Audio Noise Cancelling,Vraiment ravi de mon achat.,5,Positive
Souris Sans Fil,Design élégant et robuste.,5,Positive
Support PC Portable,Design élégant et robuste.,4,Positive
Souris Sans Fil,La qualité est au rendez-vous.,5,Positive
Souris Sans Fil,La qualité est médiocre.,1,Negative
Cable USB-C Charge Rapide,La qualité est au rendez-vous.,5,Positive
Ecouteurs Bluetooth,Produit correct pour le prix.,3,Neutral
Cable USB-C Charge Rapide,La qualité est au rendez-vous.,5,Positive
Ecran 4K 27 pouces,Un peu déçu par la finition mais ça fonctionne.,3,Neutral
Support PC Portable,Fait le job mais sans plus.,3,Neutral
Casque Audio Noise Cancelling,"Conforme à la description, mais l'usage est limité.",3,Neutral
Clavier Gamer RGB,Excellent rapport qualité-prix.,4,Positive
Ecran 4K 27 pouces,Plastique de mauvaise qualité.,2,Negative
Ecran 4K 27 pouces,C'est un excellent produit !,5,Positive
Clavier Gamer RGB,"Super produit, rien à dire.",4,Positive
Ecouteurs Bluetooth,"Super produit, rien à dire.",4,Positive
Souris Sans Fil,Produit correct pour le prix.,3,Neutral
Casque Audio Noise Cancelling,Expédition rapide et soignée.,5,Positive
Enceinte Connectée,Un peu déçu par la finition mais ça fonctionne.,3,Neutral
Enceinte Connectée,Vraiment ravi de mon achat.,5,Positive
Ecran 4K 27 pouces,Expédition rapide et soignée.,5,Positive
Souris Sans Fil,C'est un excellent produit !,5,Positive
Casque Audio Noise Cancelling,Vraiment ravi de mon achat.,4,Positive
Cable USB-C Charge Rapide,"Moyen, j'attendais un peu mieux.",3,Neutral
Clavier Gamer RGB,Excellent rapport qualité-prix.,4,Positive
Cable USB-C Charge Rapide,"Conforme à la description, mais l'usage est limité.",3,Neutral
Ecouteurs Bluetooth,Correct sans être exceptionnel.,3,Neutral
Cable USB-C Charge Rapide,Une perte de temps et d'argent.,2,Negative
Souris Sans Fil,"Super produit, rien à dire.",5,Positive
Support PC Portable,Les performances sont impressionnantes.,4,Positive
Webcam HD 1080p,Très simple à installer.,4,Positive
Webcam HD 1080p,Produit correct pour le prix.,3,Neutral
Ecran 4K 27 pouces,Je recommande vivement cet article.,4,Positive
Ecran 4K 27 pouces,Un peu déçu par la finition mais ça fonctionne.,3,Neutral
Webcam HD 1080p,Expédition rapide et soignée.,4,Positive
Support PC Portable,Excellent rapport qualité-prix.,4,Positive
Ecran 4K 27 pouces,Un peu déçu par la finition mais ça fonctionne.,3,Neutral
Webcam HD 1080p,En panne après deux jours d'utilisation.,2,Negative
Souris Sans Fil,Très simple à installer.,4,Positive
Casque Audio Noise Cancelling,"Pas mal du tout, malgré quelques petits défauts.",3,Neutral
Clavier Gamer RGB,Expédition rapide et soignée.,5,Positive
Ecran 4K 27 pouces,"Super produit, rien à dire.",4,Positive
Ecran 4K 27 pouces,"Arrivé cassé, inadmissible.",1,Negative
Casque Audio Noise Cancelling,Design élégant et robuste.,4,Positive
Clavier Gamer RGB,Vraiment ravi de mon achat.,5,Positive
Ecran 4K 27 pouces,Fonctionne parfaitement bien.,4,Positive
Souris Sans Fil,Fonctionne parfaitement bien.,4,Positive
Enceinte Connectée,Je recommande vivement cet article.,5,Positive
Souris Sans Fil,Un peu déçu par la finition mais ça fonctionne.,3,Neutral
Casque Audio Noise Cancelling,Je recommande vivement cet article.,4,Positive
Cable USB-C Charge Rapide,Je recommande vivement cet article.,4,Positive
Support PC Portable,Excellent rapport qualité-prix.,5,Positive
Casque Audio Noise Cancelling,Excellent rapport qualité-prix.,5,Positive
Enceinte Connectée,"Arrivé dans les temps, emballage sommaire.",3,Neutral
Souris Sans Fil,Très déçu par cet achat.,2,Negative
Casque Audio Noise Cancelling,Je recommande vivement cet article.,4,Positive
Webcam HD 1080p,Je recommande vivement cet article.,4,Positive
Casque Audio Noise Cancelling,Je recommande vivement cet article.,5,Positive
Casque Audio Noise Cancelling,Vraiment ravi de mon achat.,5,Positive
Tapis de Souris XXL,Fonctionne parfaitement bien.,5,Positive
Souris Sans Fil,Très déçu par cet achat.,1,Negative
Enceinte Connectée,"Moyen, j'attendais un peu mieux.",3,Neutral
Support PC Portable,Excellent rapport qualité-prix.,5,Positive
Tapis de Souris XXL,"Super produit, rien à dire.",5,Positive
Webcam HD 1080p,Vraiment ravi de mon achat.,4,Positive
Casque Audio Noise Cancelling,Plastique de mauvaise qualité.,1,Negative
Casque Audio Noise Cancelling,Le SAV est inexistant.,2,Negative
Support PC Portable,"Moyen, j'attendais un peu mieux.",3,Neutral
Clavier Gamer RGB,"Arrivé dans les temps, emballage sommaire.",3,Neutral
Ecran 4K 27 pouces,Expédition rapide et soignée.,4,Positive
Clavier Gamer RGB,Correct sans être exceptionnel.,3,Neutral
Cable USB-C Charge Rapide,Correct sans être exceptionnel.,3,Neutral
Cable USB-C Charge Rapide,C'est un excellent produit !,4,Positive
Ecouteurs Bluetooth,"Arrivé dans les temps, emballage sommaire.",3,Neutral
Casque Audio Noise Cancelling,Fait le job mais sans plus.,3,Neutral
Enceinte Connectée,La qualité est médiocre.,2,Negative
Casque Audio Noise Cancelling,Très simple à installer.,5,Positive
Enceinte Connectée,"Arrivé dans les temps, emballage sommaire.",3,Neutral
Webcam HD 1080p,Vraiment ravi de mon achat.,5,Positive
Ecouteurs Bluetooth,"Moyen, j'attendais un peu mieux.",3,Neutral
Souris Sans Fil,Excellent rapport qualité-prix.,4,Positive
Cable USB-C Charge Rapide,Design élégant et robuste.,4,Positive
Clavier Gamer RGB,Très simple à installer.,5,Positive
Casque Audio Noise Cancelling,"Arrivé dans les temps, emballage sommaire.",3,Neutral
Souris Sans Fil,La qualité est au rendez-vous.,4,Positive
Ecran 4K 27 pouces,Design élégant et robuste.,4,Positive
Webcam HD 1080p,Plastique de mauvaise qualité.,1,Negative
Clavier Gamer RGB,Un peu déçu par la finition mais ça fonctionne.,3,Neutral
Cable USB-C Charge Rapide,"C'est une arnaque, passez votre chemin.",2,Negative
Webcam HD 1080p,Vraiment ravi de mon achat.,4,Positive
Cable USB-C Charge Rapide,Je recommande vivement cet article.,4,Positive
Ecouteurs Bluetooth,Design élégant et robuste.,4,Positive
Support PC Portable,Fait le job mais sans plus.,3,Neutral
Clavier Gamer RGB,"Super produit, rien à dire.",4,Positive
Webcam HD 1080p,Produit correct pour le prix.,3,Neutral
Ecouteurs Bluetooth,Excellent rapport qualité-prix.,4,Positive
Webcam HD 1080p,Design élégant et robuste.,5,Positive
Support PC Portable,"Arrivé dans les temps, emballage sommaire.",3,Neutral
Tapis de Souris XXL,Expédition rapide et soignée.,5,Positive
Ecran 4K 27 pouces,Une perte de temps et d'argent.,2,Negative
Webcam HD 1080p,Expédition rapide et soignée.,5,Positive
Ecouteurs Bluetooth,La qualité est au rendez-vous.,5,Positive
Clavier Gamer RGB,"Pas mal du tout, malgré quelques petits défauts.",3,Neutral
Ecran 4K 27 pouces,Très simple à installer.,5,Positive
Casque Audio Noise Cancelling,Produit correct pour le prix.,3,Neutral
Tapis de Souris XXL,C'est un excellent produit !,5,Positive
Tapis de Souris XXL,Un peu déçu par la finition mais ça fonctionne.,3,Neutral
Webcam HD 1080p,Expédition rapide et soignée.,4,Positive
Casque Audio Noise Cancelling,Ne fonctionne pas du tout.,2,Negative
Casque Audio Noise Cancelling,La qualité est au rendez-vous.,4,Positive
Enceinte Connectée,La qualité est médiocre.,1,Negative
Support PC Portable,"Pas mal du tout, malgré quelques petits défauts.",3,Neutral
Enceinte Connectée,La qualité est médiocre.,2,Negative
Support PC Portable,Le SAV est inexistant.,2,Negative
Ecran 4K 27 pouces,"Super produit, rien à dire.",4,Positive
Ecouteurs Bluetooth,La qualité est au rendez-vous.,4,Positive
Tapis de Souris XXL,Plastique de mauvaise qualité.,2,Negative
Cable USB-C Charge Rapide,Fait le job mais sans plus.,3,Neutral
Souris Sans Fil,Ne fonctionne pas du tout.,2,Negative
Tapis de Souris XXL,En panne après deux jours d'utilisation.,1,Negative
Casque Audio Noise Cancelling,Le SAV est inexistant.,2,Negative
Casque Audio Noise Cancelling,Je ne recommande pas ce produit.,1,Negative
Ecouteurs Bluetooth,Vraiment ravi de mon achat.,4,Positive
Tapis de Souris XXL,Un peu déçu par la finition mais ça fonctionne.,3,Neutral
Ecouteurs Bluetooth,Expédition rapide et soignée.,4,Positive
Casque Audio Noise Cancelling,Je recommande vivement cet article.,4,Positive
Clavier Gamer RGB,Excellent rapport qualité-prix.,4,Positive
Casque Audio Noise Cancelling,"Super produit, rien à dire.",5,Positive
Souris Sans Fil,Vraiment ravi de mon achat.,4,Positive
Casque Audio Noise Cancelling,Expédition rapide et soignée.,5,Positive
Souris Sans Fil,Plastique de mauvaise qualité.,2,Negative
Support PC Portable,Correct sans être exceptionnel.,3,Neutral
Webcam HD 1080p,Les performances sont impressionnantes.,4,Positive
Tapis de Souris XXL,Je recommande vivement cet article.,4,Positive
Webcam HD 1080p,Design élégant et robuste.,4,Positive
Cable USB-C Charge Rapide,"Arrivé dans les temps, emballage sommaire.",3,Neutral
Clavier Gamer RGB,La qualité est médiocre.,2,Negative
Ecran 4K 27 pouces,Très déçu par cet achat.,1,Negative
Souris Sans Fil,Je ne recommande pas ce produit.,2,Negative
Souris Sans Fil,En panne après deux jours d'utilisation.,2,Negative
Casque Audio Noise Cancelling,"Moyen, j'attendais un peu mieux.",3,Neutral
Casque Audio Noise Cancelling,Je recommande vivement cet article.,5,Positive
Ecran 4K 27 pouces,"Arrivé dans les temps, emballage sommaire.",3,Neutral
Ecouteurs Bluetooth,Je recommande vivement cet article.,4,Positive
Support PC Portable,Correct sans être exceptionnel.,3,Neutral
Support PC Portable,"Pas mal du tout, malgré quelques petits défauts.",3,Neutral
Souris Sans Fil,"Super produit, rien à dire.",4,Positive
Clavier Gamer RGB,"Super produit, rien à dire.",4,Positive
Souris Sans Fil,"Super produit, rien à dire.",5,Positive
Souris Sans Fil,En panne après deux jours d'utilisation.,1,Negative
Support PC Portable,Vraiment ravi de mon achat.,4,Positive
Enceinte Connectée,"Arrivé dans les temps, emballage sommaire.",3,Neutral
Souris Sans Fil,"Arrivé dans les temps, emballage sommaire.",3,Neutral
Ecran 4K 27 pouces,Excellent rapport qualité-prix.,4,Positive
Support PC Portable,"Super produit, rien à dire.",4,Positive
Casque Audio Noise Cancelling,Fait le job mais sans plus.,3,Neutral
Support PC Portable,Je ne recommande pas ce produit.,2,Negative
Support PC Portable,Vraiment ravi de mon achat.,4,Positive
Ecouteurs Bluetooth,C'est un excellent produit !,4,Positive
Webcam HD 1080p,Je recommande vivement cet article.,5,Positive
Ecouteurs Bluetooth,Correct sans être exceptionnel.,3,Neutral
Casque Audio Noise Cancelling,Je recommande vivement cet article.,5,Positive
Webcam HD 1080p,Vraiment ravi de mon achat.,5,Positive
Enceinte Connectée,Excellent rapport qualité-prix.,4,Positive
Enceinte Connectée,Ne fonctionne pas du tout.,2,Negative
Enceinte Connectée,Plastique de mauvaise qualité.,1,Negative
Ecouteurs Bluetooth,C'est un excellent produit !,4,Positive
Enceinte Connectée,Vraiment ravi de mon achat.,5,Positive
Clavier Gamer RGB,"Super produit, rien à dire.",4,Positive
Souris Sans Fil,C'est un excellent produit !,5,Positive
Ecouteurs Bluetooth,En panne après deux jours d'utilisation.,2,Negative
Enceinte Connectée,Fonctionne parfaitement bien.,4,Positive
Cable USB-C Charge Rapide,"Super produit, rien à dire.",5,Positive
Enceinte Connectée,Expédition rapide et soignée.,5,Positive
Enceinte Connectée,"Arrivé cassé, inadmissible.",2,Negative
Enceinte Connectée,"Super produit, rien à dire.",4,Positive
Clavier Gamer RGB,La qualité est au rendez-vous.,4,Positive
Cable USB-C Charge Rapide,La qualité est médiocre.,1,Negative
Webcam HD 1080p,Je recommande vivement cet article.,5,Positive
Souris Sans Fil,"Arrivé dans les temps, emballage sommaire.",3,Neutral
Ecouteurs Bluetooth,Excellent rapport qualité-prix.,5,Positive
Souris Sans Fil,Je recommande vivement cet article.,4,Positive
Casque Audio Noise Cancelling,Le SAV est inexistant.,1,Negative
Ecran 4K 27 pouces,"Super produit, rien à dire.",5,Positive
Ecran 4K 27 pouces,Correct sans être exceptionnel.,3,Neutral
Casque Audio Noise Cancelling,Une perte de temps et d'argent.,2,Negative
Casque Audio Noise Cancelling,Vraiment ravi de mon achat.,4,Positive
Cable USB-C Charge Rapide,"Super produit, rien à dire.",4,Positive
Enceinte Connectée,"Super produit, rien à dire.",5,Positive
Ecouteurs Bluetooth,Je recommande vivement cet article.,5,Positive
Souris Sans Fil,Je ne recommande pas ce produit.,1,Negative
Clavier Gamer RGB,Excellent rapport qualité-prix.,4,Positive
Ecouteurs Bluetooth,Fait le job mais sans plus.,3,Neutral
Souris Sans Fil,Les performances sont impressionnantes.,5,Positive
Support PC Portable,Les performances sont impressionnantes.,5,Positive
Cable USB-C Charge Rapide,C'est un excellent produit !,4,Positive
Souris Sans Fil,La qualité est au rendez-vous.,5,Positive
Tapis de Souris XXL,"C'est une arnaque, passez votre chemin.",2,Negative
Webcam HD 1080p,"Super produit, rien à dire.",4,Positive
Enceinte Connectée,Correct sans être exceptionnel.,3,Neutral
Souris Sans Fil,C'est un excellent produit !,5,Positive
Tapis de Souris XXL,Un peu déçu par la finition mais ça fonctionne.,3,Neutral
Webcam HD 1080p,La qualité est au rendez-vous.,5,Positive
Support PC Portable,Le SAV est inexistant.,2,Negative
Cable USB-C Charge Rapide,Très simple à installer.,5,Positive
Ecran 4K 27 pouces,Je recommande vivement cet article.,4,Positive
Casque Audio Noise Cancelling,Fait le job mais sans plus.,3,Neutral
Ecouteurs Bluetooth,Vraiment ravi de mon achat.,4,Positive
Souris Sans Fil,Je recommande vivement cet article.,4,Positive
Enceinte Connectée,Une perte de temps et d'argent.,1,Negative
Enceinte Connectée,"C'est une arnaque, passez votre chemin.",1,Negative
Support PC Portable,Excellent rapport qualité-prix.,4,Positive
Clavier Gamer RGB,Produit correct pour le prix.,3,Neutral
Casque Audio Noise Cancelling,"Moyen, j'attendais un peu mieux.",3,Neutral
Ecran 4K 27 pouces,"Arrivé cassé, inadmissible.",1,Negative
Support PC Portable,La qualité est médiocre.,1,Negative
Ecouteurs Bluetooth,Très simple à installer.,4,Positive
Tapis de Souris XXL,"C'est une arnaque, passez votre chemin.",2,Negative
Casque Audio Noise Cancelling,Expédition rapide et soignée.,4,Positive
Ecran 4K 27 pouces,Je ne recommande pas ce produit.,1,Negative
Cable USB-C Charge Rapide,Fonctionne parfaitement bien.,5,Positive
Clavier Gamer RGB,"Arrivé dans les temps, emballage sommaire.",3,Neutral
Ecran 4K 27 pouces,"C'est une arnaque, passez votre chemin.",1,Negative
Webcam HD 1080p,En panne après deux jours d'utilisation.,1,Negative
Clavier Gamer RGB,"Moyen, j'attendais un peu mieux.",3,Neutral
Cable USB-C Charge Rapide,Expédition rapide et soignée.,4,Positive
Souris Sans Fil,Vraiment ravi de mon achat.,4,Positive
Casque Audio Noise Cancelling,Très simple à installer.,4,Positive
Enceinte Connectée,Ne fonctionne pas du tout.,2,Negative
Support PC Portable,Fonctionne parfaitement bien.,5,Positive
Support PC Portable,Expédition rapide et soignée.,5,Positive
Casque Audio Noise Cancelling,Ne fonctionne pas du tout.,2,Negative
Support PC Portable,"Conforme à la description, mais l'usage est limité.",3,Neutral
Souris Sans Fil,C'est un excellent produit !,5,Positive
Tapis de Souris XXL,Ne fonctionne pas du tout.,1,Negative
Ecran 4K 27 pouces,Excellent rapport qualité-prix.,4,Positive
Casque Audio Noise Cancelling,Produit correct pour le prix.,3,Neutral
Souris Sans Fil,"Conforme à la description, mais l'usage est limité.",3,Neutral
Cable USB-C Charge Rapide,Très simple à installer.,5,Positive
Support PC Portable,Correct sans être exceptionnel.,3,Neutral
Tapis de Souris XXL,"Arrivé dans les temps, emballage sommaire.",3,Neutral
Enceinte Connectée,"Arrivé dans les temps, emballage sommaire.",3,Neutral
Souris Sans Fil,C'est un excellent produit !,4,Positive
Souris Sans Fil,"Super produit, rien à dire.",4,Positive
Ecran 4K 27 pouces,Excellent rapport qualité-prix.,5,Positive
Webcam HD 1080p,"Arrivé dans les temps, emballage sommaire.",3,Neutral
Support PC Portable,Vraiment ravi de mon achat.,5,Positive
Casque Audio Noise Cancelling,Très simple à installer.,4,Positive
Souris Sans Fil,Je recommande vivement cet article.,4,Positive
Ecran 4K 27 pouces,"Arrivé dans les temps, emballage sommaire.",3,Neutral
Ecran 4K 27 pouces,Très simple à installer.,4,Positive
Webcam HD 1080p,Fonctionne parfaitement bien.,4,Positive
Ecouteurs Bluetooth,Je recommande vivement cet article.,4,Positive
Ecran 4K 27 pouces,Très déçu par cet achat.,2,Negative
Webcam HD 1080p,Excellent rapport qualité-prix.,4,Positive
Casque Audio Noise Cancelling,Fonctionne parfaitement bien.,4,Positive
Tapis de Souris XXL,Très simple à installer.,4,Positive
Casque Audio Noise Cancelling,"Pas mal du tout, malgré quelques petits défauts.",3,Neutral
Ecouteurs Bluetooth,Expédition rapide et soignée.,5,Positive
Casque Audio Noise Cancelling,La qualité est au rendez-vous.,4,Positive
Clavier Gamer RGB,Fonctionne parfaitement bien.,5,Positive
Cable USB-C Charge Rapide,Excellent rapport qualité-prix.,4,Positive
Souris Sans Fil,Expédition rapide et soignée.,5,Positive
Tapis de Souris XXL,"Super produit, rien à dire.",4,Positive
Clavier Gamer RGB,Correct sans être exceptionnel.,3,Neutral
Tapis de Souris XXL,Les performances sont impressionnantes.,5,Positive
Enceinte Connectée,Un peu déçu par la finition mais ça fonctionne.,3,Neutral
Cable USB-C Charge Rapide,Vraiment ravi de mon achat.,5,Positive
Ecouteurs Bluetooth,C'est un excellent produit !,4,Positive
Webcam HD 1080p,Plastique de mauvaise qualité.,1,Negative
Support PC Portable,Le SAV est inexistant.,1,Negative
Webcam HD 1080p,Fonctionne parfaitement bien.,5,Positive
Enceinte Connectée,Produit correct pour le prix.,3,Neutral
Souris Sans Fil,Très simple à installer.,5,Positive
Tapis de Souris XXL,Ne fonctionne pas du tout.,2,Negative
Casque Audio Noise Cancelling,Très simple à installer.,5,Positive
Enceinte Connectée,Correct sans être exceptionnel.,3,Neutral
Webcam HD 1080p,Je recommande vivement cet article.,4,Positive
Clavier Gamer RGB,Plastique de mauvaise qualité.,1,Negative
Casque Audio Noise Cancelling,La qualité est au rendez-vous.,4,Positive
Support PC Portable,"Arrivé dans les temps, emballage sommaire.",3,Neutral
Enceinte Connectée,"Arrivé dans les temps, emballage sommaire.",3,Neutral
Webcam HD 1080p,C'est un excellent produit !,4,Positive
Souris Sans Fil,Très simple à installer.,4,Positive
Support PC Portable,Je recommande vivement cet article.,5,Positive
Ecran 4K 27 pouces,Très simple à installer.,5,Positive
Ecouteurs Bluetooth,Très simple à installer.,4,Positive
Ecran 4K 27 pouces,Je recommande vivement cet article.,4,Positive
Souris Sans Fil,"Super produit, rien à dire.",4,Positive
Ecran 4K 27 pouces,Le SAV est inexistant.,1,Negative
Ecouteurs Bluetooth,"Super produit, rien à dire.",5,Positive
Webcam HD 1080p,Ne fonctionne pas du tout.,2,Negative
Enceinte Connectée,Excellent rapport qualité-prix.,4,Positive
Webcam HD 1080p,"Super produit, rien à dire.",4,Positive
Clavier Gamer RGB,Je ne recommande pas ce produit.,1,Negative
Souris Sans Fil,Très simple à installer.,4,Positive
Webcam HD 1080p,"Super produit, rien à dire.",5,Positive
Cable USB-C Charge Rapide,"C'est une arnaque, passez votre chemin.",1,Negative
Ecran 4K 27 pouces,Les performances sont impressionnantes.,4,Positive
Casque Audio Noise Cancelling,Excellent rapport qualité-prix.,4,Positive
Tapis de Souris XXL,Vraiment ravi de mon achat.,5,Positive
Support PC Portable,La qualité est au rendez-vous.,4,Positive
Ecran 4K 27 pouces,"Super produit, rien à dire.",4,Positive
Cable USB-C Charge Rapide,La qualité est au rendez-vous.,4,Positive
Casque Audio Noise Cancelling,Un peu déçu par la finition mais ça fonctionne.,3,Neutral
Ecouteurs Bluetooth,Fonctionne parfaitement bien.,5,Positive
Support PC Portable,Ne fonctionne pas du tout.,2,Negative
Enceinte Connectée,Les performances sont impressionnantes.,4,Positive
Ecouteurs Bluetooth,Vraiment ravi de mon achat.,4,Positive
Clavier Gamer RGB,Produit correct pour le prix.,3,Neutral
Souris Sans Fil,Je recommande vivement cet article.,4,Positive
Souris Sans Fil,Très déçu par cet achat.,1,Negative
Ecouteurs Bluetooth,Vraiment ravi de mon achat.,5,Positive
Ecran 4K 27 pouces,La qualité est au rendez-vous.,5,Positive
Cable USB-C Charge Rapide,Fonctionne parfaitement bien.,4,Positive
Clavier Gamer RGB,"Super produit, rien à dire.",5,Positive
Enceinte Connectée,Vraiment ravi de mon achat.,4,Positive
Enceinte Connectée,La qualité est au rendez-vous.,5,Positive
Clavier Gamer RGB,Plastique de mauvaise qualité.,1,Negative
Casque Audio Noise Cancelling,"Super produit, rien à dire.",5,Positive
Cable USB-C Charge Rapide,"Super produit, rien à dire.",5,Positive
Ecouteurs Bluetooth,Fonctionne parfaitement bien.,4,Positive
Ecouteurs Bluetooth,En panne après deux jours d'utilisation.,2,Negative
Ecouteurs Bluetooth,Fait le job mais sans plus.,3,Neutral
Tapis de Souris XXL,Très déçu par cet achat.,1,Negative
Webcam HD 1080p,Très simple à installer.,5,Positive
Tapis de Souris XXL,La qualité est au rendez-vous.,5,Positive
Cable USB-C Charge Rapide,"Pas mal du tout, malgré quelques petits défauts.",3,Neutral
Tapis de Souris XXL,"C'est une arnaque, passez votre chemin.",2,Negative
Tapis de Souris XXL,Très déçu par cet achat.,1,Negative
Souris Sans Fil,Correct sans être exceptionnel.,3,Neutral
Tapis de Souris XXL,Design élégant et robuste.,5,Positive
Ecouteurs Bluetooth,Je recommande vivement cet article.,5,Positive
Souris Sans Fil,La qualité est au rendez-vous.,4,Positive
Casque Audio Noise Cancelling,Excellent rapport qualité-prix.,5,Positive
Support PC Portable,"Arrivé dans les temps, emballage sommaire.",3,Neutral
Webcam HD 1080p,"Moyen, j'attendais un peu mieux.",3,Neutral
Souris Sans Fil,Une perte de temps et d'argent.,1,Negative
Casque Audio Noise Cancelling,Très simple à installer.,5,Positive
Enceinte Connectée,Ne fonctionne pas du tout.,2,Negative
Webcam HD 1080p,Un peu déçu par la finition mais ça fonctionne.,3,Neutral
Ecouteurs Bluetooth,Fonctionne parfaitement bien.,4,Positive
Clavier Gamer RGB,La qualité est au rendez-vous.,5,Positive
Ecouteurs Bluetooth,Expédition rapide et soignée.,5,Positive
Souris Sans Fil,Très simple à installer.,4,Positive
Casque Audio Noise Cancelling,C'est un excellent produit !,4,Positive
Souris Sans Fil,Excellent rapport qualité-prix.,4,Positive
Clavier Gamer RGB,"Arrivé dans les temps, emballage sommaire.",3,Neutral
Tapis de Souris XXL,"Super produit, rien à dire.",4,Positive
Webcam HD 1080p,C'est un excellent produit !,4,Positive
Souris Sans Fil,Fonctionne parfaitement bien.,4,Positive
Ecouteurs Bluetooth,La qualité est au rendez-vous.,5,Positive
Souris Sans Fil,Très simple à installer.,4,Positive
Cable USB-C Charge Rapide,Design élégant et robuste.,5,Positive
Clavier Gamer RGB,C'est un excellent produit !,4,Positive
Clavier Gamer RGB,Correct sans être exceptionnel.,3,Neutral
Enceinte Connectée,Excellent rapport qualité-prix.,5,Positive
Support PC Portable,Les performances sont impressionnantes.,5,Positive
Enceinte Connectée,Excellent rapport qualité-prix.,4,Positive
Souris Sans Fil,Très simple à installer.,4,Positive
Casque Audio Noise Cancelling,Plastique de mauvaise qualité.,1,Negative
Casque Audio Noise Cancelling,Un peu déçu par la finition mais ça fonctionne.,3,Neutral
Casque Audio Noise Cancelling,Design élégant et robuste.,4,Positive
Support PC Portable,Excellent rapport qualité-prix.,5,Positive
Souris Sans Fil,"Super produit, rien à dire.",5,Positive
Casque Audio Noise Cancelling,Vraiment ravi de mon achat.,4,Positive
Ecouteurs Bluetooth,C'est un excellent produit !,5,Positive
Ecran 4K 27 pouces,Vraiment ravi de mon achat.,4,Positive
Ecran 4K 27 pouces,Fonctionne parfaitement bien.,5,Positive
Enceinte Connectée,Fonctionne parfaitement bien.,4,Positive
Cable USB-C Charge Rapide,Les performances sont impressionnantes.,4,Positive
Support PC Portable,Vraiment ravi de mon achat.,5,Positive
Cable USB-C Charge Rapide,Je recommande vivement cet article.,5,Positive
Casque Audio Noise Cancelling,Excellent rapport qualité-prix.,5,Positive
Tapis de Souris XXL,En panne après deux jours d'utilisation.,1,Negative
Casque Audio Noise Cancelling,Le SAV est inexistant.,1,Negative
Souris Sans Fil,Design élégant et robuste.,5,Positive
Webcam HD 1080p,Je ne recommande pas ce produit.,1,Negative
Souris Sans Fil,Vraiment ravi de mon achat.,5,Positive
Ecouteurs Bluetooth,Plastique de mauvaise qualité.,1,Negative
Souris Sans Fil,Correct sans être exceptionnel.,3,Neutral
Enceinte Connectée,Design élégant et robuste.,5,Positive
Souris Sans Fil,Les performances sont impressionnantes.,5,Positive
Casque Audio Noise Cancelling,Fonctionne parfaitement bien.,5,Positive
Ecran 4K 27 pouces,La qualité est médiocre.,1,Negative
Webcam HD 1080p,"Conforme à la description, mais l'usage est limité.",3,Neutral
Ecouteurs Bluetooth,Je ne recommande pas ce produit.,1,Negative
Enceinte Connectée,"C'est une arnaque, passez votre chemin.",1,Negative
Ecouteurs Bluetooth,Je recommande vivement cet article.,4,Positive
Souris Sans Fil,Expédition rapide et soignée.,5,Positive
Ecouteurs Bluetooth,Je recommande vivement cet article.,5,Positive
Support PC Portable,La qualité est médiocre.,2,Negative
Ecouteurs Bluetooth,Très déçu par cet achat.,2,Negative
Tapis de Souris XXL,Une perte de temps et d'argent.,2,Negative
Webcam HD 1080p,"C'est une arnaque, passez votre chemin.",1,Negative
Tapis de Souris XXL,Expédition rapide et soignée.,5,Positive
Ecouteurs Bluetooth,"Conforme à la description, mais l'usage est limité.",3,Neutral
Cable USB-C Charge Rapide,"Arrivé cassé, inadmissible.",1,Negative
Clavier Gamer RGB,Un peu déçu par la finition mais ça fonctionne.,3,Neutral
Enceinte Connectée,Je recommande vivement cet article.,4,Positive
Casque Audio Noise Cancelling,Vraiment ravi de mon achat.,5,Positive
Ecran 4K 27 pouces,"Super produit, rien à dire.",5,Positive
Ecouteurs Bluetooth,"Super produit, rien à dire.",5,Positive
Enceinte Connectée,Ne fonctionne pas du tout.,2,Negative
Ecouteurs Bluetooth,Excellent rapport qualité-prix.,4,Positive
Casque Audio Noise Cancelling,Vraiment ravi de mon achat.,5,Positive
Tapis de Souris XXL,Fonctionne parfaitement bien.,5,Positive
Support PC Portable,C'est un excellent produit !,5,Positive
Enceinte Connectée,La qualité est au rendez-vous.,5,Positive
Ecran 4K 27 pouces,Les performances sont impressionnantes.,4,Positive
Casque Audio Noise Cancelling,Excellent rapport qualité-prix.,5,Positive
Support PC Portable,C'est un excellent produit !,4,Positive
Casque Audio Noise Cancelling,Vraiment ravi de mon achat.,4,Positive
Souris Sans Fil,Vraiment ravi de mon achat.,5,Positive
Cable USB-C Charge Rapide,Une perte de temps et d'argent.,2,Negative
Enceinte Connectée,La qualité est au rendez-vous.,5,Positive
Clavier Gamer RGB,Expédition rapide et soignée.,5,Positive
Cable USB-C Charge Rapide,Excellent rapport qualité-prix.,5,Positive
Support PC Portable,Excellent rapport qualité-prix.,4,Positive
Tapis de Souris XXL,Très déçu par cet achat.,2,Negative
Enceinte Connectée,Un peu déçu par la finition mais ça fonctionne.,3,Neutral
Ecouteurs Bluetooth,Correct sans être exceptionnel.,3,Neutral
Tapis de Souris XXL,"Moyen, j'attendais un peu mieux.",3,Neutral
Clavier Gamer RGB,La qualité est au rendez-vous.,5,Positive
Support PC Portable,Une perte de temps et d'argent.,1,Negative
Cable USB-C Charge Rapide,Design élégant et robuste.,4,Positive
Souris Sans Fil,Fait le job mais sans plus.,3,Neutral
Clavier Gamer RGB,Excellent rapport qualité-prix.,4,Positive
Enceinte Connectée,"Arrivé dans les temps, emballage sommaire.",3,Neutral
Ecran 4K 27 pouces,"Super produit, rien à dire.",4,Positive
Webcam HD 1080p,En panne après deux jours d'utilisation.,2,Negative
Clavier Gamer RGB,Très simple à installer.,5,Positive
Ecouteurs Bluetooth,"Conforme à la description, mais l'usage est limité.",3,Neutral
Casque Audio Noise Cancelling,Très simple à installer.,5,Positive
Casque Audio Noise Cancelling,Vraiment ravi de mon achat.,5,Positive
Souris Sans Fil,La qualité est au rendez-vous.,5,Positive
Enceinte Connectée,Excellent rapport qualité-prix.,5,Positive
Cable USB-C Charge Rapide,Je ne recommande pas ce produit.,2,Negative
Webcam HD 1080p,Ne fonctionne pas du tout.,1,Negative
Ecouteurs Bluetooth,Les performances sont impressionnantes.,4,Positive
Casque Audio Noise Cancelling,"Super produit, rien à dire.",4,Positive
Support PC Portable,"Super produit, rien à dire.",4,Positive
Cable USB-C Charge Rapide,Plastique de mauvaise qualité.,1,Negative
Support PC Portable,Fonctionne parfaitement bien.,4,Positive
Support PC Portable,"C'est une arnaque, passez votre chemin.",2,Negative
Casque Audio Noise Cancelling,Très déçu par cet achat.,2,Negative
Tapis de Souris XXL,"Pas mal du tout, malgré quelques petits défauts.",3,Neutral
Cable USB-C Charge Rapide,Je ne recommande pas ce produit.,2,Negative
Casque Audio Noise Cancelling,Produit correct pour le prix.,3,Neutral
Casque Audio Noise Cancelling,La qualité est au rendez-vous.,4,Positive
Tapis de Souris XXL,En panne après deux jours d'utilisation.,2,Negative
Souris Sans Fil,Plastique de mauvaise qualité.,2,Negative
Enceinte Connectée,"Arrivé cassé, inadmissible.",1,Negative
Casque Audio Noise Cancelling,La qualité est médiocre.,2,Negative
Casque Audio Noise Cancelling,Une perte de temps et d'argent.,1,Negative
Tapis de Souris XXL,Fonctionne parfaitement bien.,5,Positive
Ecouteurs Bluetooth,Correct sans être exceptionnel.,3,Neutral
Enceinte Connectée,"Super produit, rien à dire.",5,Positive
Cable USB-C Charge Rapide,En panne après deux jours d'utilisation.,1,Negative
Ecran 4K 27 pouces,Excellent rapport qualité-prix.,4,Positive
Clavier Gamer RGB,Correct sans être exceptionnel.,3,Neutral
Clavier Gamer RGB,Fait le job mais sans plus.,3,Neutral
Webcam HD 1080p,Design élégant et robuste.,4,Positive
Tapis de Souris XXL,Je recommande vivement cet article.,4,Positive
Ecran 4K 27 pouces,Excellent rapport qualité-prix.,4,Positive
Cable USB-C Charge Rapide,"Pas mal du tout, malgré quelques petits défauts.",3,Neutral
Ecouteurs Bluetooth,"Arrivé cassé, inadmissible.",1,Negative
Ecouteurs Bluetooth,Vraiment ravi de mon achat.,4,Positive
Souris Sans Fil,Vraiment ravi de mon achat.,4,Positive
Ecouteurs Bluetooth,Fonctionne parfaitement bien.,5,Positive
Casque Audio Noise Cancelling,Excellent rapport qualité-prix.,4,Positive
Ecouteurs Bluetooth,Fonctionne parfaitement bien.,4,Positive
Casque Audio Noise Cancelling,"Super produit, rien à dire.",5,Positive
Support PC Portable,Je ne recommande pas ce produit.,1,Negative
Clavier Gamer RGB,Ne fonctionne pas du tout.,1,Negative
Tapis de Souris XXL,"Arrivé cassé, inadmissible.",2,Negative
Webcam HD 1080p,Très simple à installer.,4,Positive
Cable USB-C Charge Rapide,"Arrivé cassé, inadmissible.",1,Negative
Clavier Gamer RGB,Fonctionne parfaitement bien.,4,Positive
Tapis de Souris XXL,C'est un excellent produit !,4,Positive
Tapis de Souris XXL,La qualité est au rendez-vous.,4,Positive
Cable USB-C Charge Rapide,Vraiment ravi de mon achat.,4,Positive
Tapis de Souris XXL,"Pas mal du tout, malgré quelques petits défauts.",3,Neutral
Support PC Portable,"Conforme à la description, mais l'usage est limité.",3,Neutral
Casque Audio Noise Cancelling,Fonctionne parfaitement bien.,5,Positive
Cable USB-C Charge Rapide,Excellent rapport qualité-prix.,5,Positive
Ecouteurs Bluetooth,La qualité est au rendez-vous.,5,Positive
Ecran 4K 27 pouces,Une perte de temps et d'argent.,2,Negative
Support PC Portable,Expédition rapide et soignée.,5,Positive
Webcam HD 1080p,Excellent rapport qualité-prix.,5,Positive
Ecran 4K 27 pouces,"Super produit, rien à dire.",5,Positive
Ecouteurs Bluetooth,Très simple à installer.,4,Positive
Cable USB-C Charge Rapide,Les performances sont impressionnantes.,5,Positive
Enceinte Connectée,Vraiment ravi de mon achat.,4,Positive
Souris Sans Fil,La qualité est médiocre.,2,Negative
Tapis de Souris XXL,"Super produit, rien à dire.",4,Positive
Tapis de Souris XXL,Vraiment ravi de mon achat.,5,Positive
Clavier Gamer RGB,Expédition rapide et soignée.,4,Positive
Ecran 4K 27 pouces,Fonctionne parfaitement bien.,5,Positive
Enceinte Connectée,Les performances sont impressionnantes.,5,Positive
Ecran 4K 27 pouces,Très simple à installer.,4,Positive
Cable USB-C Charge Rapide,Fait le job mais sans plus.,3,Neutral
Webcam HD 1080p,Une perte de temps et d'argent.,2,Negative
Tapis de Souris XXL,Plastique de mauvaise qualité.,1,Negative
Clavier Gamer RGB,Très déçu par cet achat.,2,Negative
Cable USB-C Charge Rapide,Design élégant et robuste.,4,Positive
Souris Sans Fil,"Arrivé dans les temps, emballage sommaire.",3,Neutral
Ecran 4K 27 pouces,C'est un excellent produit !,5,Positive
Webcam HD 1080p,Je ne recommande pas ce produit.,2,Negative
Souris Sans Fil,Très déçu par cet achat.,2,Negative
Enceinte Connectée,En panne après deux jours d'utilisation.,1,Negative
Clavier Gamer RGB,Excellent rapport qualité-prix.,4,Positive
Cable USB-C Charge Rapide,Excellent rapport qualité-prix.,5,Positive
Ecouteurs Bluetooth,Design élégant et robuste.,5,Positive
Webcam HD 1080p,Design élégant et robuste.,5,Positive
Support PC Portable,En panne après deux jours d'utilisation.,1,Negative
Webcam HD 1080p,C'est un excellent produit !,4,Positive
Clavier Gamer RGB,Excellent rapport qualité-prix.,5,Positive
Ecran 4K 27 pouces,Expédition rapide et soignée.,4,Positive
Enceinte Connectée,Je ne recommande pas ce produit.,1,Negative
Clavier Gamer RGB,Vraiment ravi de mon achat.,5,Positive
Cable USB-C Charge Rapide,Je recommande vivement cet article.,5,Positive
Souris Sans Fil,Ne fonctionne pas du tout.,2,Negative
Souris Sans Fil,Les performances sont impressionnantes.,4,Positive
Casque Audio Noise Cancelling,Fait le job mais sans plus.,3,Neutral
Enceinte Connectée,"Super produit, rien à dire.",5,Positive
Support PC Portable,"C'est une arnaque, passez votre chemin.",2,Negative
Ecran 4K 27 pouces,Vraiment ravi de mon achat.,5,Positive
Tapis de Souris XXL,"Super produit, rien à dire.",4,Positive
Ecran 4K 27 pouces,Fait le job mais sans plus.,3,Neutral
Support PC Portable,"Super produit, rien à dire.",4,Positive
Ecran 4K 27 pouces,Fonctionne parfaitement bien.,5,Positive
Support PC Portable,Les performances sont impressionnantes.,4,Positive
Enceinte Connectée,Je recommande vivement cet article.,5,Positive
Support PC Portable,Fait le job mais sans plus.,3,Neutral
Souris Sans Fil,Excellent rapport qualité-prix.,5,Positive
Support PC Portable,Une perte de temps et d'argent.,1,Negative
Ecran 4K 27 pouces,La qualité est au rendez-vous.,5,Positive
Cable USB-C Charge Rapide,La qualité est médiocre.,1,Negative
Support PC Portable,Plastique de mauvaise qualité.,1,Negative
Clavier Gamer RGB,Je ne recommande pas ce produit.,1,Negative
Clavier Gamer RGB,Expédition rapide et soignée.,5,Positive
Cable USB-C Charge Rapide,Expédition rapide et soignée.,4,Positive
Casque Audio Noise Cancelling,Très simple à installer.,5,Positive
Casque Audio Noise Cancelling,Design élégant et robuste.,4,Positive
Cable USB-C Charge Rapide,"Super produit, rien à dire.",4,Positive
Casque Audio Noise Cancelling,"Arrivé dans les temps, emballage sommaire.",3,Neutral
Ecran 4K 27 pouces,La qualité est au rendez-vous.,5,Positive
Webcam HD 1080p,Très simple à installer.,5,Positive
Casque Audio Noise Cancelling,"Super produit, rien à dire.",4,Positive
Ecran 4K 27 pouces,Ne fonctionne pas du tout.,1,Negative
Clavier Gamer RGB,Plastique de mauvaise qualité.,2,Negative
Ecouteurs Bluetooth,Fonctionne parfaitement bien.,5,Positive
Webcam HD 1080p,"Arrivé dans les temps, emballage sommaire.",3,Neutral
Casque Audio Noise Cancelling,Je recommande vivement cet article.,4,Positive
Support PC Portable,Expédition rapide et soignée.,4,Positive
Cable USB-C Charge Rapide,"Pas mal du tout, malgré quelques petits défauts.",3,Neutral
Clavier Gamer RGB,Je recommande vivement cet article.,5,Positive
Ecran 4K 27 pouces,La qualité est au rendez-vous.,4,Positive
Souris Sans Fil,La qualité est au rendez-vous.,5,Positive
Clavier Gamer RGB,"Arrivé dans les temps, emballage sommaire.",3,Neutral
Tapis de Souris XXL,Vraiment ravi de mon achat.,5,Positive
Souris Sans Fil,Produit correct pour le prix.,3,Neutral
Webcam HD 1080p,Les performances sont impressionnantes.,5,Positive
Clavier Gamer RGB,Design élégant et robuste.,4,Positive
Ecouteurs Bluetooth,Les performances sont impressionnantes.,4,Positive
Cable USB-C Charge Rapide,La qualité est médiocre.,1,Negative
Ecouteurs Bluetooth,Design élégant et robuste.,5,Positive
Support PC Portable,"Pas mal du tout, malgré quelques petits défauts.",3,Neutral
Support PC Portable,C'est un excellent produit !,5,Positive
Tapis de Souris XXL,Très simple à installer.,5,Positive
Webcam HD 1080p,"Super produit, rien à dire.",5,Positive
Enceinte Connectée,Produit correct pour le prix.,3,Neutral
Souris Sans Fil,La qualité est médiocre.,1,Negative
Tapis de Souris XXL,Les performances sont impressionnantes.,4,Positive
Casque Audio Noise Cancelling,Fonctionne parfaitement bien.,4,Positive
Casque Audio Noise Cancelling,"Pas mal du tout, malgré quelques petits défauts.",3,Neutral
Enceinte Connectée,Le SAV est inexistant.,2,Negative
Souris Sans Fil,Expédition rapide et soignée.,5,Positive
Casque Audio Noise Cancelling,Je recommande vivement cet article.,5,Positive
Ecran 4K 27 pouces,Les performances sont impressionnantes.,5,Positive
Ecouteurs Bluetooth,Les performances sont impressionnantes.,5,Positive
Tapis de Souris XXL,Design élégant et robuste.,4,Positive
Souris Sans Fil,Très simple à installer.,4,Positive
Cable USB-C Charge Rapide,Correct sans être exceptionnel.,3,Neutral
Cable USB-C Charge Rapide,Je recommande vivement cet article.,4,Positive
Clavier Gamer RGB,Je recommande vivement cet article.,4,Positive
Webcam HD 1080p,Je recommande vivement cet article.,5,Positive
Clavier Gamer RGB,C'est un excellent produit !,4,Positive
Cable USB-C Charge Rapide,Très simple à installer.,5,Positive
Enceinte Connectée,Je recommande vivement cet article.,4,Positive
Souris Sans Fil,Une perte de temps et d'argent.,1,Negative
Webcam HD 1080p,Plastique de mauvaise qualité.,2,Negative
Clavier Gamer RGB,Fonctionne parfaitement bien.,5,Positive
Casque Audio Noise Cancelling,Je recommande vivement cet article.,4,Positive
Cable USB-C Charge Rapide,Les performances sont impressionnantes.,4,Positive
Casque Audio Noise Cancelling,"Moyen, j'attendais un peu mieux.",3,Neutral
Webcam HD 1080p,Je recommande vivement cet article.,4,Positive
Souris Sans Fil,Je recommande vivement cet article.,4,Positive
Cable USB-C Charge Rapide,Très simple à installer.,5,Positive
Souris Sans Fil,Vraiment ravi de mon achat.,5,Positive
Souris Sans Fil,Très simple à installer.,5,Positive
Tapis de Souris XXL,Design élégant et robuste.,5,Positive
Casque Audio Noise Cancelling,Très déçu par cet achat.,2,Negative
Enceinte Connectée,Vraiment ravi de mon achat.,5,Positive
Souris Sans Fil,"Pas mal du tout, malgré quelques petits défauts.",3,Neutral
Ecran 4K 27 pouces,La qualité est au rendez-vous.,5,Positive
Webcam HD 1080p,C'est un excellent produit !,5,Positive
Casque Audio Noise Cancelling,Design élégant et robuste.,4,Positive
Enceinte Connectée,Vraiment ravi de mon achat.,4,Positive
Clavier Gamer RGB,Expédition rapide et soignée.,4,Positive
Webcam HD 1080p,Les performances sont impressionnantes.,5,Positive
Support PC Portable,Produit correct pour le prix.,3,Neutral
Ecouteurs Bluetooth,Produit correct pour le prix.,3,Neutral
Ecran 4K 27 pouces,La qualité est au rendez-vous.,5,Positive
Ecran 4K 27 pouces,Je ne recommande pas ce produit.,1,Negative
Cable USB-C Charge Rapide,Produit correct pour le prix.,3,Neutral
Support PC Portable,Un peu déçu par la finition mais ça fonctionne.,3,Neutral
Ecouteurs Bluetooth,Les performances sont impressionnantes.,4,Positive
Ecouteurs Bluetooth,Fonctionne parfaitement bien.,4,Positive
Ecouteurs Bluetooth,Excellent rapport qualité-prix.,5,Positive
Clavier Gamer RGB,Une perte de temps et d'argent.,2,Negative
Support PC Portable,Le SAV est inexistant.,1,Negative
Cable USB-C Charge Rapide,"Arrivé cassé, inadmissible.",2,Negative
Ecouteurs Bluetooth,La qualité est au rendez-vous.,4,Positive
Souris Sans Fil,La qualité est médiocre.,1,Negative
Enceinte Connectée,Un peu déçu par la finition mais ça fonctionne.,3,Neutral
Support PC Portable,"Super produit, rien à dire.",5,Positive
Ecouteurs Bluetooth,En panne après deux jours d'utilisation.,2,Negative
Cable USB-C Charge Rapide,Design élégant et robuste.,4,Positive
Casque Audio Noise Cancelling,Très déçu par cet achat.,1,Negative
Cable USB-C Charge Rapide,C'est un excellent produit !,5,Positive
Webcam HD 1080p,C'est un excellent produit !,5,Positive
Tapis de Souris XXL,"C'est une arnaque, passez votre chemin.",2,Negative
Cable USB-C Charge Rapide,Expédition rapide et soignée.,4,Positive
Enceinte Connectée,En panne après deux jours d'utilisation.,1,Negative
Enceinte Connectée,La qualité est au rendez-vous.,4,Positive
Souris Sans Fil,Design élégant et robuste.,5,Positive
Souris Sans Fil,Excellent rapport qualité-prix.,5,Positive
Ecouteurs Bluetooth,Une perte de temps et d'argent.,2,Negative
Support PC Portable,Correct sans être exceptionnel.,3,Neutral
Webcam HD 1080p,"Pas mal du tout, malgré quelques petits défauts.",3,Neutral
Souris Sans Fil,"Moyen, j'attendais un peu mieux.",3,Neutral
Webcam HD 1080p,"Arrivé dans les temps, emballage sommaire.",3,Neutral
Ecouteurs Bluetooth,Fonctionne parfaitement bien.,4,Positive
Ecouteurs Bluetooth,"Conforme à la description, mais l'usage est limité.",3,Neutral
Support PC Portable,Fonctionne parfaitement bien.,4,Positive
Ecouteurs Bluetooth,Une perte de temps et d'argent.,1,Negative
Casque Audio Noise Cancelling,"Arrivé cassé, inadmissible.",1,Negative
Cable USB-C Charge Rapide,Design élégant et robuste.,4,Positive
Tapis de Souris XXL,Produit correct pour le prix.,3,Neutral
Souris Sans Fil,Excellent rapport qualité-prix.,5,Positive
Souris Sans Fil,Plastique de mauvaise qualité.,1,Negative
Cable USB-C Charge Rapide,Fonctionne parfaitement bien.,5,Positive
Ecran 4K 27 pouces,"Arrivé dans les temps, emballage sommaire.",3,Neutral
Enceinte Connectée,Ne fonctionne pas du tout.,1,Negative
Webcam HD 1080p,Fonctionne parfaitement bien.,4,Positive
Clavier Gamer RGB,En panne après deux jours d'utilisation.,1,Negative
Casque Audio Noise Cancelling,Expédition rapide et soignée.,4,Positive
Souris Sans Fil,"Conforme à la description, mais l'usage est limité.",3,Neutral
Ecran 4K 27 pouces,Le SAV est inexistant.,2,Negative
Tapis de Souris XXL,Vraiment ravi de mon achat.,4,Positive
Support PC Portable,Vraiment ravi de mon achat.,5,Positive
Webcam HD 1080p,Vraiment ravi de mon achat.,5,Positive
Ecouteurs Bluetooth,Les performances sont impressionnantes.,4,Positive
Enceinte Connectée,Je recommande vivement cet article.,4,Positive
Cable USB-C Charge Rapide,Vraiment ravi de mon achat.,5,Positive
Souris Sans Fil,Le SAV est inexistant.,1,Negative
Webcam HD 1080p,Excellent rapport qualité-prix.,5,Positive
Webcam HD 1080p,Les performances sont impressionnantes.,4,Positive
Support PC Portable,Très déçu par cet achat.,2,Negative
Clavier Gamer RGB,Fonctionne parfaitement bien.,5,Positive
Tapis de Souris XXL,La qualité est médiocre.,1,Negative
Ecran 4K 27 pouces,"Super produit, rien à dire.",5,Positive
Clavier Gamer RGB,Les performances sont impressionnantes.,4,Positive
Webcam HD 1080p,Produit correct pour le prix.,3,Neutral
Tapis de Souris XXL,"Arrivé cassé, inadmissible.",2,Negative
Webcam HD 1080p,La qualité est médiocre.,2,Negative
Cable USB-C Charge Rapide,Fait le job mais sans plus.,3,Neutral
Clavier Gamer RGB,"Super produit, rien à dire.",4,Positive
Tapis de Souris XXL,Fonctionne parfaitement bien.,5,Positive
Clavier Gamer RGB,Plastique de mauvaise qualité.,1,Negative
Enceinte Connectée,"Arrivé dans les temps, emballage sommaire.",3,Neutral
Clavier Gamer RGB,Excellent rapport qualité-prix.,4,Positive
Casque Audio Noise Cancelling,"Arrivé dans les temps, emballage sommaire.",3,Neutral
Casque Audio Noise Cancelling,Design élégant et robuste.,4,Positive
Ecouteurs Bluetooth,En panne après deux jours d'utilisation.,2,Negative
Ecran 4K 27 pouces,Fonctionne parfaitement bien.,4,Positive
Ecran 4K 27 pouces,Fonctionne parfaitement bien.,4,Positive
Casque Audio Noise Cancelling,Produit correct pour le prix.,3,Neutral
Clavier Gamer RGB,Très déçu par cet achat.,1,Negative
Ecouteurs Bluetooth,La qualité est au rendez-vous.,5,Positive
Cable USB-C Charge Rapide,Les performances sont impressionnantes.,5,Positive
Ecran 4K 27 pouces,"Arrivé cassé, inadmissible.",1,Negative
Casque Audio Noise Cancelling,"Super produit, rien à dire.",4,Positive
Ecouteurs Bluetooth,Design élégant et robuste.,4,Positive
Tapis de Souris XXL,"C'est une arnaque, passez votre chemin.",1,Negative
Cable USB-C Charge Rapide,Plastique de mauvaise qualité.,2,Negative
Enceinte Connectée,Le SAV est inexistant.,2,Negative
Enceinte Connectée,Excellent rapport qualité-prix.,5,Positive
Webcam HD 1080p,Fonctionne parfaitement bien.,4,Positive
Souris Sans Fil,Je ne recommande pas ce produit.,1,Negative
Enceinte Connectée,La qualité est au rendez-vous.,5,Positive
Clavier Gamer RGB,"C'est une arnaque, passez votre chemin.",2,Negative
Ecouteurs Bluetooth,Je recommande vivement cet article.,4,Positive
Cable USB-C Charge Rapide,Vraiment ravi de mon achat.,5,Positive
Clavier Gamer RGB,Design élégant et robuste.,5,Positive
Clavier Gamer RGB,"C'est une arnaque, passez votre chemin.",2,Negative
Clavier Gamer RGB,La qualité est au rendez-vous.,5,Positive
Casque Audio Noise Cancelling,C'est un excellent produit !,5,Positive
Enceinte Connectée,Produit correct pour le prix.,3,Neutral
Webcam HD 1080p,"Moyen, j'attendais un peu mieux.",3,Neutral
Cable USB-C Charge Rapide,Très déçu par cet achat.,1,Negative
Tapis de Souris XXL,"Arrivé dans les temps, emballage sommaire.",3,Neutral
Casque Audio Noise Cancelling,Produit correct pour le prix.,3,Neutral
Ecouteurs Bluetooth,Très simple à installer.,5,Positive
Support PC Portable,La qualité est au rendez-vous.,5,Positive
Casque Audio Noise Cancelling,La qualité est au rendez-vous.,4,Positive
Clavier Gamer RGB,Vraiment ravi de mon achat.,5,Positive
Ecran 4K 27 pouces,"Pas mal du tout, malgré quelques petits défauts.",3,Neutral
Tapis de Souris XXL,Les performances sont impressionnantes.,4,Positive
Cable USB-C Charge Rapide,"Super produit, rien à dire.",5,Positive
Webcam HD 1080p,Les performances sont impressionnantes.,5,Positive
Tapis de Souris XXL,"C'est une arnaque, passez votre chemin.",1,Negative
Support PC Portable,Design élégant et robuste.,4,Positive
Clavier Gamer RGB,Le SAV est inexistant.,2,Negative
Ecran 4K 27 pouces,Je recommande vivement cet article.,4,Positive
Webcam HD 1080p,Design élégant et robuste.,4,Positive
Souris Sans Fil,Je recommande vivement cet article.,5,Positive
Support PC Portable,La qualité est au rendez-vous.,4,Positive
Webcam HD 1080p,Un peu déçu par la finition mais ça fonctionne.,3,Neutral
Ecouteurs Bluetooth,Correct sans être exceptionnel.,3,Neutral
Enceinte Connectée,Très déçu par cet achat.,2,Negative
Enceinte Connectée,Produit correct pour le prix.,3,Neutral
Cable USB-C Charge Rapide,En panne après deux jours d'utilisation.,1,Negative
Enceinte Connectée,Un peu déçu par la finition mais ça fonctionne.,3,Neutral
Tapis de Souris XXL,Vraiment ravi de mon achat.,5,Positive
Enceinte Connectée,Expédition rapide et soignée.,4,Positive
Webcam HD 1080p,Vraiment ravi de mon achat.,5,Positive
Casque Audio Noise Cancelling,Très déçu par cet achat.,1,Negative
Tapis de Souris XXL,"Moyen, j'attendais un peu mieux.",3,Neutral
Tapis de Souris XXL,"C'est une arnaque, passez votre chemin.",2,Negative
Cable USB-C Charge Rapide,Correct sans être exceptionnel.,3,Neutral
Tapis de Souris XXL,Les performances sont impressionnantes.,4,Positive
Clavier Gamer RGB,Expédition rapide et soignée.,4,Positive
Enceinte Connectée,"Moyen, j'attendais un peu mieux.",3,Neutral
Ecran 4K 27 pouces,"Super produit, rien à dire.",4,Positive
Souris Sans Fil,Vraiment ravi de mon achat.,4,Positive
Ecran 4K 27 pouces,Très simple à installer.,5,Positive
Ecouteurs Bluetooth,"Arrivé cassé, inadmissible.",1,Negative
Support PC Portable,"Conforme à la description, mais l'usage est limité.",3,Neutral
Tapis de Souris XXL,Fonctionne parfaitement bien.,5,Positive
Tapis de Souris XXL,Fonctionne parfaitement bien.,5,Positive
Support PC Portable,Fonctionne parfaitement bien.,4,Positive
Support PC Portable,"Arrivé dans les temps, emballage sommaire.",3,Neutral
Tapis de Souris XXL,Expédition rapide et soignée.,4,Positive
Support PC Portable,"Conforme à la description, mais l'usage est limité.",3,Neutral
Casque Audio Noise Cancelling,Très simple à installer.,4,Positive
Ecran 4K 27 pouces,"Arrivé dans les temps, emballage sommaire.",3,Neutral
Webcam HD 1080p,"Pas mal du tout, malgré quelques petits défauts.",3,Neutral
Cable USB-C Charge Rapide,Vraiment ravi de mon achat.,4,Positive
Casque Audio Noise Cancelling,Les performances sont impressionnantes.,4,Positive
Support PC Portable,Un peu déçu par la finition mais ça fonctionne.,3,Neutral
Souris Sans Fil,La qualité est médiocre.,1,Negative
Ecouteurs Bluetooth,Vraiment ravi de mon achat.,5,Positive
Souris Sans Fil,Très déçu par cet achat.,2,Negative
Souris Sans Fil,Le SAV est inexistant.,1,Negative
Enceinte Connectée,En panne après deux jours d'utilisation.,2,Negative
Souris Sans Fil,Je recommande vivement cet article.,4,Positive
Ecouteurs Bluetooth,Les performances sont impressionnantes.,5,Positive
Webcam HD 1080p,Produit correct pour le prix.,3,Neutral
Ecouteurs Bluetooth,"Moyen, j'attendais un peu mieux.",3,Neutral
Support PC Portable,Une perte de temps et d'argent.,2,Negative
Cable USB-C Charge Rapide,Correct sans être exceptionnel.,3,Neutral
Souris Sans Fil,Fait le job mais sans plus.,3,Neutral
Souris Sans Fil,"C'est une arnaque, passez votre chemin.",2,Negative
Casque Audio Noise Cancelling,Très simple à installer.,4,Positive
Webcam HD 1080p,Fonctionne parfaitement bien.,4,Positive
Cable USB-C Charge Rapide,Les performances sont impressionnantes.,4,Positive
Enceinte Connectée,Je ne recommande pas ce produit.,2,Negative
Tapis de Souris XXL,La qualité est au rendez-vous.,4,Positive
Clavier Gamer RGB,Une perte de temps et d'argent.,1,Negative
Enceinte Connectée,Vraiment ravi de mon achat.,5,Positive
Tapis de Souris XXL,Je recommande vivement cet article.,4,Positive
Cable USB-C Charge Rapide,La qualité est au rendez-vous.,4,Positive
Cable USB-C Charge Rapide,"Arrivé cassé, inadmissible.",2,Negative
Ecouteurs Bluetooth,La qualité est médiocre.,2,Negative
Ecouteurs Bluetooth,C'est un excellent produit !,4,Positive
Webcam HD 1080p,Très déçu par cet achat.,1,Negative
Support PC Portable,En panne après deux jours d'utilisation.,1,Negative
Ecran 4K 27 pouces,Design élégant et robuste.,5,Positive
Enceinte Connectée,Je recommande vivement cet article.,5,Positive
Ecouteurs Bluetooth,Fait le job mais sans plus.,3,Neutral
Support PC Portable,Je ne recommande pas ce produit.,2,Negative
Ecouteurs Bluetooth,Ne fonctionne pas du tout.,2,Negative
Tapis de Souris XXL,Ne fonctionne pas du tout.,1,Negative
Tapis de Souris XXL,Je recommande vivement cet article.,5,Positive
Support PC Portable,Fait le job mais sans plus.,3,Neutral
Tapis de Souris XXL,Une perte de temps et d'argent.,1,Negative
Ecouteurs Bluetooth,Plastique de mauvaise qualité.,2,Negative
Enceinte Connectée,Produit correct pour le prix.,3,Neutral
Clavier Gamer RGB,Fonctionne parfaitement bien.,5,Positive
Ecran 4K 27 pouces,Design élégant et robuste.,4,Positive
Souris Sans Fil,"Pas mal du tout, malgré quelques petits défauts.",3,Neutral
Souris Sans Fil,Très simple à installer.,4,Positive
Ecran 4K 27 pouces,Design élégant et robuste.,4,Positive
Enceinte Connectée,Correct sans être exceptionnel.,3,Neutral
Clavier Gamer RGB,Les performances sont impressionnantes.,5,Positive
Casque Audio Noise Cancelling,Un peu déçu par la finition mais ça fonctionne.,3,Neutral
Tapis de Souris XXL,Je recommande vivement cet article.,4,Positive
Ecran 4K 27 pouces,"C'est une arnaque, passez votre chemin.",2,Negative
Casque Audio Noise Cancelling,Je recommande vivement cet article.,5,Positive
Ecouteurs Bluetooth,Excellent rapport qualité-prix.,5,Positive
Support PC Portable,Vraiment ravi de mon achat.,5,Positive
Souris Sans Fil,"Super produit, rien à dire.",5,Positive
Ecouteurs Bluetooth,La qualité est au rendez-vous.,5,Positive
Support PC Portable,"Arrivé cassé, inadmissible.",2,Negative
Casque Audio Noise Cancelling,Produit correct pour le prix.,3,Neutral
Cable USB-C Charge Rapide,Excellent rapport qualité-prix.,4,Positive
Clavier Gamer RGB,Je recommande vivement cet article.,5,Positive
Tapis de Souris XXL,Excellent rapport qualité-prix.,5,Positive
Casque Audio Noise Cancelling,Je recommande vivement cet article.,4,Positive
Support PC Portable,"Moyen, j'attendais un peu mieux.",3,Neutral
Clavier Gamer RGB,Fonctionne parfaitement bien.,5,Positive
Webcam HD 1080p,Ne fonctionne pas du tout.,1,Negative
Webcam HD 1080p,Correct sans être exceptionnel.,3,Neutral
Webcam HD 1080p,Excellent rapport qualité-prix.,4,Positive
Ecouteurs Bluetooth,"Moyen, j'attendais un peu mieux.",3,Neutral
Tapis de Souris XXL,Fait le job mais sans plus.,3,Neutral
Clavier Gamer RGB,Très simple à installer.,5,Positive
Ecran 4K 27 pouces,Plastique de mauvaise qualité.,2,Negative
Cable USB-C Charge Rapide,En panne après deux jours d'utilisation.,2,Negative
Casque Audio Noise Cancelling,C'est un excellent produit !,4,Positive
Clavier Gamer RGB,Le SAV est inexistant.,1,Negative
Casque Audio Noise Cancelling,Produit correct pour le prix.,3,Neutral
Souris Sans Fil,Fonctionne parfaitement bien.,4,Positive
Ecran 4K 27 pouces,Excellent rapport qualité-prix.,4,Positive
Casque Audio Noise Cancelling,Vraiment ravi de mon achat.,5,Positive
Ecouteurs Bluetooth,C'est un excellent produit !,5,Positive
Clavier Gamer RGB,Correct sans être exceptionnel.,3,Neutral
Ecouteurs Bluetooth,"Arrivé dans les temps, emballage sommaire.",3,Neutral
Ecran 4K 27 pouces,En panne après deux jours d'utilisation.,2,Negative
Casque Audio Noise Cancelling,Je recommande vivement cet article.,4,Positive
Cable USB-C Charge Rapide,Je recommande vivement cet article.,4,Positive
Webcam HD 1080p,Excellent rapport qualité-prix.,5,Positive
Ecouteurs Bluetooth,Très simple à installer.,5,Positive
Cable USB-C Charge Rapide,Excellent rapport qualité-prix.,4,Positive
Clavier Gamer RGB,En panne après deux jours d'utilisation.,2,Negative
Enceinte Connectée,"Conforme à la description, mais l'usage est limité.",3,Neutral
Ecran 4K 27 pouces,Excellent rapport qualité-prix.,4,Positive
Ecran 4K 27 pouces,Les performances sont impressionnantes.,5,Positive
Ecouteurs Bluetooth,"Moyen, j'attendais un peu mieux.",3,Neutral
Souris Sans Fil,Ne fonctionne pas du tout.,1,Negative
Enceinte Connectée,Les performances sont impressionnantes.,5,Positive
Ecran 4K 27 pouces,Les performances sont impressionnantes.,5,Positive
Support PC Portable,C'est un excellent produit !,4,Positive
Support PC Portable,Expédition rapide et soignée.,5,Positive
Souris Sans Fil,C'est un excellent produit !,5,Positive
Cable USB-C Charge Rapide,"Conforme à la description, mais l'usage est limité.",3,Neutral
Enceinte Connectée,Expédition rapide et soignée.,4,Positive
Support PC Portable,Fait le job mais sans plus.,3,Neutral
Ecouteurs Bluetooth,Excellent rapport qualité-prix.,4,Positive
Souris Sans Fil,Correct sans être exceptionnel.,3,Neutral
Enceinte Connectée,Correct sans être exceptionnel.,3,Neutral
Ecran 4K 27 pouces,C'est un excellent produit !,4,Positive
Casque Audio Noise Cancelling,La qualité est au rendez-vous.,5,Positive
Enceinte Connectée,Je recommande vivement cet article.,4,Positive
Ecouteurs Bluetooth,"Super produit, rien à dire.",5,Positive
Cable USB-C Charge Rapide,Les performances sont impressionnantes.,5,Positive
Souris Sans Fil,Les performances sont impressionnantes.,4,Positive
Tapis de Souris XXL,Design élégant et robuste.,5,Positive
Support PC Portable,La qualité est au rendez-vous.,5,Positive
Souris Sans Fil,C'est un excellent produit !,5,Positive
Tapis de Souris XXL,Design élégant et robuste.,4,Positive
Ecouteurs Bluetooth,Je ne recommande pas ce produit.,1,Negative
Ecran 4K 27 pouces,Très simple à installer.,4,Positive
Support PC Portable,Les performances sont impressionnantes.,4,Positive
Support PC Portable,Expédition rapide et soignée.,4,Positive
Enceinte Connectée,Très déçu par cet achat.,2,Negative
Ecran 4K 27 pouces,Les performances sont impressionnantes.,5,Positive
Cable USB-C Charge Rapide,Je recommande vivement cet article.,5,Positive
Enceinte Connectée,Vraiment ravi de mon achat.,4,Positive
Webcam HD 1080p,Je recommande vivement cet article.,4,Positive
Souris Sans Fil,La qualité est au rendez-vous.,4,Positive
Enceinte Connectée,Expédition rapide et soignée.,5,Positive
Webcam HD 1080p,"Pas mal du tout, malgré quelques petits défauts.",3,Neutral
Webcam HD 1080p,"Conforme à la description, mais l'usage est limité.",3,Neutral
Ecran 4K 27 pouces,Fonctionne parfaitement bien.,4,Positive
Ecouteurs Bluetooth,La qualité est médiocre.,1,Negative
Souris Sans Fil,Expédition rapide et soignée.,4,Positive
Ecouteurs Bluetooth,La qualité est médiocre.,1,Negative
Enceinte Connectée,"C'est une arnaque, passez votre chemin.",2,Negative
Tapis de Souris XXL,Fonctionne parfaitement bien.,4,Positive
Enceinte Connectée,Design élégant et robuste.,5,Positive
Tapis de Souris XXL,Très simple à installer.,5,Positive
Ecouteurs Bluetooth,La qualité est médiocre.,1,Negative
Cable USB-C Charge Rapide,"Arrivé dans les temps, emballage sommaire.",3,Neutral
Enceinte Connectée,"Super produit, rien à dire.",5,Positive
Ecouteurs Bluetooth,"Super produit, rien à dire.",5,Positive
Tapis de Souris XXL,Design élégant et robuste.,5,Positive
Tapis de Souris XXL,Un peu déçu par la finition mais ça fonctionne.,3,Neutral
Webcam HD 1080p,Excellent rapport qualité-prix.,4,Positive
Tapis de Souris XXL,Fonctionne parfaitement bien.,4,Positive
Support PC Portable,C'est un excellent produit !,4,Positive
Webcam HD 1080p,Expédition rapide et soignée.,4,Positive
Cable USB-C Charge Rapide,Les performances sont impressionnantes.,4,Positive
Cable USB-C Charge Rapide,"Super produit, rien à dire.",5,Positive
Support PC Portable,Je recommande vivement cet article.,5,Positive
Clavier Gamer RGB,"C'est une arnaque, passez votre chemin.",1,Negative
Webcam HD 1080p,"Conforme à la description, mais l'usage est limité.",3,Neutral
Souris Sans Fil,C'est un excellent produit !,4,Positive
Tapis de Souris XXL,La qualité est au rendez-vous.,4,Positive
Souris Sans Fil,C'est un excellent produit !,4,Positive
Support PC Portable,Produit correct pour le prix.,3,Neutral
Tapis de Souris XXL,Fonctionne parfaitement bien.,5,Positive
Webcam HD 1080p,"Moyen, j'attendais un peu mieux.",3,Neutral
Tapis de Souris XXL,"Arrivé cassé, inadmissible.",1,Negative
Tapis de Souris XXL,Excellent rapport qualité-prix.,5,Positive
Clavier Gamer RGB,Je recommande vivement cet article.,4,Positive
Ecouteurs Bluetooth,Je recommande vivement cet article.,4,Positive
Webcam HD 1080p,La qualité est au rendez-vous.,5,Positive
Clavier Gamer RGB,Vraiment ravi de mon achat.,5,Positive
Tapis de Souris XXL,Les performances sont impressionnantes.,4,Positive
Support PC Portable,La qualité est au rendez-vous.,4,Positive
Ecouteurs Bluetooth,La qualité est au rendez-vous.,4,Positive
Clavier Gamer RGB,Design élégant et robuste.,5,Positive
Ecouteurs Bluetooth,Je ne recommande pas ce produit.,1,Negative
Ecran 4K 27 pouces,Correct sans être exceptionnel.,3,Neutral
Cable USB-C Charge Rapide,La qualité est au rendez-vous.,5,Positive
Cable USB-C Charge Rapide,Excellent rapport qualité-prix.,5,Positive
Ecran 4K 27 pouces,Plastique de mauvaise qualité.,2,Negative
Souris Sans Fil,"C'est une arnaque, passez votre chemin.",2,Negative
Cable USB-C Charge Rapide,Les performances sont impressionnantes.,5,Positive
Tapis de Souris XXL,"Super produit, rien à dire.",5,Positive
Souris Sans Fil,La qualité est au rendez-vous.,5,Positive
Enceinte Connectée,Expédition rapide et soignée.,5,Positive
Cable USB-C Charge Rapide,Vraiment ravi de mon achat.,5,Positive
Enceinte Connectée,"Pas mal du tout, malgré quelques petits défauts.",3,Neutral
Ecran 4K 27 pouces,Vraiment ravi de mon achat.,4,Positive
Enceinte Connectée,Correct sans être exceptionnel.,3,Neutral
Support PC Portable,Expédition rapide et soignée.,5,Positive
Webcam HD 1080p,Expédition rapide et soignée.,4,Positive
Ecouteurs Bluetooth,Produit correct pour le prix.,3,Neutral
Souris Sans Fil,Expédition rapide et soignée.,5,Positive
Ecouteurs Bluetooth,Je recommande vivement cet article.,5,Positive
Souris Sans Fil,C'est un excellent produit !,4,Positive
Support PC Portable,"Arrivé cassé, inadmissible.",2,Negative
Webcam HD 1080p,"Arrivé dans les temps, emballage sommaire.",3,Neutral
Support PC Portable,En panne après deux jours d'utilisation.,2,Negative
Webcam HD 1080p,Je recommande vivement cet article.,5,Positive
Clavier Gamer RGB,Le SAV est inexistant.,1,Negative
Ecouteurs Bluetooth,Les performances sont impressionnantes.,5,Positive
Casque Audio Noise Cancelling,Très simple à installer.,4,Positive
Souris Sans Fil,"Arrivé cassé, inadmissible.",1,Negative
Souris Sans Fil,C'est un excellent produit !,5,Positive
Ecouteurs Bluetooth,Expédition rapide et soignée.,4,Positive
Support PC Portable,C'est un excellent produit !,5,Positive
Souris Sans Fil,Je recommande vivement cet article.,4,Positive
Cable USB-C Charge Rapide,Fonctionne parfaitement bien.,4,Positive
Casque Audio Noise Cancelling,La qualité est au rendez-vous.,4,Positive
Enceinte Connectée,Très déçu par cet achat.,2,Negative
Support PC Portable,Design élégant et robuste.,4,Positive
Enceinte Connectée,Un peu déçu par la finition mais ça fonctionne.,3,Neutral
Support PC Portable,"Conforme à la description, mais l'usage est limité.",3,Neutral
Ecran 4K 27 pouces,Fait le job mais sans plus.,3,Neutral
Casque Audio Noise Cancelling,Excellent rapport qualité-prix.,4,Positive
Tapis de Souris XXL,"Arrivé cassé, inadmissible.",2,Negative
Casque Audio Noise Cancelling,Design élégant et robuste.,5,Positive
Webcam HD 1080p,Fonctionne parfaitement bien.,4,Positive
Tapis de Souris XXL,Les performances sont impressionnantes.,4,Positive
Webcam HD 1080p,Fait le job mais sans plus.,3,Neutral
Ecran 4K 27 pouces,C'est un excellent produit !,4,Positive
Ecran 4K 27 pouces,Expédition rapide et soignée.,4,Positive
Casque Audio Noise Cancelling,"Arrivé dans les temps, emballage sommaire.",3,Neutral
Souris Sans Fil,"Super produit, rien à dire.",5,Positive
Support PC Portable,La qualité est au rendez-vous.,5,Positive
Souris Sans Fil,Design élégant et robuste.,4,Positive
Ecouteurs Bluetooth,"Super produit, rien à dire.",4,Positive
Casque Audio Noise Cancelling,La qualité est médiocre.,1,Negative
Tapis de Souris XXL,"Super produit, rien à dire.",5,Positive
Support PC Portable,Excellent rapport qualité-prix.,5,Positive
Clavier Gamer RGB,"Super produit, rien à dire.",5,Positive
Ecouteurs Bluetooth,"Conforme à la description, mais l'usage est limité.",3,Neutral
Enceinte Connectée,Expédition rapide et soignée.,5,Positive
Enceinte Connectée,La qualité est médiocre.,1,Negative
Casque Audio Noise Cancelling,"Super produit, rien à dire.",5,Positive
Ecouteurs Bluetooth,Les performances sont impressionnantes.,5,Positive
Cable USB-C Charge Rapide,Excellent rapport qualité-prix.,5,Positive
Clavier Gamer RGB,Vraiment ravi de mon achat.,4,Positive
Support PC Portable,Les performances sont impressionnantes.,4,Positive
Tapis de Souris XXL,"Super produit, rien à dire.",5,Positive
Cable USB-C Charge Rapide,Produit correct pour le prix.,3,Neutral
Enceinte Connectée,Expédition rapide et soignée.,5,Positive
Casque Audio Noise Cancelling,Je recommande vivement cet article.,5,Positive
Clavier Gamer RGB,C'est un excellent produit !,5,Positive
Enceinte Connectée,Un peu déçu par la finition mais ça fonctionne.,3,Neutral
Souris Sans Fil,La qualité est au rendez-vous.,4,Positive
Souris Sans Fil,"Arrivé dans les temps, emballage sommaire.",3,Neutral
Cable USB-C Charge Rapide,Les performances sont impressionnantes.,5,Positive
Ecran 4K 27 pouces,Très déçu par cet achat.,2,Negative
Ecouteurs Bluetooth,La qualité est au rendez-vous.,4,Positive
Webcam HD 1080p,Une perte de temps et d'argent.,1,Negative
Enceinte Connectée,En panne après deux jours d'utilisation.,1,Negative
Cable USB-C Charge Rapide,La qualité est au rendez-vous.,4,Positive
Cable USB-C Charge Rapide,Fait le job mais sans plus.,3,Neutral
Casque Audio Noise Cancelling,"Arrivé cassé, inadmissible.",1,Negative
Cable USB-C Charge Rapide,Très déçu par cet achat.,1,Negative
Tapis de Souris XXL,Excellent rapport qualité-prix.,4,Positive
Cable USB-C Charge Rapide,Correct sans être exceptionnel.,3,Neutral
Cable USB-C Charge Rapide,Les performances sont impressionnantes.,4,Positive
Casque Audio Noise Cancelling,Je ne recommande pas ce produit.,2,Negative
Clavier Gamer RGB,Excellent rapport qualité-prix.,4,Positive
Souris Sans Fil,Les performances sont impressionnantes.,5,Positive
Tapis de Souris XXL,C'est un excellent produit !,4,Positive
Tapis de Souris XXL,Les performances sont impressionnantes.,5,Positive
Support PC Portable,Très simple à installer.,5,Positive
Casque Audio Noise Cancelling,Expédition rapide et soignée.,4,Positive
Tapis de Souris XXL,La qualité est au rendez-vous.,5,Positive
Support PC Portable,Plastique de mauvaise qualité.,2,Negative
Enceinte Connectée,"Arrivé dans les temps, emballage sommaire.",3,Neutral
Cable USB-C Charge Rapide,"Super produit, rien à dire.",4,Positive
Support PC Portable,Vraiment ravi de mon achat.,5,Positive
Ecran 4K 27 pouces,"Moyen, j'attendais un peu mieux.",3,Neutral
Cable USB-C Charge Rapide,Design élégant et robuste.,5,Positive
Support PC Portable,Les performances sont impressionnantes.,4,Positive
Tapis de Souris XXL,C'est un excellent produit !,5,Positive
Cable USB-C Charge Rapide,Fonctionne parfaitement bien.,5,Positive
Casque Audio Noise Cancelling,Une perte de temps et d'argent.,1,Negative
Webcam HD 1080p,Ne fonctionne pas du tout.,1,Negative
Casque Audio Noise Cancelling,Les performances sont impressionnantes.,4,Positive
Cable USB-C Charge Rapide,Excellent rapport qualité-prix.,4,Positive
Enceinte Connectée,Excellent rapport qualité-prix.,4,Positive
Webcam HD 1080p,"Super produit, rien à dire.",5,Positive
Ecouteurs Bluetooth,"Moyen, j'attendais un peu mieux.",3,Neutral
Enceinte Connectée,Fonctionne parfaitement bien.,5,Positive
Casque Audio Noise Cancelling,Je recommande vivement cet article.,5,Positive
Support PC Portable,Excellent rapport qualité-prix.,4,Positive
Cable USB-C Charge Rapide,Design élégant et robuste.,5,Positive
Souris Sans Fil,Fait le job mais sans plus.,3,Neutral
Casque Audio Noise Cancelling,Excellent rapport qualité-prix.,5,Positive
Casque Audio Noise Cancelling,Les performances sont impressionnantes.,4,Positive
Ecran 4K 27 pouces,Les performances sont impressionnantes.,4,Positive
Webcam HD 1080p,Produit correct pour le prix.,3,Neutral
Tapis de Souris XXL,Correct sans être exceptionnel.,3,Neutral
Webcam HD 1080p,Fait le job mais sans plus.,3,Neutral
Tapis de Souris XXL,Très simple à installer.,5,Positive
Enceinte Connectée,"C'est une arnaque, passez votre chemin.",1,Negative
Tapis de Souris XXL,Un peu déçu par la finition mais ça fonctionne.,3,Neutral
Souris Sans Fil,Expédition rapide et soignée.,4,Positive
Souris Sans Fil,Fonctionne parfaitement bien.,4,Positive
Webcam HD 1080p,"Super produit, rien à dire.",4,Positive
Webcam HD 1080p,La qualité est au rendez-vous.,4,Positive
Support PC Portable,Les performances sont impressionnantes.,4,Positive
Tapis de Souris XXL,Plastique de mauvaise qualité.,1,Negative
Support PC Portable,Fait le job mais sans plus.,3,Neutral
Clavier Gamer RGB,"Arrivé dans les temps, emballage sommaire.",3,Neutral
Enceinte Connectée,Ne fonctionne pas du tout.,2,Negative
Casque Audio Noise Cancelling,"Arrivé cassé, inadmissible.",1,Negative
Enceinte Connectée,"Conforme à la description, mais l'usage est limité.",3,Neutral
Support PC Portable,Je ne recommande pas ce produit.,1,Negative
Casque Audio Noise Cancelling,En panne après deux jours d'utilisation.,1,Negative
Casque Audio Noise Cancelling,"Conforme à la description, mais l'usage est limité.",3,Neutral
Casque Audio Noise Cancelling,Fait le job mais sans plus.,3,Neutral
Souris Sans Fil,La qualité est médiocre.,1,Negative
Tapis de Souris XXL,La qualité est au rendez-vous.,5,Positive
Ecran 4K 27 pouces,Un peu déçu par la finition mais ça fonctionne.,3,Neutral
Cable USB-C Charge Rapide,Design élégant et robuste.,4,Positive
Support PC Portable,"Pas mal du tout, malgré quelques petits défauts.",3,Neutral
Tapis de Souris XXL,Expédition rapide et soignée.,5,Positive
Support PC Portable,"Pas mal du tout, malgré quelques petits défauts.",3,Neutral
Webcam HD 1080p,La qualité est au rendez-vous.,4,Positive
Enceinte Connectée,Expédition rapide et soignée.,4,Positive
Webcam HD 1080p,Je recommande vivement cet article.,5,Positive
Souris Sans Fil,Design élégant et robuste.,5,Positive
Support PC Portable,Correct sans être exceptionnel.,3,Neutral
Souris Sans Fil,Excellent rapport qualité-prix.,5,Positive
Cable USB-C Charge Rapide,Produit correct pour le prix.,3,Neutral
Ecran 4K 27 pouces,Les performances sont impressionnantes.,4,Positive
Clavier Gamer RGB,Design élégant et robuste.,5,Positive
Webcam HD 1080p,La qualité est médiocre.,2,Negative
Webcam HD 1080p,Le SAV est inexistant.,2,Negative
Tapis de Souris XXL,"Super produit, rien à dire.",5,Positive
Souris Sans Fil,La qualité est médiocre.,2,Negative
Support PC Portable,Ne fonctionne pas du tout.,1,Negative
Tapis de Souris XXL,Fonctionne parfaitement bien.,4,Positive
Souris Sans Fil,"Super produit, rien à dire.",4,Positive
Ecran 4K 27 pouces,Les performances sont impressionnantes.,5,Positive
Clavier Gamer RGB,Plastique de mauvaise qualité.,1,Negative
Tapis de Souris XXL,"Arrivé dans les temps, emballage sommaire.",3,Neutral
Ecouteurs Bluetooth,Je ne recommande pas ce produit.,1,Negative
Enceinte Connectée,Très déçu par cet achat.,1,Negative
Support PC Portable,Fonctionne parfaitement bien.,4,Positive
Cable USB-C Charge Rapide,Correct sans être exceptionnel.,3,Neutral
Ecran 4K 27 pouces,La qualité est au rendez-vous.,5,Positive
Clavier Gamer RGB,Le SAV est inexistant.,2,Negative
Cable USB-C Charge Rapide,Vraiment ravi de mon achat.,4,Positive
Souris Sans Fil,Fonctionne parfaitement bien.,4,Positive
Ecran 4K 27 pouces,Design élégant et robuste.,5,Positive
Ecouteurs Bluetooth,Expédition rapide et soignée.,4,Positive
Ecouteurs Bluetooth,Design élégant et robuste.,4,Positive
Ecouteurs Bluetooth,Très simple à installer.,4,Positive
Webcam HD 1080p,Je recommande vivement cet article.,5,Positive
Webcam HD 1080p,Vraiment ravi de mon achat.,5,Positive
Support PC Portable,Un peu déçu par la finition mais ça fonctionne.,3,Neutral
Webcam HD 1080p,Très déçu par cet achat.,2,Negative
Cable USB-C Charge Rapide,"Pas mal du tout, malgré quelques petits défauts.",3,Neutral
Support PC Portable,"Moyen, j'attendais un peu mieux.",3,Neutral
Enceinte Connectée,"Super produit, rien à dire.",5,Positive
Cable USB-C Charge Rapide,Expédition rapide et soignée.,4,Positive
Cable USB-C Charge Rapide,"Pas mal du tout, malgré quelques petits défauts.",3,Neutral
Support PC Portable,Design élégant et robuste.,4,Positive
Clavier Gamer RGB,Design élégant et robuste.,5,Positive
Souris Sans Fil,"Super produit, rien à dire.",5,Positive
Cable USB-C Charge Rapide,Expédition rapide et soignée.,5,Positive
Enceinte Connectée,Ne fonctionne pas du tout.,1,Negative
Ecran 4K 27 pouces,Expédition rapide et soignée.,5,Positive
Enceinte Connectée,Les performances sont impressionnantes.,5,Positive
Ecran 4K 27 pouces,Expédition rapide et soignée.,4,Positive
Souris Sans Fil,La qualité est au rendez-vous.,5,Positive
Souris Sans Fil,Correct sans être exceptionnel.,3,Neutral
Tapis de Souris XXL,"Arrivé cassé, inadmissible.",2,Negative
Casque Audio Noise Cancelling,"Pas mal du tout, malgré quelques petits défauts.",3,Neutral
Ecran 4K 27 pouces,Je ne recommande pas ce produit.,2,Negative
Tapis de Souris XXL,Expédition rapide et soignée.,5,Positive
Tapis de Souris XXL,Les performances sont impressionnantes.,5,Positive
Casque Audio Noise Cancelling,Produit correct pour le prix.,3,Neutral
Casque Audio Noise Cancelling,Expédition rapide et soignée.,5,Positive
Souris Sans Fil,Très déçu par cet achat.,2,Negative
Ecran 4K 27 pouces,Je recommande vivement cet article.,5,Positive
Tapis de Souris XXL,Excellent rapport qualité-prix.,5,Positive
Tapis de Souris XXL,Fonctionne parfaitement bien.,4,Positive
Webcam HD 1080p,Vraiment ravi de mon achat.,5,Positive
Ecouteurs Bluetooth,Design élégant et robuste.,5,Positive
Webcam HD 1080p,"Super produit, rien à dire.",4,Positive
Casque Audio Noise Cancelling,"Conforme à la description, mais l'usage est limité.",3,Neutral
Ecran 4K 27 pouces,C'est un excellent produit !,5,Positive
Ecouteurs Bluetooth,Je recommande vivement cet article.,5,Positive
Enceinte Connectée,Vraiment ravi de mon achat.,5,Positive
Support PC Portable,Expédition rapide et soignée.,4,Positive
Casque Audio Noise Cancelling,"Arrivé cassé, inadmissible.",1,Negative
Cable USB-C Charge Rapide,Design élégant et robuste.,4,Positive
Ecran 4K 27 pouces,Très simple à installer.,5,Positive
Enceinte Connectée,La qualité est médiocre.,1,Negative
Ecouteurs Bluetooth,En panne après deux jours d'utilisation.,2,Negative
Support PC Portable,Un peu déçu par la finition mais ça fonctionne.,3,Neutral
Souris Sans Fil,Design élégant et robuste.,4,Positive
Tapis de Souris XXL,Je recommande vivement cet article.,5,Positive
Webcam HD 1080p,Produit correct pour le prix.,3,Neutral
Souris Sans Fil,Excellent rapport qualité-prix.,5,Positive
Casque Audio Noise Cancelling,Le SAV est inexistant.,1,Negative
Clavier Gamer RGB,Très déçu par cet achat.,2,Negative
Webcam HD 1080p,Très simple à installer.,4,Positive
Tapis de Souris XXL,"Conforme à la description, mais l'usage est limité.",3,Neutral
Cable USB-C Charge Rapide,Vraiment ravi de mon achat.,4,Positive
Webcam HD 1080p,Très simple à installer.,4,Positive
Souris Sans Fil,Fait le job mais sans plus.,3,Neutral
Webcam HD 1080p,Ne fonctionne pas du tout.,1,Negative
Casque Audio Noise Cancelling,"C'est une arnaque, passez votre chemin.",2,Negative
Souris Sans Fil,Fait le job mais sans plus.,3,Neutral
Souris Sans Fil,"Moyen, j'attendais un peu mieux.",3,Neutral
Support PC Portable,C'est un excellent produit !,5,Positive
Casque Audio Noise Cancelling,Les performances sont impressionnantes.,4,Positive
Casque Audio Noise Cancelling,Expédition rapide et soignée.,4,Positive
Casque Audio Noise Cancelling,Les performances sont impressionnantes.,4,Positive
Tapis de Souris XXL,Les performances sont impressionnantes.,4,Positive
Tapis de Souris XXL,Plastique de mauvaise qualité.,1,Negative
Souris Sans Fil,Vraiment ravi de mon achat.,4,Positive
Clavier Gamer RGB,La qualité est au rendez-vous.,4,Positive
Enceinte Connectée,Expédition rapide et soignée.,4,Positive
Tapis de Souris XXL,Plastique de mauvaise qualité.,1,Negative
Cable USB-C Charge Rapide,Fonctionne parfaitement bien.,5,Positive
Ecran 4K 27 pouces,Produit correct pour le prix.,3,Neutral
Souris Sans Fil,Ne fonctionne pas du tout.,2,Negative
Casque Audio Noise Cancelling,Excellent rapport qualité-prix.,4,Positive
Clavier Gamer RGB,Fonctionne parfaitement bien.,5,Positive
Ecran 4K 27 pouces,Fait le job mais sans plus.,3,Neutral
Ecouteurs Bluetooth,La qualité est médiocre.,1,Negative
Ecran 4K 27 pouces,Les performances sont impressionnantes.,5,Positive
Tapis de Souris XXL,"Moyen, j'attendais un peu mieux.",3,Neutral
Casque Audio Noise Cancelling,Très simple à installer.,4,Positive
Tapis de Souris XXL,Design élégant et robuste.,4,Positive
Clavier Gamer RGB,Excellent rapport qualité-prix.,5,Positive
Ecouteurs Bluetooth,Vraiment ravi de mon achat.,5,Positive
Casque Audio Noise Cancelling,Plastique de mauvaise qualité.,2,Negative
Ecouteurs Bluetooth,"Arrivé dans les temps, emballage sommaire.",3,Neutral
Support PC Portable,"Super produit, rien à dire.",5,Positive
Tapis de Souris XXL,La qualité est au rendez-vous.,4,Positive
Webcam HD 1080p,La qualité est au rendez-vous.,4,Positive
Support PC Portable,Produit correct pour le prix.,3,Neutral
Webcam HD 1080p,En panne après deux jours d'utilisation.,2,Negative
Webcam HD 1080p,Excellent rapport qualité-prix.,4,Positive
Souris Sans Fil,"Super produit, rien à dire.",4,Positive
Souris Sans Fil,La qualité est au rendez-vous.,4,Positive
Clavier Gamer RGB,Excellent rapport qualité-prix.,5,Positive
Tapis de Souris XXL,"Arrivé cassé, inadmissible.",2,Negative
Tapis de Souris XXL,Expédition rapide et soignée.,4,Positive
Clavier Gamer RGB,La qualité est médiocre.,1,Negative
Casque Audio Noise Cancelling,Les performances sont impressionnantes.,5,Positive
Enceinte Connectée,C'est un excellent produit !,4,Positive
Tapis de Souris XXL,Une perte de temps et d'argent.,1,Negative
Ecouteurs Bluetooth,Design élégant et robuste.,5,Positive
Casque Audio Noise Cancelling,La qualité est médiocre.,2,Negative
Webcam HD 1080p,Je ne recommande pas ce produit.,1,Negative
Support PC Portable,La qualité est au rendez-vous.,5,Positive
Tapis de Souris XXL,"Moyen, j'attendais un peu mieux.",3,Neutral
Webcam HD 1080p,Fait le job mais sans plus.,3,Neutral
Support PC Portable,La qualité est au rendez-vous.,4,Positive
Ecran 4K 27 pouces,Fonctionne parfaitement bien.,4,Positive
Ecouteurs Bluetooth,"Arrivé dans les temps, emballage sommaire.",3,Neutral
Cable USB-C Charge Rapide,Plastique de mauvaise qualité.,1,Negative
Ecran 4K 27 pouces,Expédition rapide et soignée.,5,Positive
Support PC Portable,"Pas mal du tout, malgré quelques petits défauts.",3,Neutral
Souris Sans Fil,"Super produit, rien à dire.",5,Positive
Souris Sans Fil,Excellent rapport qualité-prix.,4,Positive
Clavier Gamer RGB,Correct sans être exceptionnel.,3,Neutral
Clavier Gamer RGB,Fonctionne parfaitement bien.,4,Positive
Souris Sans Fil,Les performances sont impressionnantes.,4,Positive
Support PC Portable,Fonctionne parfaitement bien.,5,Positive
Webcam HD 1080p,Design élégant et robuste.,4,Positive
Webcam HD 1080p,Vraiment ravi de mon achat.,5,Positive
Cable USB-C Charge Rapide,"Moyen, j'attendais un peu mieux.",3,Neutral
Tapis de Souris XXL,Je ne recommande pas ce produit.,1,Negative
Tapis de Souris XXL,Le SAV est inexistant.,2,Negative
Support PC Portable,"Moyen, j'attendais un peu mieux.",3,Neutral
Enceinte Connectée,Excellent rapport qualité-prix.,5,Positive
Clavier Gamer RGB,Ne fonctionne pas du tout.,1,Negative
Ecran 4K 27 pouces,Ne fonctionne pas du tout.,1,Negative
Enceinte Connectée,Correct sans être exceptionnel.,3,Neutral
Tapis de Souris XXL,Très simple à installer.,5,Positive
Ecouteurs Bluetooth,Une perte de temps et d'argent.,1,Negative
Enceinte Connectée,C'est un excellent produit !,4,Positive
Ecran 4K 27 pouces,"Moyen, j'attendais un peu mieux.",3,Neutral
Enceinte Connectée,Correct sans être exceptionnel.,3,Neutral
Webcam HD 1080p,Le SAV est inexistant.,1,Negative
Tapis de Souris XXL,Expédition rapide et soignée.,4,Positive
Souris Sans Fil,"Super produit, rien à dire.",4,Positive
Webcam HD 1080p,Très simple à installer.,4,Positive
Webcam HD 1080p,Je recommande vivement cet article.,4,Positive
Clavier Gamer RGB,Je ne recommande pas ce produit.,2,Negative
Casque Audio Noise Cancelling,"C'est une arnaque, passez votre chemin.",2,Negative
Support PC Portable,C'est un excellent produit !,5,Positive
Ecouteurs Bluetooth,Fonctionne parfaitement bien.,5,Positive
Webcam HD 1080p,C'est un excellent produit !,4,Positive
Casque Audio Noise Cancelling,La qualité est au rendez-vous.,5,Positive
Ecran 4K 27 pouces,"Super produit, rien à dire.",4,Positive
Casque Audio Noise Cancelling,Fonctionne parfaitement bien.,4,Positive
Tapis de Souris XXL,La qualité est au rendez-vous.,5,Positive
Casque Audio Noise Cancelling,Fonctionne parfaitement bien.,4,Positive
Support PC Portable,Expédition rapide et soignée.,5,Positive
Clavier Gamer RGB,"Pas mal du tout, malgré quelques petits défauts.",3,Neutral
Enceinte Connectée,Fonctionne parfaitement bien.,5,Positive
Support PC Portable,Très simple à installer.,4,Positive
Webcam HD 1080p,Expédition rapide et soignée.,4,Positive
Cable USB-C Charge Rapide,Une perte de temps et d'argent.,1,Negative
Cable USB-C Charge Rapide,Excellent rapport qualité-prix.,5,Positive
Webcam HD 1080p,Je recommande vivement cet article.,5,Positive
Ecran 4K 27 pouces,Les performances sont impressionnantes.,4,Positive
Webcam HD 1080p,"C'est une arnaque, passez votre chemin.",1,Negative
Casque Audio Noise Cancelling,Je recommande vivement cet article.,4,Positive
Cable USB-C Charge Rapide,Une perte de temps et d'argent.,2,Negative
Cable USB-C Charge Rapide,Très déçu par cet achat.,1,Negative
Ecouteurs Bluetooth,"Conforme à la description, mais l'usage est limité.",3,Neutral
Ecran 4K 27 pouces,Les performances sont impressionnantes.,4,Positive
Casque Audio Noise Cancelling,Fait le job mais sans plus.,3,Neutral
Support PC Portable,Les performances sont impressionnantes.,5,Positive
Enceinte Connectée,Très déçu par cet achat.,2,Negative
Webcam HD 1080p,Les performances sont impressionnantes.,4,Positive
Ecouteurs Bluetooth,Expédition rapide et soignée.,4,Positive
Webcam HD 1080p,"Arrivé dans les temps, emballage sommaire.",3,Neutral
Casque Audio Noise Cancelling,Produit correct pour le prix.,3,Neutral
Tapis de Souris XXL,"Conforme à la description, mais l'usage est limité.",3,Neutral
Support PC Portable,Excellent rapport qualité-prix.,4,Positive
Casque Audio Noise Cancelling,Produit correct pour le prix.,3,Neutral
Ecran 4K 27 pouces,"Super produit, rien à dire.",4,Positive
Tapis de Souris XXL,C'est un excellent produit !,5,Positive
Support PC Portable,En panne après deux jours d'utilisation.,2,Negative
Tapis de Souris XXL,Je recommande vivement cet article.,4,Positive
Support PC Portable,"Moyen, j'attendais un peu mieux.",3,Neutral
Support PC Portable,"Pas mal du tout, malgré quelques petits défauts.",3,Neutral
Souris Sans Fil,Excellent rapport qualité-prix.,5,Positive
Tapis de Souris XXL,Correct sans être exceptionnel.,3,Neutral
Support PC Portable,En panne après deux jours d'utilisation.,2,Negative
Webcam HD 1080p,Expédition rapide et soignée.,4,Positive
Cable USB-C Charge Rapide,"Super produit, rien à dire.",4,Positive
Casque Audio Noise Cancelling,"Super produit, rien à dire.",5,Positive
Souris Sans Fil,Un peu déçu par la finition mais ça fonctionne.,3,Neutral
Cable USB-C Charge Rapide,En panne après deux jours d'utilisation.,2,Negative
Tapis de Souris XXL,La qualité est médiocre.,2,Negative
Souris Sans Fil,Fonctionne parfaitement bien.,4,Positive
Webcam HD 1080p,Très simple à installer.,5,Positive
Enceinte Connectée,Fonctionne parfaitement bien.,4,Positive
Ecouteurs Bluetooth,Je recommande vivement cet article.,5,Positive
Souris Sans Fil,"Moyen, j'attendais un peu mieux.",3,Neutral
Casque Audio Noise Cancelling,Vraiment ravi de mon achat.,5,Positive
Cable USB-C Charge Rapide,Fait le job mais sans plus.,3,Neutral
Tapis de Souris XXL,Très déçu par cet achat.,2,Negative
Ecran 4K 27 pouces,C'est un excellent produit !,5,Positive
Support PC Portable,Fonctionne parfaitement bien.,4,Positive
Ecran 4K 27 pouces,La qualité est au rendez-vous.,4,Positive
Clavier Gamer RGB,Les performances sont impressionnantes.,4,Positive
Support PC Portable,Le SAV est inexistant.,2,Negative
Enceinte Connectée,Une perte de temps et d'argent.,1,Negative
Souris Sans Fil,"Arrivé cassé, inadmissible.",2,Negative
Casque Audio Noise Cancelling,"Moyen, j'attendais un peu mieux.",3,Neutral
Cable USB-C Charge Rapide,Fonctionne parfaitement bien.,5,Positive
Tapis de Souris XXL,La qualité est au rendez-vous.,4,Positive
Tapis de Souris XXL,Le SAV est inexistant.,1,Negative
Webcam HD 1080p,Très simple à installer.,5,Positive
Tapis de Souris XXL,Expédition rapide et soignée.,4,Positive
Enceinte Connectée,"C'est une arnaque, passez votre chemin.",1,Negative
Cable USB-C Charge Rapide,Design élégant et robuste.,4,Positive
Webcam HD 1080p,Vraiment ravi de mon achat.,5,Positive
Souris Sans Fil,Très simple à installer.,5,Positive
Clavier Gamer RGB,La qualité est médiocre.,2,Negative
Ecouteurs Bluetooth,Fait le job mais sans plus.,3,Neutral
Cable USB-C Charge Rapide,Les performances sont impressionnantes.,4,Positive
Support PC Portable,Excellent rapport qualité-prix.,4,Positive
Ecran 4K 27 pouces,"Pas mal du tout, malgré quelques petits défauts.",3,Neutral
Enceinte Connectée,"Pas mal du tout, malgré quelques petits défauts.",3,Neutral
Tapis de Souris XXL,La qualité est au rendez-vous.,5,Positive
Enceinte Connectée,Très déçu par cet achat.,2,Negative
Webcam HD 1080p,Les performances sont impressionnantes.,5,Positive
Ecouteurs Bluetooth,Fait le job mais sans plus.,3,Neutral
Webcam HD 1080p,La qualité est au rendez-vous.,5,Positive
Ecran 4K 27 pouces,La qualité est au rendez-vous.,4,Positive
Clavier Gamer RGB,"Conforme à la description, mais l'usage est limité.",3,Neutral
Ecouteurs Bluetooth,Excellent rapport qualité-prix.,4,Positive
Webcam HD 1080p,"Arrivé dans les temps, emballage sommaire.",3,Neutral
Casque Audio Noise Cancelling,La qualité est au rendez-vous.,5,Positive
Tapis de Souris XXL,Expédition rapide et soignée.,5,Positive
Souris Sans Fil,"Pas mal du tout, malgré quelques petits défauts.",3,Neutral
Support PC Portable,Excellent rapport qualité-prix.,5,Positive
Ecran 4K 27 pouces,Expédition rapide et soignée.,4,Positive
Support PC Portable,"Pas mal du tout, malgré quelques petits défauts.",3,Neutral
Clavier Gamer RGB,Le SAV est inexistant.,1,Negative
Clavier Gamer RGB,Fait le job mais sans plus.,3,Neutral
Souris Sans Fil,C'est un excellent produit !,4,Positive
Tapis de Souris XXL,Les performances sont impressionnantes.,4,Positive
Webcam HD 1080p,La qualité est au rendez-vous.,4,Positive
Ecran 4K 27 pouces,"Conforme à la description, mais l'usage est limité.",3,Neutral
Souris Sans Fil,Vraiment ravi de mon achat.,5,Positive
Souris Sans Fil,Design élégant et robuste.,4,Positive
Souris Sans Fil,C'est un excellent produit !,5,Positive
Webcam HD 1080p,Je recommande vivement cet article.,4,Positive
Cable USB-C Charge Rapide,Les performances sont impressionnantes.,4,Positive
Enceinte Connectée,Design élégant et robuste.,4,Positive
Ecran 4K 27 pouces,"Moyen, j'attendais un peu mieux.",3,Neutral
Support PC Portable,"C'est une arnaque, passez votre chemin.",2,Negative
Ecouteurs Bluetooth,Fait le job mais sans plus.,3,Neutral
Tapis de Souris XXL,Fonctionne parfaitement bien.,4,Positive
Support PC Portable,C'est un excellent produit !,5,Positive
Tapis de Souris XXL,"Super produit, rien à dire.",5,Positive
Webcam HD 1080p,"Super produit, rien à dire.",4,Positive
Tapis de Souris XXL,Le SAV est inexistant.,2,Negative
Ecran 4K 27 pouces,Design élégant et robuste.,4,Positive
Ecran 4K 27 pouces,Excellent rapport qualité-prix.,5,Positive
Casque Audio Noise Cancelling,C'est un excellent produit !,5,Positive
Support PC Portable,Les performances sont impressionnantes.,5,Positive
Casque Audio Noise Cancelling,"Super produit, rien à dire.",5,Positive
Clavier Gamer RGB,Fonctionne parfaitement bien.,4,Positive
Ecouteurs Bluetooth,"Super produit, rien à dire.",4,Positive
Tapis de Souris XXL,Produit correct pour le prix.,3,Neutral
Clavier Gamer RGB,Plastique de mauvaise qualité.,2,Negative
Tapis de Souris XXL,Une perte de temps et d'argent.,1,Negative
Enceinte Connectée,Très simple à installer.,4,Positive
Tapis de Souris XXL,Produit correct pour le prix.,3,Neutral
Ecran 4K 27 pouces,Fonctionne parfaitement bien.,4,Positive
Tapis de Souris XXL,Design élégant et robuste.,4,Positive
Ecran 4K 27 pouces,C'est un excellent produit !,4,Positive
Casque Audio Noise Cancelling,Je recommande vivement cet article.,4,Positive
Clavier Gamer RGB,La qualité est médiocre.,2,Negative
Casque Audio Noise Cancelling,Une perte de temps et d'argent.,2,Negative
Clavier Gamer RGB,Les performances sont impressionnantes.,4,Positive
Cable USB-C Charge Rapide,"Arrivé cassé, inadmissible.",2,Negative
Cable USB-C Charge Rapide,Excellent rapport qualité-prix.,5,Positive
Clavier Gamer RGB,Excellent rapport qualité-prix.,5,Positive
Cable USB-C Charge Rapide,"C'est une arnaque, passez votre chemin.",1,Negative
Cable USB-C Charge Rapide,"Arrivé dans les temps, emballage sommaire.",3,Neutral
Clavier Gamer RGB,"Conforme à la description, mais l'usage est limité.",3,Neutral
Souris Sans Fil,Un peu déçu par la finition mais ça fonctionne.,3,Neutral
Ecouteurs Bluetooth,Fait le job mais sans plus.,3,Neutral
Souris Sans Fil,Ne fonctionne pas du tout.,2,Negative
Souris Sans Fil,Je recommande vivement cet article.,4,Positive
Casque Audio Noise Cancelling,Je recommande vivement cet article.,5,Positive
Webcam HD 1080p,Excellent rapport qualité-prix.,4,Positive
Ecran 4K 27 pouces,Plastique de mauvaise qualité.,2,Negative
Souris Sans Fil,Design élégant et robuste.,4,Positive
Support PC Portable,C'est un excellent produit !,4,Positive
Casque Audio Noise Cancelling,Fonctionne parfaitement bien.,4,Positive
Casque Audio Noise Cancelling,"Conforme à la description, mais l'usage est limité.",3,Neutral
Souris Sans Fil,"Super produit, rien à dire.",4,Positive
Enceinte Connectée,Un peu déçu par la finition mais ça fonctionne.,3,Neutral
Ecran 4K 27 pouces,Produit correct pour le prix.,3,Neutral
Webcam HD 1080p,Expédition rapide et soignée.,4,Positive
Cable USB-C Charge Rapide,"C'est une arnaque, passez votre chemin.",2,Negative
Ecran 4K 27 pouces,Une perte de temps et d'argent.,1,Negative
Casque Audio Noise Cancelling,Très simple à installer.,5,Positive
Ecouteurs Bluetooth,Expédition rapide et soignée.,4,Positive
Support PC Portable,Vraiment ravi de mon achat.,5,Positive
Ecran 4K 27 pouces,"Pas mal du tout, malgré quelques petits défauts.",3,Neutral
Enceinte Connectée,C'est un excellent produit !,5,Positive
Ecouteurs Bluetooth,"Arrivé dans les temps, emballage sommaire.",3,Neutral
Enceinte Connectée,Expédition rapide et soignée.,4,Positive
Tapis de Souris XXL,"Super produit, rien à dire.",4,Positive
Ecran 4K 27 pouces,Les performances sont impressionnantes.,4,Positive
Clavier Gamer RGB,Plastique de mauvaise qualité.,1,Negative
Clavier Gamer RGB,C'est un excellent produit !,4,Positive
Support PC Portable,Je ne recommande pas ce produit.,2,Negative
Webcam HD 1080p,"Super produit, rien à dire.",4,Positive
Support PC Portable,"Moyen, j'attendais un peu mieux.",3,Neutral
Support PC Portable,Design élégant et robuste.,4,Positive
Enceinte Connectée,La qualité est médiocre.,1,Negative
Cable USB-C Charge Rapide,Correct sans être exceptionnel.,3,Neutral
Casque Audio Noise Cancelling,En panne après deux jours d'utilisation.,1,Negative
Clavier Gamer RGB,La qualité est au rendez-vous.,5,Positive
Clavier Gamer RGB,Excellent rapport qualité-prix.,4,Positive
Souris Sans Fil,Plastique de mauvaise qualité.,2,Negative
Casque Audio Noise Cancelling,Design élégant et robuste.,5,Positive
Support PC Portable,Design élégant et robuste.,5,Positive
Tapis de Souris XXL,La qualité est au rendez-vous.,5,Positive
Enceinte Connectée,Fonctionne parfaitement bien.,4,Positive
Webcam HD 1080p,Design élégant et robuste.,5,Positive
Enceinte Connectée,En panne après deux jours d'utilisation.,2,Negative
Cable USB-C Charge Rapide,Design élégant et robuste.,4,Positive
Ecouteurs Bluetooth,Je recommande vivement cet article.,5,Positive
Webcam HD 1080p,Fonctionne parfaitement bien.,4,Positive
Tapis de Souris XXL,"Super produit, rien à dire.",4,Positive
Casque Audio Noise Cancelling,La qualité est médiocre.,2,Negative
Support PC Portable,Excellent rapport qualité-prix.,4,Positive
Webcam HD 1080p,"Pas mal du tout, malgré quelques petits défauts.",3,Neutral
Webcam HD 1080p,"Arrivé dans les temps, emballage sommaire.",3,Neutral
Webcam HD 1080p,Un peu déçu par la finition mais ça fonctionne.,3,Neutral
Souris Sans Fil,Fonctionne parfaitement bien.,5,Positive
Souris Sans Fil,"Conforme à la description, mais l'usage est limité.",3,Neutral
Tapis de Souris XXL,Produit correct pour le prix.,3,Neutral
Ecouteurs Bluetooth,Fait le job mais sans plus.,3,Neutral
Clavier Gamer RGB,Expédition rapide et soignée.,4,Positive
Ecouteurs Bluetooth,Fonctionne parfaitement bien.,5,Positive
Souris Sans Fil,Ne fonctionne pas du tout.,2,Negative
Tapis de Souris XXL,"Moyen, j'attendais un peu mieux.",3,Neutral
Webcam HD 1080p,"C'est une arnaque, passez votre chemin.",2,Negative
Tapis de Souris XXL,"Pas mal du tout, malgré quelques petits défauts.",3,Neutral
Cable USB-C Charge Rapide,La qualité est au rendez-vous.,4,Positive
Souris Sans Fil,La qualité est au rendez-vous.,5,Positive
Enceinte Connectée,Je recommande vivement cet article.,5,Positive
Ecran 4K 27 pouces,"C'est une arnaque, passez votre chemin.",1,Negative
Ecouteurs Bluetooth,Correct sans être exceptionnel.,3,Neutral
Casque Audio Noise Cancelling,La qualité est au rendez-vous.,5,Positive
Clavier Gamer RGB,Design élégant et robuste.,5,Positive
Webcam HD 1080p,C'est un excellent produit !,5,Positive
Support PC Portable,En panne après deux jours d'utilisation.,2,Negative
Ecouteurs Bluetooth,La qualité est médiocre.,1,Negative
Souris Sans Fil,"Arrivé dans les temps, emballage sommaire.",3,Neutral
Souris Sans Fil,"Super produit, rien à dire.",4,Positive
Tapis de Souris XXL,Expédition rapide et soignée.,4,Positive
Webcam HD 1080p,Très déçu par cet achat.,2,Negative
Webcam HD 1080p,La qualité est médiocre.,2,Negative
Tapis de Souris XXL,Le SAV est inexistant.,1,Negative
Cable USB-C Charge Rapide,"C'est une arnaque, passez votre chemin.",1,Negative
Tapis de Souris XXL,Plastique de mauvaise qualité.,1,Negative
Cable USB-C Charge Rapide,Expédition rapide et soignée.,5,Positive
Clavier Gamer RGB,"Super produit, rien à dire.",5,Positive
Ecouteurs Bluetooth,La qualité est au rendez-vous.,4,Positive
Webcam HD 1080p,Je recommande vivement cet article.,4,Positive
Casque Audio Noise Cancelling,Excellent rapport qualité-prix.,5,Positive
Casque Audio Noise Cancelling,Excellent rapport qualité-prix.,5,Positive
Tapis de Souris XXL,Excellent rapport qualité-prix.,5,Positive
Tapis de Souris XXL,Je recommande vivement cet article.,5,Positive
Enceinte Connectée,Je recommande vivement cet article.,5,Positive
Ecouteurs Bluetooth,En panne après deux jours d'utilisation.,1,Negative
Enceinte Connectée,La qualité est médiocre.,1,Negative
Ecouteurs Bluetooth,Expédition rapide et soignée.,4,Positive
Ecouteurs Bluetooth,Vraiment ravi de mon achat.,4,Positive
Ecouteurs Bluetooth,Expédition rapide et soignée.,4,Positive
Webcam HD 1080p,"Super produit, rien à dire.",5,Positive
Tapis de Souris XXL,Fait le job mais sans plus.,3,Neutral
Webcam HD 1080p,Fonctionne parfaitement bien.,4,Positive
Ecouteurs Bluetooth,C'est un excellent produit !,4,Positive
Casque Audio Noise Cancelling,Un peu déçu par la finition mais ça fonctionne.,3,Neutral
Ecran 4K 27 pouces,Excellent rapport qualité-prix.,4,Positive
Tapis de Souris XXL,Un peu déçu par la finition mais ça fonctionne.,3,Neutral
Support PC Portable,"Arrivé cassé, inadmissible.",2,Negative
Souris Sans Fil,Design élégant et robuste.,4,Positive
Souris Sans Fil,La qualité est au rendez-vous.,4,Positive
Ecran 4K 27 pouces,Vraiment ravi de mon achat.,4,Positive
Ecouteurs Bluetooth,Fonctionne parfaitement bien.,5,Positive
Souris Sans Fil,Les performances sont impressionnantes.,5,Positive
Casque Audio Noise Cancelling,Fonctionne parfaitement bien.,5,Positive
Casque Audio Noise Cancelling,Fonctionne parfaitement bien.,5,Positive
Enceinte Connectée,Je recommande vivement cet article.,5,Positive
Souris Sans Fil,Design élégant et robuste.,4,Positive
Tapis de Souris XXL,"Arrivé cassé, inadmissible.",1,Negative
Casque Audio Noise Cancelling,C'est un excellent produit !,5,Positive
Ecouteurs Bluetooth,"Super produit, rien à dire.",5,Positive
Webcam HD 1080p,Fait le job mais sans plus.,3,Neutral
Webcam HD 1080p,Design élégant et robuste.,5,Positive
Tapis de Souris XXL,"Conforme à la description, mais l'usage est limité.",3,Neutral
Tapis de Souris XXL,Expédition rapide et soignée.,5,Positive
Enceinte Connectée,Plastique de mauvaise qualité.,1,Negative
Webcam HD 1080p,Excellent rapport qualité-prix.,5,Positive
Support PC Portable,Une perte de temps et d'argent.,2,Negative
Support PC Portable,"C'est une arnaque, passez votre chemin.",2,Negative
Souris Sans Fil,Excellent rapport qualité-prix.,5,Positive
Clavier Gamer RGB,Une perte de temps et d'argent.,2,Negative
Souris Sans Fil,Excellent rapport qualité-prix.,4,Positive
Souris Sans Fil,Fonctionne parfaitement bien.,4,Positive
Ecouteurs Bluetooth,La qualité est au rendez-vous.,5,Positive
Cable USB-C Charge Rapide,Design élégant et robuste.,4,Positive
Casque Audio Noise Cancelling,Fonctionne parfaitement bien.,5,Positive
Ecran 4K 27 pouces,Excellent rapport qualité-prix.,5,Positive
Casque Audio Noise Cancelling,"C'est une arnaque, passez votre chemin.",1,Negative
Clavier Gamer RGB,Vraiment ravi de mon achat.,4,Positive
Tapis de Souris XXL,"Pas mal du tout, malgré quelques petits défauts.",3,Neutral
Souris Sans Fil,Fonctionne parfaitement bien.,5,Positive
Casque Audio Noise Cancelling,"Super produit, rien à dire.",5,Positive
Souris Sans Fil,"Super produit, rien à dire.",5,Positive
Webcam HD 1080p,Les performances sont impressionnantes.,4,Positive
Souris Sans Fil,Expédition rapide et soignée.,5,Positive
Souris Sans Fil,Vraiment ravi de mon achat.,5,Positive
Clavier Gamer RGB,Fonctionne parfaitement bien.,5,Positive
Ecran 4K 27 pouces,En panne après deux jours d'utilisation.,1,Negative
Support PC Portable,"Moyen, j'attendais un peu mieux.",3,Neutral
Webcam HD 1080p,Un peu déçu par la finition mais ça fonctionne.,3,Neutral
Souris Sans Fil,"Arrivé cassé, inadmissible.",1,Negative
Webcam HD 1080p,Design élégant et robuste.,4,Positive
Webcam HD 1080p,Expédition rapide et soignée.,4,Positive
Enceinte Connectée,La qualité est médiocre.,2,Negative
Webcam HD 1080p,Design élégant et robuste.,5,Positive
Webcam HD 1080p,Ne fonctionne pas du tout.,2,Negative
Support PC Portable,Je recommande vivement cet article.,4,Positive
Souris Sans Fil,Design élégant et robuste.,4,Positive
Ecran 4K 27 pouces,Expédition rapide et soignée.,4,Positive
Tapis de Souris XXL,Le SAV est inexistant.,2,Negative
Souris Sans Fil,"Moyen, j'attendais un peu mieux.",3,Neutral
Support PC Portable,Plastique de mauvaise qualité.,1,Negative
Webcam HD 1080p,"Pas mal du tout, malgré quelques petits défauts.",3,Neutral
Clavier Gamer RGB,Un peu déçu par la finition mais ça fonctionne.,3,Neutral
Enceinte Connectée,"Pas mal du tout, malgré quelques petits défauts.",3,Neutral
Ecran 4K 27 pouces,"Arrivé dans les temps, emballage sommaire.",3,Neutral
Clavier Gamer RGB,La qualité est au rendez-vous.,4,Positive
Cable USB-C Charge Rapide,Vraiment ravi de mon achat.,5,Positive
Tapis de Souris XXL,Design élégant et robuste.,4,Positive
Casque Audio Noise Cancelling,Expédition rapide et soignée.,5,Positive
Ecouteurs Bluetooth,Je ne recommande pas ce produit.,2,Negative
Ecran 4K 27 pouces,"Conforme à la description, mais l'usage est limité.",3,Neutral
Cable USB-C Charge Rapide,Expédition rapide et soignée.,4,Positive
Clavier Gamer RGB,Très simple à installer.,5,Positive
Support PC Portable,Excellent rapport qualité-prix.,5,Positive
Enceinte Connectée,"Super produit, rien à dire.",5,Positive
Tapis de Souris XXL,Les performances sont impressionnantes.,5,Positive
Clavier Gamer RGB,"Moyen, j'attendais un peu mieux.",3,Neutral
Webcam HD 1080p,Produit correct pour le prix.,3,Neutral
Enceinte Connectée,Design élégant et robuste.,4,Positive
Ecouteurs Bluetooth,La qualité est médiocre.,1,Negative
Ecouteurs Bluetooth,Vraiment ravi de mon achat.,4,Positive
Tapis de Souris XXL,Ne fonctionne pas du tout.,2,Negative
Casque Audio Noise Cancelling,Design élégant et robuste.,4,Positive
Casque Audio Noise Cancelling,"Super produit, rien à dire.",5,Positive
Casque Audio Noise Cancelling,Fait le job mais sans plus.,3,Neutral
Ecran 4K 27 pouces,Je recommande vivement cet article.,4,Positive
Ecran 4K 27 pouces,C'est un excellent produit !,4,Positive
Ecran 4K 27 pouces,Fonctionne parfaitement bien.,4,Positive
Ecran 4K 27 pouces,Le SAV est inexistant.,1,Negative
Tapis de Souris XXL,C'est un excellent produit !,5,Positive
Enceinte Connectée,"Conforme à la description, mais l'usage est limité.",3,Neutral
Clavier Gamer RGB,"Arrivé dans les temps, emballage sommaire.",3,Neutral
Enceinte Connectée,Les performances sont impressionnantes.,4,Positive
Clavier Gamer RGB,C'est un excellent produit !,5,Positive
Tapis de Souris XXL,"Moyen, j'attendais un peu mieux.",3,Neutral
Enceinte Connectée,Une perte de temps et d'argent.,1,Negative
Ecran 4K 27 pouces,"Super produit, rien à dire.",4,Positive
Webcam HD 1080p,Très simple à installer.,5,Positive
Casque Audio Noise Cancelling,Les performances sont impressionnantes.,4,Positive
Cable USB-C Charge Rapide,Je recommande vivement cet article.,5,Positive
Casque Audio Noise Cancelling,Design élégant et robuste.,5,Positive
Clavier Gamer RGB,Fonctionne parfaitement bien.,5,Positive
Souris Sans Fil,Vraiment ravi de mon achat.,5,Positive
Ecran 4K 27 pouces,"Super produit, rien à dire.",5,Positive
Ecran 4K 27 pouces,En panne après deux jours d'utilisation.,2,Negative
Support PC Portable,Les performances sont impressionnantes.,4,Positive
Cable USB-C Charge Rapide,Je recommande vivement cet article.,4,Positive
Clavier Gamer RGB,Expédition rapide et soignée.,4,Positive
Ecran 4K 27 pouces,Expédition rapide et soignée.,5,Positive
Support PC Portable,"C'est une arnaque, passez votre chemin.",1,Negative
Support PC Portable,"Super produit, rien à dire.",5,Positive
Ecran 4K 27 pouces,C'est un excellent produit !,4,Positive
Clavier Gamer RGB,Produit correct pour le prix.,3,Neutral
Cable USB-C Charge Rapide,"C'est une arnaque, passez votre chemin.",2,Negative
Casque Audio Noise Cancelling,Correct sans être exceptionnel.,3,Neutral
Ecouteurs Bluetooth,"Super produit, rien à dire.",4,Positive
Ecran 4K 27 pouces,Ne fonctionne pas du tout.,2,Negative
Cable USB-C Charge Rapide,Je recommande vivement cet article.,4,Positive
Clavier Gamer RGB,La qualité est médiocre.,2,Negative
Cable USB-C Charge Rapide,Vraiment ravi de mon achat.,4,Positive
Clavier Gamer RGB,La qualité est médiocre.,2,Negative
Clavier Gamer RGB,Design élégant et robuste.,4,Positive
Webcam HD 1080p,"Pas mal du tout, malgré quelques petits défauts.",3,Neutral
Cable USB-C Charge Rapide,Vraiment ravi de mon achat.,5,Positive
Souris Sans Fil,"Super produit, rien à dire.",5,Positive
Casque Audio Noise Cancelling,Excellent rapport qualité-prix.,5,Positive
Support PC Portable,Les performances sont impressionnantes.,4,Positive
Clavier Gamer RGB,"Pas mal du tout, malgré quelques petits défauts.",3,Neutral
Cable USB-C Charge Rapide,Un peu déçu par la finition mais ça fonctionne.,3,Neutral
Cable USB-C Charge Rapide,Fonctionne parfaitement bien.,5,Positive
Ecran 4K 27 pouces,Produit correct pour le prix.,3,Neutral
Clavier Gamer RGB,Le SAV est inexistant.,2,Negative
Support PC Portable,Produit correct pour le prix.,3,Neutral
Cable USB-C Charge Rapide,Design élégant et robuste.,5,Positive
Support PC Portable,"Super produit, rien à dire.",5,Positive
Tapis de Souris XXL,Correct sans être exceptionnel.,3,Neutral
Tapis de Souris XXL,"Moyen, j'attendais un peu mieux.",3,Neutral
Casque Audio Noise Cancelling,Expédition rapide et soignée.,5,Positive
Support PC Portable,La qualité est médiocre.,2,Negative
Support PC Portable,"Arrivé dans les temps, emballage sommaire.",3,Neutral
Tapis de Souris XXL,"Arrivé cassé, inadmissible.",1,Negative
Cable USB-C Charge Rapide,En panne après deux jours d'utilisation.,2,Negative
Support PC Portable,C'est un excellent produit !,4,Positive
Tapis de Souris XXL,Les performances sont impressionnantes.,4,Positive
Tapis de Souris XXL,Les performances sont impressionnantes.,4,Positive
Souris Sans Fil,Une perte de temps et d'argent.,1,Negative
Ecouteurs Bluetooth,Le SAV est inexistant.,1,Negative
Enceinte Connectée,Les performances sont impressionnantes.,4,Positive
Clavier Gamer RGB,Fonctionne parfaitement bien.,4,Positive
Tapis de Souris XXL,Expédition rapide et soignée.,5,Positive
Enceinte Connectée,Plastique de mauvaise qualité.,2,Negative
Webcam HD 1080p,Vraiment ravi de mon achat.,5,Positive
Ecran 4K 27 pouces,"Conforme à la description, mais l'usage est limité.",3,Neutral
Souris Sans Fil,Très déçu par cet achat.,1,Negative
Enceinte Connectée,"Conforme à la description, mais l'usage est limité.",3,Neutral
Souris Sans Fil,Plastique de mauvaise qualité.,2,Negative
Casque Audio Noise Cancelling,Très simple à installer.,4,Positive
Ecouteurs Bluetooth,Très déçu par cet achat.,1,Negative
Clavier Gamer RGB,Fonctionne parfaitement bien.,4,Positive
Souris Sans Fil,Ne fonctionne pas du tout.,1,Negative
Cable USB-C Charge Rapide,Excellent rapport qualité-prix.,4,Positive
Tapis de Souris XXL,Produit correct pour le prix.,3,Neutral
Webcam HD 1080p,Expédition rapide et soignée.,5,Positive
Ecran 4K 27 pouces,"Super produit, rien à dire.",5,Positive
Webcam HD 1080p,C'est un excellent produit !,5,Positive
Support PC Portable,Je recommande vivement cet article.,4,Positive
Support PC Portable,Le SAV est inexistant.,2,Negative
Ecouteurs Bluetooth,"Super produit, rien à dire.",5,Positive
Support PC Portable,Très déçu par cet achat.,2,Negative
Support PC Portable,Fait le job mais sans plus.,3,Neutral
Support PC Portable,Vraiment ravi de mon achat.,4,Positive
Ecran 4K 27 pouces,Fait le job mais sans plus.,3,Neutral
Support PC Portable,Fonctionne parfaitement bien.,5,Positive
Webcam HD 1080p,En panne après deux jours d'utilisation.,1,Negative
Cable USB-C Charge Rapide,Fonctionne parfaitement bien.,5,Positive
Webcam HD 1080p,"Super produit, rien à dire.",4,Positive
Souris Sans Fil,Très simple à installer.,4,Positive
Support PC Portable,Design élégant et robuste.,4,Positive
Cable USB-C Charge Rapide,"Arrivé dans les temps, emballage sommaire.",3,Neutral
Enceinte Connectée,Produit correct pour le prix.,3,Neutral
Cable USB-C Charge Rapide,La qualité est au rendez-vous.,5,Positive
Support PC Portable,C'est un excellent produit !,4,Positive
Cable USB-C Charge Rapide,"Arrivé dans les temps, emballage sommaire.",3,Neutral
Ecouteurs Bluetooth,Fait le job mais sans plus.,3,Neutral
Ecran 4K 27 pouces,C'est un excellent produit !,4,Positive
Casque Audio Noise Cancelling,Correct sans être exceptionnel.,3,Neutral
Casque Audio Noise Cancelling,Fonctionne parfaitement bien.,4,Positive
Tapis de Souris XXL,Plastique de mauvaise qualité.,2,Negative
Support PC Portable,Ne fonctionne pas du tout.,1,Negative
Souris Sans Fil,Design élégant et robuste.,4,Positive
Support PC Portable,C'est un excellent produit !,5,Positive
Enceinte Connectée,Le SAV est inexistant.,2,Negative
Ecouteurs Bluetooth,Je recommande vivement cet article.,4,Positive
Casque Audio Noise Cancelling,Vraiment ravi de mon achat.,5,Positive
Ecouteurs Bluetooth,Design élégant et robuste.,5,Positive
Casque Audio Noise Cancelling,La qualité est au rendez-vous.,4,Positive
Ecouteurs Bluetooth,Les performances sont impressionnantes.,4,Positive
Souris Sans Fil,"Conforme à la description, mais l'usage est limité.",3,Neutral
Enceinte Connectée,Design élégant et robuste.,5,Positive
Ecouteurs Bluetooth,"Arrivé cassé, inadmissible.",1,Negative
Casque Audio Noise Cancelling,Fonctionne parfaitement bien.,4,Positive
Ecran 4K 27 pouces,Excellent rapport qualité-prix.,4,Positive
Clavier Gamer RGB,Vraiment ravi de mon achat.,4,Positive
Enceinte Connectée,Produit correct pour le prix.,3,Neutral
Cable USB-C Charge Rapide,En panne après deux jours d'utilisation.,1,Negative
Ecran 4K 27 pouces,Plastique de mauvaise qualité.,1,Negative
Support PC Portable,Vraiment ravi de mon achat.,4,Positive
Souris Sans Fil,La qualité est au rendez-vous.,4,Positive
Souris Sans Fil,Ne fonctionne pas du tout.,1,Negative
Support PC Portable,Les performances sont impressionnantes.,4,Positive
Souris Sans Fil,"Super produit, rien à dire.",5,Positive
Tapis de Souris XXL,Une perte de temps et d'argent.,2,Negative
Clavier Gamer RGB,Produit correct pour le prix.,3,Neutral
Tapis de Souris XXL,Produit correct pour le prix.,3,Neutral
Ecran 4K 27 pouces,"Moyen, j'attendais un peu mieux.",3,Neutral
Casque Audio Noise Cancelling,La qualité est au rendez-vous.,4,Positive
Support PC Portable,"Arrivé dans les temps, emballage sommaire.",3,Neutral
Souris Sans Fil,Design élégant et robuste.,5,Positive
Ecouteurs Bluetooth,Excellent rapport qualité-prix.,4,Positive
Ecouteurs Bluetooth,"Super produit, rien à dire.",4,Positive
Clavier Gamer RGB,Je recommande vivement cet article.,5,Positive
Support PC Portable,"Moyen, j'attendais un peu mieux.",3,Neutral
Cable USB-C Charge Rapide,Je ne recommande pas ce produit.,2,Negative
Support PC Portable,Les performances sont impressionnantes.,5,Positive
Enceinte Connectée,"C'est une arnaque, passez votre chemin.",1,Negative
Tapis de Souris XXL,Expédition rapide et soignée.,5,Positive
Enceinte Connectée,Je recommande vivement cet article.,4,Positive
Cable USB-C Charge Rapide,"Arrivé cassé, inadmissible.",2,Negative
Enceinte Connectée,Fonctionne parfaitement bien.,5,Positive
Webcam HD 1080p,Fonctionne parfaitement bien.,5,Positive
Tapis de Souris XXL,Je recommande vivement cet article.,5,Positive
Cable USB-C Charge Rapide,Les performances sont impressionnantes.,4,Positive
Souris Sans Fil,Plastique de mauvaise qualité.,2,Negative
Tapis de Souris XXL,"Moyen, j'attendais un peu mieux.",3,Neutral
Ecran 4K 27 pouces,Correct sans être exceptionnel.,3,Neutral
Ecouteurs Bluetooth,"Pas mal du tout, malgré quelques petits défauts.",3,Neutral
Ecran 4K 27 pouces,La qualité est au rendez-vous.,5,Positive
Support PC Portable,Design élégant et robuste.,5,Positive
Cable USB-C Charge Rapide,Le SAV est inexistant.,2,Negative
Tapis de Souris XXL,Je recommande vivement cet article.,4,Positive
Ecouteurs Bluetooth,Très déçu par cet achat.,2,Negative
Ecouteurs Bluetooth,Design élégant et robuste.,5,Positive
Support PC Portable,Le SAV est inexistant.,2,Negative
Webcam HD 1080p,C'est un excellent produit !,5,Positive
Casque Audio Noise Cancelling,"Conforme à la description, mais l'usage est limité.",3,Neutral
Webcam HD 1080p,Excellent rapport qualité-prix.,5,Positive
Tapis de Souris XXL,Vraiment ravi de mon achat.,4,Positive
Tapis de Souris XXL,Produit correct pour le prix.,3,Neutral
Clavier Gamer RGB,Ne fonctionne pas du tout.,2,Negative
Enceinte Connectée,Vraiment ravi de mon achat.,4,Positive
Casque Audio Noise Cancelling,C'est un excellent produit !,4,Positive
Ecouteurs Bluetooth,Je recommande vivement cet article.,5,Positive
Casque Audio Noise Cancelling,Les performances sont impressionnantes.,4,Positive
Webcam HD 1080p,Très simple à installer.,5,Positive
Tapis de Souris XXL,Très déçu par cet achat.,1,Negative
Enceinte Connectée,La qualité est au rendez-vous.,4,Positive
Casque Audio Noise Cancelling,La qualité est au rendez-vous.,4,Positive
Ecouteurs Bluetooth,Design élégant et robuste.,5,Positive
Ecouteurs Bluetooth,Fonctionne parfaitement bien.,5,Positive
Ecran 4K 27 pouces,La qualité est au rendez-vous.,4,Positive
Ecran 4K 27 pouces,Fonctionne parfaitement bien.,4,Positive
Cable USB-C Charge Rapide,Design élégant et robuste.,5,Positive
Ecran 4K 27 pouces,Excellent rapport qualité-prix.,4,Positive
Support PC Portable,Les performances sont impressionnantes.,5,Positive
Casque Audio Noise Cancelling,Fonctionne parfaitement bien.,5,Positive
Support PC Portable,Expédition rapide et soignée.,5,Positive
Clavier Gamer RGB,Design élégant et robuste.,5,Positive
Webcam HD 1080p,Vraiment ravi de mon achat.,4,Positive
Webcam HD 1080p,La qualité est médiocre.,2,Negative
Casque Audio Noise Cancelling,Expédition rapide et soignée.,5,Positive
Casque Audio Noise Cancelling,Fonctionne parfaitement bien.,5,Positive
Casque Audio Noise Cancelling,"Conforme à la description, mais l'usage est limité.",3,Neutral
Clavier Gamer RGB,Un peu déçu par la finition mais ça fonctionne.,3,Neutral
Ecouteurs Bluetooth,Excellent rapport qualité-prix.,4,Positive
Webcam HD 1080p,C'est un excellent produit !,5,Positive
Support PC Portable,Excellent rapport qualité-prix.,5,Positive
Ecouteurs Bluetooth,Fonctionne parfaitement bien.,5,Positive
Cable USB-C Charge Rapide,Design élégant et robuste.,5,Positive
Souris Sans Fil,C'est un excellent produit !,4,Positive
Casque Audio Noise Cancelling,Vraiment ravi de mon achat.,4,Positive
Souris Sans Fil,Je recommande vivement cet article.,4,Positive
Ecouteurs Bluetooth,Design élégant et robuste.,5,Positive
Souris Sans Fil,Je recommande vivement cet article.,5,Positive
Souris Sans Fil,La qualité est au rendez-vous.,5,Positive
Enceinte Connectée,Les performances sont impressionnantes.,4,Positive
Clavier Gamer RGB,Je recommande vivement cet article.,4,Positive
Enceinte Connectée,La qualité est au rendez-vous.,5,Positive
Ecran 4K 27 pouces,Les performances sont impressionnantes.,4,Positive
Ecouteurs Bluetooth,Je recommande vivement cet article.,4,Positive
Souris Sans Fil,Très simple à installer.,5,Positive
Tapis de Souris XXL,Correct sans être exceptionnel.,3,Neutral
Enceinte Connectée,Très déçu par cet achat.,1,Negative
Tapis de Souris XXL,Le SAV est inexistant.,2,Negative
Clavier Gamer RGB,Excellent rapport qualité-prix.,4,Positive
Souris Sans Fil,La qualité est au rendez-vous.,5,Positive
Souris Sans Fil,Les performances sont impressionnantes.,5,Positive
Cable USB-C Charge Rapide,La qualité est au rendez-vous.,5,Positive
Ecouteurs Bluetooth,Correct sans être exceptionnel.,3,Neutral
Webcam HD 1080p,Fait le job mais sans plus.,3,Neutral
Casque Audio Noise Cancelling,Design élégant et robuste.,5,Positive
Enceinte Connectée,"Arrivé dans les temps, emballage sommaire.",3,Neutral
Enceinte Connectée,Très simple à installer.,5,Positive
Support PC Portable,"Arrivé cassé, inadmissible.",2,Negative
Webcam HD 1080p,"Arrivé dans les temps, emballage sommaire.",3,Neutral
Cable USB-C Charge Rapide,La qualité est au rendez-vous.,5,Positive
Enceinte Connectée,Très déçu par cet achat.,1,Negative
Ecran 4K 27 pouces,Je recommande vivement cet article.,5,Positive
Ecouteurs Bluetooth,"Arrivé dans les temps, emballage sommaire.",3,Neutral
Casque Audio Noise Cancelling,C'est un excellent produit !,5,Positive
Tapis de Souris XXL,Fonctionne parfaitement bien.,4,Positive
Casque Audio Noise Cancelling,Correct sans être exceptionnel.,3,Neutral
Support PC Portable,Je ne recommande pas ce produit.,1,Negative
Casque Audio Noise Cancelling,Fonctionne parfaitement bien.,4,Positive
Support PC Portable,Design élégant et robuste.,5,Positive
Support PC Portable,Design élégant et robuste.,4,Positive
Souris Sans Fil,Fonctionne parfaitement bien.,4,Positive
Souris Sans Fil,Je ne recommande pas ce produit.,1,Negative
Tapis de Souris XXL,Excellent rapport qualité-prix.,5,Positive
Casque Audio Noise Cancelling,Expédition rapide et soignée.,5,Positive
Enceinte Connectée,Design élégant et robuste.,4,Positive
Ecouteurs Bluetooth,Je recommande vivement cet article.,4,Positive
Enceinte Connectée,La qualité est au rendez-vous.,4,Positive
Enceinte Connectée,Très simple à installer.,4,Positive
Ecran 4K 27 pouces,"Moyen, j'attendais un peu mieux.",3,Neutral
Clavier Gamer RGB,Les performances sont impressionnantes.,5,Positive
Support PC Portable,Je recommande vivement cet article.,5,Positive
Tapis de Souris XXL,Design élégant et robuste.,4,Positive
Support PC Portable,"Super produit, rien à dire.",4,Positive
Enceinte Connectée,Fait le job mais sans plus.,3,Neutral
Souris Sans Fil,En panne après deux jours d'utilisation.,2,Negative
Support PC Portable,"Pas mal du tout, malgré quelques petits défauts.",3,Neutral
Souris Sans Fil,Vraiment ravi de mon achat.,4,Positive
Webcam HD 1080p,Fonctionne parfaitement bien.,5,Positive
Clavier Gamer RGB,La qualité est au rendez-vous.,4,Positive
Ecran 4K 27 pouces,Excellent rapport qualité-prix.,4,Positive
Souris Sans Fil,Fonctionne parfaitement bien.,5,Positive
Clavier Gamer RGB,Très déçu par cet achat.,1,Negative
Cable USB-C Charge Rapide,Fait le job mais sans plus.,3,Neutral
Ecran 4K 27 pouces,"Super produit, rien à dire.",4,Positive
Support PC Portable,Expédition rapide et soignée.,5,Positive
Webcam HD 1080p,"Moyen, j'attendais un peu mieux.",3,Neutral
Support PC Portable,"Arrivé cassé, inadmissible.",2,Negative
Enceinte Connectée,"Super produit, rien à dire.",5,Positive
Tapis de Souris XXL,Les performances sont impressionnantes.,5,Positive
Ecran 4K 27 pouces,Excellent rapport qualité-prix.,4,Positive
Support PC Portable,Design élégant et robuste.,5,Positive
Casque Audio Noise Cancelling,Je recommande vivement cet article.,5,Positive
Ecouteurs Bluetooth,Plastique de mauvaise qualité.,1,Negative
Ecran 4K 27 pouces,Vraiment ravi de mon achat.,4,Positive
Enceinte Connectée,Excellent rapport qualité-prix.,5,Positive
Casque Audio Noise Cancelling,Vraiment ravi de mon achat.,5,Positive
Ecran 4K 27 pouces,"Super produit, rien à dire.",5,Positive
Ecouteurs Bluetooth,Produit correct pour le prix.,3,Neutral
Casque Audio Noise Cancelling,La qualité est au rendez-vous.,5,Positive
Casque Audio Noise Cancelling,Expédition rapide et soignée.,4,Positive
Tapis de Souris XXL,Design élégant et robuste.,4,Positive
Support PC Portable,"Arrivé cassé, inadmissible.",2,Negative
Ecran 4K 27 pouces,Je recommande vivement cet article.,4,Positive
Ecran 4K 27 pouces,Correct sans être exceptionnel.,3,Neutral
Tapis de Souris XXL,Les performances sont impressionnantes.,5,Positive
Casque Audio Noise Cancelling,Ne fonctionne pas du tout.,1,Negative
Ecouteurs Bluetooth,Produit correct pour le prix.,3,Neutral
Souris Sans Fil,Vraiment ravi de mon achat.,5,Positive
Souris Sans Fil,"C'est une arnaque, passez votre chemin.",1,Negative
Souris Sans Fil,Expédition rapide et soignée.,5,Positive
Tapis de Souris XXL,Fait le job mais sans plus.,3,Neutral
Clavier Gamer RGB,Expédition rapide et soignée.,5,Positive
Ecouteurs Bluetooth,C'est un excellent produit !,4,Positive
Webcam HD 1080p,La qualité est au rendez-vous.,4,Positive
Casque Audio Noise Cancelling,Ne fonctionne pas du tout.,2,Negative
Cable USB-C Charge Rapide,Les performances sont impressionnantes.,4,Positive
Cable USB-C Charge Rapide,Les performances sont impressionnantes.,5,Positive
Cable USB-C Charge Rapide,Design élégant et robuste.,4,Positive
Webcam HD 1080p,C'est un excellent produit !,5,Positive
Casque Audio Noise Cancelling,"C'est une arnaque, passez votre chemin.",1,Negative
Support PC Portable,Je recommande vivement cet article.,5,Positive
Casque Audio Noise Cancelling,Je recommande vivement cet article.,4,Positive
Tapis de Souris XXL,La qualité est au rendez-vous.,5,Positive
Souris Sans Fil,Les performances sont impressionnantes.,4,Positive
Ecouteurs Bluetooth,La qualité est au rendez-vous.,5,Positive
Souris Sans Fil,"Pas mal du tout, malgré quelques petits défauts.",3,Neutral
Tapis de Souris XXL,Un peu déçu par la finition mais ça fonctionne.,3,Neutral
Support PC Portable,"Super produit, rien à dire.",4,Positive
Enceinte Connectée,"Pas mal du tout, malgré quelques petits défauts.",3,Neutral
Ecran 4K 27 pouces,En panne après deux jours d'utilisation.,1,Negative
Souris Sans Fil,Vraiment ravi de mon achat.,5,Positive
Clavier Gamer RGB,Excellent rapport qualité-prix.,5,Positive
Souris Sans Fil,Une perte de temps et d'argent.,2,Negative
Tapis de Souris XXL,Excellent rapport qualité-prix.,5,Positive
Tapis de Souris XXL,Très déçu par cet achat.,1,Negative
Souris Sans Fil,Ne fonctionne pas du tout.,2,Negative
Support PC Portable,La qualité est médiocre.,2,Negative
Clavier Gamer RGB,Le SAV est inexistant.,1,Negative
Webcam HD 1080p,Fonctionne parfaitement bien.,5,Positive
Souris Sans Fil,"Super produit, rien à dire.",4,Positive
Tapis de Souris XXL,"Moyen, j'attendais un peu mieux.",3,Neutral
Tapis de Souris XXL,Très simple à installer.,5,Positive
Ecran 4K 27 pouces,"Super produit, rien à dire.",5,Positive
Enceinte Connectée,Très simple à installer.,5,Positive
Webcam HD 1080p,Un peu déçu par la finition mais ça fonctionne.,3,Neutral
Casque Audio Noise Cancelling,Produit correct pour le prix.,3,Neutral
Support PC Portable,Le SAV est inexistant.,2,Negative
Support PC Portable,C'est un excellent produit !,5,Positive
Casque Audio Noise Cancelling,Design élégant et robuste.,4,Positive
Casque Audio Noise Cancelling,En panne après deux jours d'utilisation.,1,Negative
Webcam HD 1080p,Je recommande vivement cet article.,5,Positive
Clavier Gamer RGB,Une perte de temps et d'argent.,2,Negative
Cable USB-C Charge Rapide,C'est un excellent produit !,4,Positive
Ecran 4K 27 pouces,Plastique de mauvaise qualité.,2,Negative
Casque Audio Noise Cancelling,Vraiment ravi de mon achat.,4,Positive
Cable USB-C Charge Rapide,C'est un excellent produit !,5,Positive
Enceinte Connectée,"Arrivé cassé, inadmissible.",2,Negative
Clavier Gamer RGB,Très simple à installer.,4,Positive
Enceinte Connectée,Fonctionne parfaitement bien.,4,Positive
Casque Audio Noise Cancelling,La qualité est au rendez-vous.,5,Positive
Enceinte Connectée,Produit correct pour le prix.,3,Neutral
Casque Audio Noise Cancelling,Design élégant et robuste.,4,Positive
Clavier Gamer RGB,La qualité est au rendez-vous.,5,Positive
Cable USB-C Charge Rapide,"Arrivé dans les temps, emballage sommaire.",3,Neutral
Souris Sans Fil,La qualité est médiocre.,1,Negative
Tapis de Souris XXL,Je recommande vivement cet article.,5,Positive
Enceinte Connectée,Fait le job mais sans plus.,3,Neutral
Ecouteurs Bluetooth,Très déçu par cet achat.,1,Negative
Ecran 4K 27 pouces,La qualité est au rendez-vous.,5,Positive
Ecouteurs Bluetooth,"Moyen, j'attendais un peu mieux.",3,Neutral
Ecouteurs Bluetooth,Très simple à installer.,5,Positive
Ecouteurs Bluetooth,Vraiment ravi de mon achat.,5,Positive
Tapis de Souris XXL,"Moyen, j'attendais un peu mieux.",3,Neutral
Souris Sans Fil,Très simple à installer.,4,Positive
Cable USB-C Charge Rapide,Fait le job mais sans plus.,3,Neutral
Ecouteurs Bluetooth,La qualité est au rendez-vous.,5,Positive
Enceinte Connectée,"C'est une arnaque, passez votre chemin.",1,Negative
Tapis de Souris XXL,Excellent rapport qualité-prix.,5,Positive
Ecouteurs Bluetooth,Plastique de mauvaise qualité.,2,Negative
Souris Sans Fil,Les performances sont impressionnantes.,5,Positive
Ecouteurs Bluetooth,"C'est une arnaque, passez votre chemin.",1,Negative
Enceinte Connectée,"Arrivé dans les temps, emballage sommaire.",3,Neutral
Tapis de Souris XXL,Un peu déçu par la finition mais ça fonctionne.,3,Neutral
Clavier Gamer RGB,C'est un excellent produit !,4,Positive
Webcam HD 1080p,"Super produit, rien à dire.",5,Positive
Tapis de Souris XXL,Expédition rapide et soignée.,4,Positive
Support PC Portable,Les performances sont impressionnantes.,4,Positive
Enceinte Connectée,Les performances sont impressionnantes.,4,Positive
Souris Sans Fil,Vraiment ravi de mon achat.,5,Positive
Webcam HD 1080p,Plastique de mauvaise qualité.,2,Negative
Cable USB-C Charge Rapide,Je recommande vivement cet article.,5,Positive
Clavier Gamer RGB,Je ne recommande pas ce produit.,1,Negative
Souris Sans Fil,"Arrivé dans les temps, emballage sommaire.",3,Neutral
Souris Sans Fil,Vraiment ravi de mon achat.,5,Positive
Enceinte Connectée,Je recommande vivement cet article.,5,Positive
Cable USB-C Charge Rapide,Je recommande vivement cet article.,4,Positive
Tapis de Souris XXL,La qualité est au rendez-vous.,4,Positive
Enceinte Connectée,Fait le job mais sans plus.,3,Neutral
Tapis de Souris XXL,Expédition rapide et soignée.,5,Positive
Tapis de Souris XXL,"Arrivé cassé, inadmissible.",1,Negative
Ecran 4K 27 pouces,Fonctionne parfaitement bien.,4,Positive
Clavier Gamer RGB,Très simple à installer.,4,Positive
Webcam HD 1080p,Le SAV est inexistant.,2,Negative
Cable USB-C Charge Rapide,C'est un excellent produit !,5,Positive
Cable USB-C Charge Rapide,Ne fonctionne pas du tout.,2,Negative
Tapis de Souris XXL,La qualité est au rendez-vous.,4,Positive
Ecouteurs Bluetooth,Vraiment ravi de mon achat.,4,Positive
Support PC Portable,Excellent rapport qualité-prix.,5,Positive
Enceinte Connectée,Les performances sont impressionnantes.,4,Positive
Enceinte Connectée,Ne fonctionne pas du tout.,1,Negative
Tapis de Souris XXL,"Super produit, rien à dire.",4,Positive
Clavier Gamer RGB,La qualité est au rendez-vous.,4,Positive
Enceinte Connectée,C'est un excellent produit !,5,Positive
Enceinte Connectée,"C'est une arnaque, passez votre chemin.",1,Negative
Enceinte Connectée,Fonctionne parfaitement bien.,5,Positive
Webcam HD 1080p,Un peu déçu par la finition mais ça fonctionne.,3,Neutral
Enceinte Connectée,Excellent rapport qualité-prix.,4,Positive
Webcam HD 1080p,Je recommande vivement cet article.,5,Positive
Ecran 4K 27 pouces,Fait le job mais sans plus.,3,Neutral
Casque Audio Noise Cancelling,C'est un excellent produit !,5,Positive
Ecouteurs Bluetooth,Je recommande vivement cet article.,4,Positive
Souris Sans Fil,"Super produit, rien à dire.",4,Positive
Ecran 4K 27 pouces,Fonctionne parfaitement bien.,4,Positive
Ecran 4K 27 pouces,Fait le job mais sans plus.,3,Neutral
Casque Audio Noise Cancelling,Je recommande vivement cet article.,4,Positive
Ecouteurs Bluetooth,Vraiment ravi de mon achat.,4,Positive
Clavier Gamer RGB,Fonctionne parfaitement bien.,5,Positive
Support PC Portable,Expédition rapide et soignée.,4,Positive
Tapis de Souris XXL,Le SAV est inexistant.,2,Negative
Cable USB-C Charge Rapide,"Super produit, rien à dire.",4,Positive
Souris Sans Fil,Fonctionne parfaitement bien.,5,Positive
Ecran 4K 27 pouces,Excellent rapport qualité-prix.,5,Positive
Clavier Gamer RGB,Design élégant et robuste.,5,Positive
Souris Sans Fil,Design élégant et robuste.,4,Positive
Enceinte Connectée,Vraiment ravi de mon achat.,5,Positive
Cable USB-C Charge Rapide,La qualité est au rendez-vous.,5,Positive
Casque Audio Noise Cancelling,"Conforme à la description, mais l'usage est limité.",3,Neutral
Enceinte Connectée,Expédition rapide et soignée.,5,Positive
Cable USB-C Charge Rapide,"Conforme à la description, mais l'usage est limité.",3,Neutral
Ecran 4K 27 pouces,"Pas mal du tout, malgré quelques petits défauts.",3,Neutral
Support PC Portable,La qualité est médiocre.,2,Negative
Support PC Portable,C'est un excellent produit !,4,Positive
Ecran 4K 27 pouces,"Arrivé dans les temps, emballage sommaire.",3,Neutral
Ecran 4K 27 pouces,Ne fonctionne pas du tout.,1,Negative
Cable USB-C Charge Rapide,"Pas mal du tout, malgré quelques petits défauts.",3,Neutral
Ecouteurs Bluetooth,Excellent rapport qualité-prix.,5,Positive
Clavier Gamer RGB,Fonctionne parfaitement bien.,4,Positive
Cable USB-C Charge Rapide,"Super produit, rien à dire.",4,Positive
Enceinte Connectée,"C'est une arnaque, passez votre chemin.",1,Negative
Enceinte Connectée,Expédition rapide et soignée.,4,Positive
Enceinte Connectée,C'est un excellent produit !,5,Positive
Support PC Portable,Je recommande vivement cet article.,4,Positive
Casque Audio Noise Cancelling,Les performances sont impressionnantes.,5,Positive
Ecran 4K 27 pouces,"Moyen, j'attendais un peu mieux.",3,Neutral
Ecouteurs Bluetooth,Fonctionne parfaitement bien.,4,Positive
Tapis de Souris XXL,Expédition rapide et soignée.,5,Positive
Support PC Portable,"Moyen, j'attendais un peu mieux.",3,Neutral
Support PC Portable,Vraiment ravi de mon achat.,4,Positive
Ecouteurs Bluetooth,Fonctionne parfaitement bien.,4,Positive
Casque Audio Noise Cancelling,"C'est une arnaque, passez votre chemin.",1,Negative
Casque Audio Noise Cancelling,Vraiment ravi de mon achat.,4,Positive
Enceinte Connectée,Fonctionne parfaitement bien.,4,Positive
Ecran 4K 27 pouces,C'est un excellent produit !,4,Positive
Cable USB-C Charge Rapide,Vraiment ravi de mon achat.,5,Positive
Cable USB-C Charge Rapide,"Conforme à la description, mais l'usage est limité.",3,Neutral
Ecran 4K 27 pouces,Les performances sont impressionnantes.,4,Positive
Ecouteurs Bluetooth,Les performances sont impressionnantes.,5,Positive
Enceinte Connectée,Un peu déçu par la finition mais ça fonctionne.,3,Neutral
Clavier Gamer RGB,Très simple à installer.,5,Positive
Souris Sans Fil,Produit correct pour le prix.,3,Neutral
Support PC Portable,Une perte de temps et d'argent.,1,Negative
Tapis de Souris XXL,Les performances sont impressionnantes.,4,Positive
Cable USB-C Charge Rapide,Expédition rapide et soignée.,5,Positive
Support PC Portable,C'est un excellent produit !,4,Positive
Ecouteurs Bluetooth,Je ne recommande pas ce produit.,1,Negative
Ecran 4K 27 pouces,Fonctionne parfaitement bien.,4,Positive
Clavier Gamer RGB,Un peu déçu par la finition mais ça fonctionne.,3,Neutral
Ecran 4K 27 pouces,Design élégant et robuste.,5,Positive
Clavier Gamer RGB,Un peu déçu par la finition mais ça fonctionne.,3,Neutral
Webcam HD 1080p,Fonctionne parfaitement bien.,4,Positive
Tapis de Souris XXL,"Pas mal du tout, malgré quelques petits défauts.",3,Neutral
Casque Audio Noise Cancelling,La qualité est au rendez-vous.,4,Positive
Support PC Portable,Expédition rapide et soignée.,4,Positive
Clavier Gamer RGB,Vraiment ravi de mon achat.,5,Positive
Ecouteurs Bluetooth,Un peu déçu par la finition mais ça fonctionne.,3,Neutral
Ecouteurs Bluetooth,Excellent rapport qualité-prix.,4,Positive
Ecran 4K 27 pouces,Correct sans être exceptionnel.,3,Neutral
Cable USB-C Charge Rapide,"Moyen, j'attendais un peu mieux.",3,Neutral
Support PC Portable,Design élégant et robuste.,4,Positive
Casque Audio Noise Cancelling,Je recommande vivement cet article.,5,Positive
Tapis de Souris XXL,C'est un excellent produit !,4,Positive
Ecran 4K 27 pouces,Très simple à installer.,5,Positive
Support PC Portable,La qualité est médiocre.,1,Negative
Clavier Gamer RGB,Très simple à installer.,4,Positive
Support PC Portable,C'est un excellent produit !,4,Positive
Enceinte Connectée,La qualité est au rendez-vous.,4,Positive
Ecran 4K 27 pouces,Plastique de mauvaise qualité.,1,Negative
Enceinte Connectée,Très simple à installer.,5,Positive
Enceinte Connectée,Expédition rapide et soignée.,5,Positive
Enceinte Connectée,C'est un excellent produit !,4,Positive
Casque Audio Noise Cancelling,La qualité est au rendez-vous.,4,Positive
Ecran 4K 27 pouces,Fait le job mais sans plus.,3,Neutral
Enceinte Connectée,Vraiment ravi de mon achat.,5,Positive
Casque Audio Noise Cancelling,Fait le job mais sans plus.,3,Neutral
Tapis de Souris XXL,Expédition rapide et soignée.,5,Positive
Clavier Gamer RGB,C'est un excellent produit !,4,Positive
Clavier Gamer RGB,Ne fonctionne pas du tout.,1,Negative
Tapis de Souris XXL,Vraiment ravi de mon achat.,4,Positive
Ecran 4K 27 pouces,Design élégant et robuste.,4,Positive
Enceinte Connectée,Produit correct pour le prix.,3,Neutral
Webcam HD 1080p,Expédition rapide et soignée.,4,Positive
Tapis de Souris XXL,Très simple à installer.,4,Positive
Cable USB-C Charge Rapide,"Pas mal du tout, malgré quelques petits défauts.",3,Neutral
Souris Sans Fil,Les performances sont impressionnantes.,4,Positive
Webcam HD 1080p,Design élégant et robuste.,5,Positive
Enceinte Connectée,La qualité est médiocre.,1,Negative
Souris Sans Fil,Le SAV est inexistant.,2,Negative
Webcam HD 1080p,"Moyen, j'attendais un peu mieux.",3,Neutral
Casque Audio Noise Cancelling,Design élégant et robuste.,5,Positive
Clavier Gamer RGB,C'est un excellent produit !,4,Positive
Cable USB-C Charge Rapide,En panne après deux jours d'utilisation.,2,Negative
Tapis de Souris XXL,Très simple à installer.,5,Positive
Souris Sans Fil,Fonctionne parfaitement bien.,4,Positive
Casque Audio Noise Cancelling,Très simple à installer.,5,Positive
Ecran 4K 27 pouces,Très déçu par cet achat.,2,Negative
Tapis de Souris XXL,Les performances sont impressionnantes.,4,Positive
Casque Audio Noise Cancelling,Produit correct pour le prix.,3,Neutral
Support PC Portable,Fonctionne parfaitement bien.,4,Positive
Casque Audio Noise Cancelling,"Conforme à la description, mais l'usage est limité.",3,Neutral
Webcam HD 1080p,Les performances sont impressionnantes.,4,Positive
Enceinte Connectée,C'est un excellent produit !,4,Positive
Cable USB-C Charge Rapide,Une perte de temps et d'argent.,1,Negative
Cable USB-C Charge Rapide,Le SAV est inexistant.,1,Negative
Enceinte Connectée,"Pas mal du tout, malgré quelques petits défauts.",3,Neutral
Cable USB-C Charge Rapide,Le SAV est inexistant.,1,Negative
Support PC Portable,Très simple à installer.,4,Positive
Ecran 4K 27 pouces,Très simple à installer.,4,Positive
Ecouteurs Bluetooth,La qualité est au rendez-vous.,4,Positive
Ecouteurs Bluetooth,Les performances sont impressionnantes.,5,Positive
Cable USB-C Charge Rapide,"Pas mal du tout, malgré quelques petits défauts.",3,Neutral
Casque Audio Noise Cancelling,Fonctionne parfaitement bien.,4,Positive
Casque Audio Noise Cancelling,Correct sans être exceptionnel.,3,Neutral
Tapis de Souris XXL,"Arrivé dans les temps, emballage sommaire.",3,Neutral
Ecran 4K 27 pouces,Vraiment ravi de mon achat.,5,Positive
Support PC Portable,Je ne recommande pas ce produit.,2,Negative
Casque Audio Noise Cancelling,Je recommande vivement cet article.,5,Positive
Clavier Gamer RGB,"Super produit, rien à dire.",4,Positive
Tapis de Souris XXL,Je recommande vivement cet article.,4,Positive
Ecran 4K 27 pouces,Ne fonctionne pas du tout.,1,Negative
Support PC Portable,Je recommande vivement cet article.,5,Positive
Cable USB-C Charge Rapide,Fonctionne parfaitement bien.,4,Positive
Ecouteurs Bluetooth,Je recommande vivement cet article.,4,Positive
Tapis de Souris XXL,Correct sans être exceptionnel.,3,Neutral
Support PC Portable,Produit correct pour le prix.,3,Neutral
Tapis de Souris XXL,Je recommande vivement cet article.,4,Positive
Ecran 4K 27 pouces,Fonctionne parfaitement bien.,4,Positive
Tapis de Souris XXL,Les performances sont impressionnantes.,5,Positive
Tapis de Souris XXL,Une perte de temps et d'argent.,1,Negative
Ecran 4K 27 pouces,Ne fonctionne pas du tout.,1,Negative
Ecouteurs Bluetooth,"Conforme à la description, mais l'usage est limité.",3,Neutral
Enceinte Connectée,Très simple à installer.,4,Positive
Clavier Gamer RGB,Un peu déçu par la finition mais ça fonctionne.,3,Neutral
Ecran 4K 27 pouces,Design élégant et robuste.,4,Positive
Ecran 4K 27 pouces,Fonctionne parfaitement bien.,5,Positive
Clavier Gamer RGB,Ne fonctionne pas du tout.,1,Negative
Ecouteurs Bluetooth,En panne après deux jours d'utilisation.,2,Negative
Casque Audio Noise Cancelling,Très simple à installer.,5,Positive
Enceinte Connectée,La qualité est médiocre.,1,Negative
Ecran 4K 27 pouces,"Arrivé cassé, inadmissible.",1,Negative
Ecouteurs Bluetooth,Vraiment ravi de mon achat.,5,Positive
Enceinte Connectée,Fonctionne parfaitement bien.,4,Positive
Casque Audio Noise Cancelling,Je recommande vivement cet article.,5,Positive
Cable USB-C Charge Rapide,Une perte de temps et d'argent.,1,Negative
Clavier Gamer RGB,Une perte de temps et d'argent.,1,Negative
Tapis de Souris XXL,"Moyen, j'attendais un peu mieux.",3,Neutral
Souris Sans Fil,Je ne recommande pas ce produit.,1,Negative
Webcam HD 1080p,Très simple à installer.,4,Positive
Webcam HD 1080p,Fonctionne parfaitement bien.,5,Positive
Ecran 4K 27 pouces,Expédition rapide et soignée.,5,Positive
Clavier Gamer RGB,Fonctionne parfaitement bien.,5,Positive
Souris Sans Fil,Plastique de mauvaise qualité.,1,Negative
Webcam HD 1080p,Correct sans être exceptionnel.,3,Neutral
Ecouteurs Bluetooth,Expédition rapide et soignée.,5,Positive
Tapis de Souris XXL,Je recommande vivement cet article.,4,Positive
Clavier Gamer RGB,"Pas mal du tout, malgré quelques petits défauts.",3,Neutral
Souris Sans Fil,C'est un excellent produit !,5,Positive
Tapis de Souris XXL,"Moyen, j'attendais un peu mieux.",3,Neutral
Ecran 4K 27 pouces,Excellent rapport qualité-prix.,5,Positive
Casque Audio Noise Cancelling,Le SAV est inexistant.,1,Negative
Ecouteurs Bluetooth,Excellent rapport qualité-prix.,4,Positive
Clavier Gamer RGB,Très déçu par cet achat.,1,Negative
Enceinte Connectée,Une perte de temps et d'argent.,2,Negative
Casque Audio Noise Cancelling,Très déçu par cet achat.,1,Negative
Casque Audio Noise Cancelling,Vraiment ravi de mon achat.,5,Positive
Tapis de Souris XXL,Ne fonctionne pas du tout.,1,Negative
Souris Sans Fil,"Pas mal du tout, malgré quelques petits défauts.",3,Neutral
Tapis de Souris XXL,Très simple à installer.,5,Positive
Enceinte Connectée,Design élégant et robuste.,4,Positive
Support PC Portable,Les performances sont impressionnantes.,4,Positive
Ecran 4K 27 pouces,Je ne recommande pas ce produit.,2,Negative
Clavier Gamer RGB,Très simple à installer.,5,Positive
Clavier Gamer RGB,"Conforme à la description, mais l'usage est limité.",3,Neutral
Ecran 4K 27 pouces,Design élégant et robuste.,4,Positive
Enceinte Connectée,Correct sans être exceptionnel.,3,Neutral
Casque Audio Noise Cancelling,"Super produit, rien à dire.",4,Positive
Tapis de Souris XXL,Fait le job mais sans plus.,3,Neutral
Clavier Gamer RGB,Design élégant et robuste.,5,Positive
Clavier Gamer RGB,Produit correct pour le prix.,3,Neutral
Enceinte Connectée,Je recommande vivement cet article.,4,Positive
Cable USB-C Charge Rapide,Design élégant et robuste.,4,Positive
Cable USB-C Charge Rapide,Excellent rapport qualité-prix.,4,Positive
Webcam HD 1080p,"Arrivé dans les temps, emballage sommaire.",3,Neutral
Webcam HD 1080p,"Super produit, rien à dire.",5,Positive
Cable USB-C Charge Rapide,Ne fonctionne pas du tout.,2,Negative
Enceinte Connectée,Les performances sont impressionnantes.,5,Positive
Casque Audio Noise Cancelling,Un peu déçu par la finition mais ça fonctionne.,3,Neutral
Souris Sans Fil,Je recommande vivement cet article.,4,Positive
Clavier Gamer RGB,"Pas mal du tout, malgré quelques petits défauts.",3,Neutral
Webcam HD 1080p,Un peu déçu par la finition mais ça fonctionne.,3,Neutral
Souris Sans Fil,La qualité est médiocre.,1,Negative
Ecran 4K 27 pouces,Excellent rapport qualité-prix.,4,Positive
Casque Audio Noise Cancelling,Excellent rapport qualité-prix.,4,Positive
Webcam HD 1080p,"Conforme à la description, mais l'usage est limité.",3,Neutral
Souris Sans Fil,Design élégant et robuste.,4,Positive
Casque Audio Noise Cancelling,"C'est une arnaque, passez votre chemin.",1,Negative
Souris Sans Fil,"Pas mal du tout, malgré quelques petits défauts.",3,Neutral
Enceinte Connectée,Le SAV est inexistant.,1,Negative
Webcam HD 1080p,"Super produit, rien à dire.",5,Positive
Ecran 4K 27 pouces,Le SAV est inexistant.,1,Negative
Clavier Gamer RGB,Très déçu par cet achat.,2,Negative
Tapis de Souris XXL,La qualité est médiocre.,1,Negative
Webcam HD 1080p,"Moyen, j'attendais un peu mieux.",3,Neutral
Clavier Gamer RGB,Excellent rapport qualité-prix.,4,Positive
Webcam HD 1080p,Correct sans être exceptionnel.,3,Neutral
Casque Audio Noise Cancelling,Fait le job mais sans plus.,3,Neutral
Enceinte Connectée,Expédition rapide et soignée.,5,Positive
Casque Audio Noise Cancelling,Un peu déçu par la finition mais ça fonctionne.,3,Neutral
Clavier Gamer RGB,Vraiment ravi de mon achat.,5,Positive
Souris Sans Fil,"Moyen, j'attendais un peu mieux.",3,Neutral
Webcam HD 1080p,Je recommande vivement cet article.,4,Positive
Ecran 4K 27 pouces,"Arrivé dans les temps, emballage sommaire.",3,Neutral
Enceinte Connectée,Très simple à installer.,5,Positive
Cable USB-C Charge Rapide,Produit correct pour le prix.,3,Neutral
Clavier Gamer RGB,"C'est une arnaque, passez votre chemin.",1,Negative
Ecran 4K 27 pouces,Les performances sont impressionnantes.,5,Positive
Casque Audio Noise Cancelling,Ne fonctionne pas du tout.,2,Negative
Clavier Gamer RGB,Très simple à installer.,5,Positive
Ecran 4K 27 pouces,Les performances sont impressionnantes.,4,Positive
Tapis de Souris XXL,Très déçu par cet achat.,1,Negative
Ecouteurs Bluetooth,Les performances sont impressionnantes.,4,Positive
Cable USB-C Charge Rapide,Expédition rapide et soignée.,4,Positive
Clavier Gamer RGB,"Super produit, rien à dire.",4,Positive
Enceinte Connectée,"Super produit, rien à dire.",5,Positive
Casque Audio Noise Cancelling,Produit correct pour le prix.,3,Neutral
Tapis de Souris XXL,Je recommande vivement cet article.,5,Positive
Clavier Gamer RGB,"C'est une arnaque, passez votre chemin.",2,Negative
Webcam HD 1080p,C'est un excellent produit !,4,Positive
Support PC Portable,Une perte de temps et d'argent.,2,Negative
Souris Sans Fil,C'est un excellent produit !,5,Positive
Enceinte Connectée,"Conforme à la description, mais l'usage est limité.",3,Neutral
Support PC Portable,La qualité est médiocre.,1,Negative
Webcam HD 1080p,Fait le job mais sans plus.,3,Neutral
Cable USB-C Charge Rapide,Vraiment ravi de mon achat.,5,Positive
Ecran 4K 27 pouces,Fonctionne parfaitement bien.,5,Positive
Ecouteurs Bluetooth,En panne après deux jours d'utilisation.,2,Negative
Souris Sans Fil,Vraiment ravi de mon achat.,5,Positive
Support PC Portable,Design élégant et robuste.,4,Positive
Clavier Gamer RGB,"Super produit, rien à dire.",4,Positive
Ecouteurs Bluetooth,C'est un excellent produit !,4,Positive
Casque Audio Noise Cancelling,Fonctionne parfaitement bien.,5,Positive
Enceinte Connectée,La qualité est médiocre.,2,Negative
Support PC Portable,Excellent rapport qualité-prix.,5,Positive
Ecouteurs Bluetooth,Vraiment ravi de mon achat.,5,Positive
Enceinte Connectée,Les performances sont impressionnantes.,5,Positive
Clavier Gamer RGB,Correct sans être exceptionnel.,3,Neutral
Webcam HD 1080p,Excellent rapport qualité-prix.,4,Positive
Cable USB-C Charge Rapide,Excellent rapport qualité-prix.,4,Positive
Cable USB-C Charge Rapide,Fonctionne parfaitement bien.,4,Positive
Support PC Portable,Vraiment ravi de mon achat.,5,Positive
Casque Audio Noise Cancelling,La qualité est au rendez-vous.,4,Positive
Support PC Portable,"Conforme à la description, mais l'usage est limité.",3,Neutral
Enceinte Connectée,Vraiment ravi de mon achat.,4,Positive
Clavier Gamer RGB,"C'est une arnaque, passez votre chemin.",1,Negative
Webcam HD 1080p,Vraiment ravi de mon achat.,4,Positive
Ecran 4K 27 pouces,La qualité est au rendez-vous.,5,Positive
Webcam HD 1080p,"Super produit, rien à dire.",5,Positive
Webcam HD 1080p,Fonctionne parfaitement bien.,5,Positive
Enceinte Connectée,Très simple à installer.,4,Positive
Souris Sans Fil,Excellent rapport qualité-prix.,5,Positive
Clavier Gamer RGB,C'est un excellent produit !,5,Positive
Support PC Portable,"Arrivé dans les temps, emballage sommaire.",3,Neutral
Casque Audio Noise Cancelling,Fait le job mais sans plus.,3,Neutral
Support PC Portable,Excellent rapport qualité-prix.,4,Positive
Support PC Portable,Très simple à installer.,5,Positive
Souris Sans Fil,En panne après deux jours d'utilisation.,1,Negative
Clavier Gamer RGB,Vraiment ravi de mon achat.,4,Positive
Souris Sans Fil,Expédition rapide et soignée.,5,Positive
Souris Sans Fil,"Super produit, rien à dire.",5,Positive
Tapis de Souris XXL,Très simple à installer.,5,Positive
Support PC Portable,Une perte de temps et d'argent.,2,Negative
Webcam HD 1080p,Très simple à installer.,4,Positive
Souris Sans Fil,Expédition rapide et soignée.,4,Positive
Webcam HD 1080p,Les performances sont impressionnantes.,5,Positive
Clavier Gamer RGB,Fonctionne parfaitement bien.,5,Positive
Casque Audio Noise Cancelling,"Pas mal du tout, malgré quelques petits défauts.",3,Neutral
Enceinte Connectée,La qualité est médiocre.,1,Negative
Clavier Gamer RGB,"Arrivé cassé, inadmissible.",1,Negative
Ecran 4K 27 pouces,"Arrivé dans les temps, emballage sommaire.",3,Neutral
Webcam HD 1080p,"Pas mal du tout, malgré quelques petits défauts.",3,Neutral
Enceinte Connectée,Je ne recommande pas ce produit.,1,Negative
Webcam HD 1080p,"Super produit, rien à dire.",4,Positive
Ecouteurs Bluetooth,"Super produit, rien à dire.",5,Positive
Enceinte Connectée,"Super produit, rien à dire.",4,Positive
Support PC Portable,Fonctionne parfaitement bien.,4,Positive
Enceinte Connectée,Design élégant et robuste.,5,Positive
Ecran 4K 27 pouces,C'est un excellent produit !,4,Positive
Webcam HD 1080p,Vraiment ravi de mon achat.,5,Positive
Webcam HD 1080p,Design élégant et robuste.,5,Positive
Webcam HD 1080p,Très simple à installer.,5,Positive
Souris Sans Fil,Le SAV est inexistant.,2,Negative
Support PC Portable,Correct sans être exceptionnel.,3,Neutral
Souris Sans Fil,Design élégant et robuste.,4,Positive
Clavier Gamer RGB,"Moyen, j'attendais un peu mieux.",3,Neutral
Enceinte Connectée,"Super produit, rien à dire.",4,Positive
Ecran 4K 27 pouces,C'est un excellent produit !,5,Positive
Tapis de Souris XXL,"Arrivé dans les temps, emballage sommaire.",3,Neutral
Casque Audio Noise Cancelling,"Moyen, j'attendais un peu mieux.",3,Neutral
Support PC Portable,"Super produit, rien à dire.",4,Positive
Ecouteurs Bluetooth,Expédition rapide et soignée.,4,Positive
Tapis de Souris XXL,Très simple à installer.,4,Positive
Casque Audio Noise Cancelling,Fonctionne parfaitement bien.,5,Positive
Souris Sans Fil,La qualité est au rendez-vous.,5,Positive
Ecran 4K 27 pouces,Correct sans être exceptionnel.,3,Neutral
Enceinte Connectée,"Pas mal du tout, malgré quelques petits défauts.",3,Neutral
Casque Audio Noise Cancelling,Plastique de mauvaise qualité.,1,Negative
Enceinte Connectée,En panne après deux jours d'utilisation.,1,Negative
Casque Audio Noise Cancelling,"Super produit, rien à dire.",4,Positive
Tapis de Souris XXL,Design élégant et robuste.,5,Positive
Souris Sans Fil,Une perte de temps et d'argent.,2,Negative
Souris Sans Fil,Une perte de temps et d'argent.,1,Negative
Webcam HD 1080p,Expédition rapide et soignée.,4,Positive
Enceinte Connectée,"Moyen, j'attendais un peu mieux.",3,Neutral
Ecouteurs Bluetooth,Très simple à installer.,4,Positive
Casque Audio Noise Cancelling,"Super produit, rien à dire.",4,Positive
Support PC Portable,Très simple à installer.,5,Positive
Tapis de Souris XXL,Design élégant et robuste.,5,Positive
Cable USB-C Charge Rapide,Très déçu par cet achat.,1,Negative
Ecran 4K 27 pouces,"Super produit, rien à dire.",4,Positive
Enceinte Connectée,Ne fonctionne pas du tout.,1,Negative
Support PC Portable,C'est un excellent produit !,4,Positive
Ecran 4K 27 pouces,Les performances sont impressionnantes.,5,Positive
Ecran 4K 27 pouces,Vraiment ravi de mon achat.,4,Positive
Tapis de Souris XXL,Vraiment ravi de mon achat.,5,Positive
Tapis de Souris XXL,Expédition rapide et soignée.,4,Positive
Tapis de Souris XXL,La qualité est au rendez-vous.,4,Positive
Tapis de Souris XXL,Un peu déçu par la finition mais ça fonctionne.,3,Neutral
Casque Audio Noise Cancelling,Fonctionne parfaitement bien.,4,Positive
Casque Audio Noise Cancelling,C'est un excellent produit !,5,Positive
Clavier Gamer RGB,La qualité est médiocre.,2,Negative
Ecouteurs Bluetooth,C'est un excellent produit !,4,Positive
Tapis de Souris XXL,Les performances sont impressionnantes.,5,Positive
Enceinte Connectée,"Arrivé cassé, inadmissible.",1,Negative
Enceinte Connectée,Les performances sont impressionnantes.,4,Positive
Souris Sans Fil,Produit correct pour le prix.,3,Neutral
Cable USB-C Charge Rapide,Très simple à installer.,4,Positive
Enceinte Connectée,Excellent rapport qualité-prix.,5,Positive
Souris Sans Fil,Le SAV est inexistant.,2,Negative
Casque Audio Noise Cancelling,Les performances sont impressionnantes.,5,Positive
Enceinte Connectée,Très simple à installer.,5,Positive
Support PC Portable,La qualité est au rendez-vous.,4,Positive
Support PC Portable,"Moyen, j'attendais un peu mieux.",3,Neutral
Cable USB-C Charge Rapide,Les performances sont impressionnantes.,5,Positive
Casque Audio Noise Cancelling,"Arrivé cassé, inadmissible.",2,Negative
Cable USB-C Charge Rapide,Je recommande vivement cet article.,4,Positive
Webcam HD 1080p,Une perte de temps et d'argent.,1,Negative
Tapis de Souris XXL,C'est un excellent produit !,4,Positive
Clavier Gamer RGB,Expédition rapide et soignée.,5,Positive
Ecran 4K 27 pouces,Vraiment ravi de mon achat.,4,Positive
Ecran 4K 27 pouces,Expédition rapide et soignée.,4,Positive
Tapis de Souris XXL,Expédition rapide et soignée.,4,Positive
Tapis de Souris XXL,"Super produit, rien à dire.",4,Positive
Casque Audio Noise Cancelling,"Super produit, rien à dire.",4,Positive
Ecouteurs Bluetooth,Très simple à installer.,5,Positive
Enceinte Connectée,"Arrivé dans les temps, emballage sommaire.",3,Neutral
Webcam HD 1080p,"Conforme à la description, mais l'usage est limité.",3,Neutral
Souris Sans Fil,Excellent rapport qualité-prix.,4,Positive
Support PC Portable,Je ne recommande pas ce produit.,2,Negative
Casque Audio Noise Cancelling,La qualité est au rendez-vous.,4,Positive
Tapis de Souris XXL,En panne après deux jours d'utilisation.,1,Negative
Cable USB-C Charge Rapide,Très simple à installer.,4,Positive
Ecran 4K 27 pouces,Le SAV est inexistant.,1,Negative
Ecouteurs Bluetooth,Un peu déçu par la finition mais ça fonctionne.,3,Neutral
Ecouteurs Bluetooth,"Super produit, rien à dire.",4,Positive
Clavier Gamer RGB,Fait le job mais sans plus.,3,Neutral
Clavier Gamer RGB,Vraiment ravi de mon achat.,4,Positive
Enceinte Connectée,Design élégant et robuste.,5,Positive
Souris Sans Fil,Expédition rapide et soignée.,5,Positive
Clavier Gamer RGB,Excellent rapport qualité-prix.,5,Positive
Enceinte Connectée,"Conforme à la description, mais l'usage est limité.",3,Neutral
Souris Sans Fil,"Moyen, j'attendais un peu mieux.",3,Neutral
Support PC Portable,Expédition rapide et soignée.,5,Positive
Enceinte Connectée,"Conforme à la description, mais l'usage est limité.",3,Neutral
Souris Sans Fil,Expédition rapide et soignée.,4,Positive
Souris Sans Fil,"Conforme à la description, mais l'usage est limité.",3,Neutral
Casque Audio Noise Cancelling,Ne fonctionne pas du tout.,1,Negative
Casque Audio Noise Cancelling,Design élégant et robuste.,4,Positive
Ecouteurs Bluetooth,Correct sans être exceptionnel.,3,Neutral
Ecouteurs Bluetooth,Fonctionne parfaitement bien.,4,Positive
Support PC Portable,Un peu déçu par la finition mais ça fonctionne.,3,Neutral
Webcam HD 1080p,Correct sans être exceptionnel.,3,Neutral
Clavier Gamer RGB,La qualité est au rendez-vous.,4,Positive
Webcam HD 1080p,Une perte de temps et d'argent.,1,Negative
Souris Sans Fil,En panne après deux jours d'utilisation.,2,Negative
Webcam HD 1080p,Fonctionne parfaitement bien.,5,Positive
Enceinte Connectée,La qualité est au rendez-vous.,4,Positive
Tapis de Souris XXL,Un peu déçu par la finition mais ça fonctionne.,3,Neutral
Webcam HD 1080p,En panne après deux jours d'utilisation.,1,Negative
Enceinte Connectée,Une perte de temps et d'argent.,2,Negative
Ecouteurs Bluetooth,Design élégant et robuste.,5,Positive
Ecran 4K 27 pouces,Je recommande vivement cet article.,5,Positive
Ecran 4K 27 pouces,Je ne recommande pas ce produit.,2,Negative
Cable USB-C Charge Rapide,Les performances sont impressionnantes.,5,Positive
Ecouteurs Bluetooth,Les performances sont impressionnantes.,5,Positive
Webcam HD 1080p,Les performances sont impressionnantes.,4,Positive
Souris Sans Fil,C'est un excellent produit !,4,Positive
Tapis de Souris XXL,Très simple à installer.,5,Positive
Support PC Portable,Un peu déçu par la finition mais ça fonctionne.,3,Neutral
Support PC Portable,"Moyen, j'attendais un peu mieux.",3,Neutral
Souris Sans Fil,La qualité est au rendez-vous.,4,Positive
Souris Sans Fil,La qualité est au rendez-vous.,4,Positive
Tapis de Souris XXL,Très simple à installer.,4,Positive
Ecran 4K 27 pouces,Je recommande vivement cet article.,4,Positive
Enceinte Connectée,Très simple à installer.,5,Positive
Enceinte Connectée,Expédition rapide et soignée.,5,Positive
Ecran 4K 27 pouces,"Moyen, j'attendais un peu mieux.",3,Neutral
Enceinte Connectée,"Super produit, rien à dire.",4,Positive
Enceinte Connectée,C'est un excellent produit !,4,Positive
Ecran 4K 27 pouces,Fonctionne parfaitement bien.,5,Positive
Casque Audio Noise Cancelling,"Moyen, j'attendais un peu mieux.",3,Neutral
Ecouteurs Bluetooth,La qualité est au rendez-vous.,5,Positive
Ecran 4K 27 pouces,Très déçu par cet achat.,1,Negative
Souris Sans Fil,Correct sans être exceptionnel.,3,Neutral
Webcam HD 1080p,Produit correct pour le prix.,3,Neutral
Ecouteurs Bluetooth,Je recommande vivement cet article.,5,Positive
Enceinte Connectée,C'est un excellent produit !,4,Positive
Webcam HD 1080p,Vraiment ravi de mon achat.,5,Positive
Ecran 4K 27 pouces,"Conforme à la description, mais l'usage est limité.",3,Neutral
Ecouteurs Bluetooth,Fait le job mais sans plus.,3,Neutral
Souris Sans Fil,La qualité est au rendez-vous.,4,Positive
Ecouteurs Bluetooth,"Super produit, rien à dire.",4,Positive
Support PC Portable,C'est un excellent produit !,4,Positive
Ecouteurs Bluetooth,Fait le job mais sans plus.,3,Neutral
Ecouteurs Bluetooth,Vraiment ravi de mon achat.,5,Positive
Souris Sans Fil,Ne fonctionne pas du tout.,1,Negative
Webcam HD 1080p,"Conforme à la description, mais l'usage est limité.",3,Neutral
Souris Sans Fil,"Conforme à la description, mais l'usage est limité.",3,Neutral
Ecran 4K 27 pouces,C'est un excellent produit !,4,Positive
Cable USB-C Charge Rapide,Excellent rapport qualité-prix.,5,Positive
Tapis de Souris XXL,"Super produit, rien à dire.",4,Positive
Souris Sans Fil,Très simple à installer.,5,Positive
Ecouteurs Bluetooth,La qualité est au rendez-vous.,5,Positive
Ecouteurs Bluetooth,Très simple à installer.,4,Positive
Casque Audio Noise Cancelling,Correct sans être exceptionnel.,3,Neutral
Tapis de Souris XXL,La qualité est médiocre.,2,Negative
Souris Sans Fil,La qualité est au rendez-vous.,5,Positive
Clavier Gamer RGB,En panne après deux jours d'utilisation.,1,Negative
Tapis de Souris XXL,Fait le job mais sans plus.,3,Neutral
Clavier Gamer RGB,"Arrivé cassé, inadmissible.",1,Negative
Webcam HD 1080p,C'est un excellent produit !,5,Positive
Ecouteurs Bluetooth,Vraiment ravi de mon achat.,5,Positive
Souris Sans Fil,Expédition rapide et soignée.,5,Positive
Enceinte Connectée,Excellent rapport qualité-prix.,5,Positive
Cable USB-C Charge Rapide,Correct sans être exceptionnel.,3,Neutral
Ecran 4K 27 pouces,Ne fonctionne pas du tout.,2,Negative
Souris Sans Fil,C'est un excellent produit !,5,Positive
Casque Audio Noise Cancelling,Design élégant et robuste.,4,Positive
Ecran 4K 27 pouces,C'est un excellent produit !,5,Positive
Souris Sans Fil,Design élégant et robuste.,4,Positive
Ecouteurs Bluetooth,Excellent rapport qualité-prix.,4,Positive
Ecran 4K 27 pouces,Très simple à installer.,5,Positive
Ecouteurs Bluetooth,La qualité est au rendez-vous.,5,Positive
Clavier Gamer RGB,C'est un excellent produit !,5,Positive
Ecran 4K 27 pouces,Les performances sont impressionnantes.,4,Positive
Tapis de Souris XXL,"C'est une arnaque, passez votre chemin.",2,Negative
Webcam HD 1080p,En panne après deux jours d'utilisation.,2,Negative
Casque Audio Noise Cancelling,"Arrivé cassé, inadmissible.",2,Negative
Ecouteurs Bluetooth,Expédition rapide et soignée.,5,Positive
Cable USB-C Charge Rapide,Fonctionne parfaitement bien.,4,Positive
Cable USB-C Charge Rapide,La qualité est au rendez-vous.,4,Positive
Cable USB-C Charge Rapide,Vraiment ravi de mon achat.,4,Positive
Clavier Gamer RGB,Très simple à installer.,4,Positive
Ecouteurs Bluetooth,Excellent rapport qualité-prix.,4,Positive
Enceinte Connectée,Excellent rapport qualité-prix.,5,Positive
Cable USB-C Charge Rapide,Fait le job mais sans plus.,3,Neutral
Support PC Portable,Très simple à installer.,4,Positive
Clavier Gamer RGB,Design élégant et robuste.,5,Positive
Ecouteurs Bluetooth,Vraiment ravi de mon achat.,4,Positive
Tapis de Souris XXL,"Conforme à la description, mais l'usage est limité.",3,Neutral
Ecouteurs Bluetooth,Excellent rapport qualité-prix.,4,Positive
Support PC Portable,Design élégant et robuste.,4,Positive
Ecran 4K 27 pouces,Je recommande vivement cet article.,4,Positive
Tapis de Souris XXL,"C'est une arnaque, passez votre chemin.",2,Negative
Cable USB-C Charge Rapide,La qualité est au rendez-vous.,5,Positive
Ecouteurs Bluetooth,Produit correct pour le prix.,3,Neutral
Clavier Gamer RGB,Expédition rapide et soignée.,4,Positive
Enceinte Connectée,"C'est une arnaque, passez votre chemin.",2,Negative
Casque Audio Noise Cancelling,"Pas mal du tout, malgré quelques petits défauts.",3,Neutral
Support PC Portable,Très simple à installer.,4,Positive
Clavier Gamer RGB,Les performances sont impressionnantes.,4,Positive
Casque Audio Noise Cancelling,Je recommande vivement cet article.,5,Positive
Casque Audio Noise Cancelling,La qualité est médiocre.,2,Negative
Ecouteurs Bluetooth,Très simple à installer.,4,Positive
Ecran 4K 27 pouces,Très déçu par cet achat.,2,Negative
Clavier Gamer RGB,Excellent rapport qualité-prix.,5,Positive
Casque Audio Noise Cancelling,Expédition rapide et soignée.,5,Positive
Webcam HD 1080p,Vraiment ravi de mon achat.,4,Positive
Clavier Gamer RGB,"Super produit, rien à dire.",5,Positive
Support PC Portable,C'est un excellent produit !,5,Positive
Clavier Gamer RGB,"Pas mal du tout, malgré quelques petits défauts.",3,Neutral
Webcam HD 1080p,Les performances sont impressionnantes.,4,Positive
Cable USB-C Charge Rapide,Fonctionne parfaitement bien.,5,Positive
Ecouteurs Bluetooth,C'est un excellent produit !,4,Positive
Cable USB-C Charge Rapide,Produit correct pour le prix.,3,Neutral
Webcam HD 1080p,Excellent rapport qualité-prix.,5,Positive
Webcam HD 1080p,"Super produit, rien à dire.",5,Positive
Ecran 4K 27 pouces,Un peu déçu par la finition mais ça fonctionne.,3,Neutral
Support PC Portable,Excellent rapport qualité-prix.,4,Positive
Casque Audio Noise Cancelling,"Pas mal du tout, malgré quelques petits défauts.",3,Neutral
Ecouteurs Bluetooth,Vraiment ravi de mon achat.,5,Positive
Souris Sans Fil,C'est un excellent produit !,5,Positive
Support PC Portable,Fonctionne parfaitement bien.,5,Positive
Ecran 4K 27 pouces,Une perte de temps et d'argent.,2,Negative
Souris Sans Fil,Les performances sont impressionnantes.,5,Positive
Webcam HD 1080p,Très déçu par cet achat.,2,Negative
Ecouteurs Bluetooth,"Pas mal du tout, malgré quelques petits défauts.",3,Neutral
Souris Sans Fil,Très déçu par cet achat.,1,Negative
Ecran 4K 27 pouces,Très simple à installer.,5,Positive
Souris Sans Fil,C'est un excellent produit !,5,Positive
Souris Sans Fil,Produit correct pour le prix.,3,Neutral
Cable USB-C Charge Rapide,Fonctionne parfaitement bien.,4,Positive
Tapis de Souris XXL,"Conforme à la description, mais l'usage est limité.",3,Neutral
Souris Sans Fil,"C'est une arnaque, passez votre chemin.",1,Negative
Clavier Gamer RGB,"Pas mal du tout, malgré quelques petits défauts.",3,Neutral
Enceinte Connectée,Très simple à installer.,4,Positive
Casque Audio Noise Cancelling,Le SAV est inexistant.,2,Negative
Souris Sans Fil,Design élégant et robuste.,4,Positive
Tapis de Souris XXL,Les performances sont impressionnantes.,4,Positive
Support PC Portable,"C'est une arnaque, passez votre chemin.",2,Negative
Clavier Gamer RGB,C'est un excellent produit !,4,Positive
Cable USB-C Charge Rapide,Design élégant et robuste.,5,Positive
Tapis de Souris XXL,La qualité est au rendez-vous.,4,Positive
Ecran 4K 27 pouces,Je recommande vivement cet article.,4,Positive
Webcam HD 1080p,La qualité est au rendez-vous.,4,Positive
Enceinte Connectée,La qualité est médiocre.,2,Negative
Webcam HD 1080p,Correct sans être exceptionnel.,3,Neutral
Support PC Portable,"Arrivé dans les temps, emballage sommaire.",3,Neutral
Webcam HD 1080p,Très déçu par cet achat.,2,Negative
Cable USB-C Charge Rapide,Fonctionne parfaitement bien.,5,Positive
Ecouteurs Bluetooth,Les performances sont impressionnantes.,4,Positive
Casque Audio Noise Cancelling,C'est un excellent produit !,5,Positive
Support PC Portable,La qualité est médiocre.,1,Negative
Support PC Portable,Expédition rapide et soignée.,4,Positive
Casque Audio Noise Cancelling,Les performances sont impressionnantes.,5,Positive
Casque Audio Noise Cancelling,Les performances sont impressionnantes.,4,Positive
Casque Audio Noise Cancelling,"Pas mal du tout, malgré quelques petits défauts.",3,Neutral
Webcam HD 1080p,Je recommande vivement cet article.,4,Positive
Webcam HD 1080p,Design élégant et robuste.,5,Positive
Enceinte Connectée,Design élégant et robuste.,4,Positive
Clavier Gamer RGB,Vraiment ravi de mon achat.,5,Positive
Casque Audio Noise Cancelling,Les performances sont impressionnantes.,5,Positive
Ecran 4K 27 pouces,Je ne recommande pas ce produit.,2,Negative
Enceinte Connectée,Très simple à installer.,4,Positive
Webcam HD 1080p,Je ne recommande pas ce produit.,1,Negative
Enceinte Connectée,Les performances sont impressionnantes.,4,Positive
Clavier Gamer RGB,Je ne recommande pas ce produit.,1,Negative
Casque Audio Noise Cancelling,Les performances sont impressionnantes.,5,Positive
Webcam HD 1080p,Les performances sont impressionnantes.,4,Positive
Ecouteurs Bluetooth,Fonctionne parfaitement bien.,4,Positive
Ecouteurs Bluetooth,Expédition rapide et soignée.,4,Positive
Webcam HD 1080p,Correct sans être exceptionnel.,3,Neutral
Ecran 4K 27 pouces,Fait le job mais sans plus.,3,Neutral
Ecran 4K 27 pouces,C'est un excellent produit !,5,Positive
Tapis de Souris XXL,C'est un excellent produit !,4,Positive
Cable USB-C Charge Rapide,Excellent rapport qualité-prix.,4,Positive
Tapis de Souris XXL,Produit correct pour le prix.,3,Neutral
Souris Sans Fil,Je recommande vivement cet article.,5,Positive
Support PC Portable,Les performances sont impressionnantes.,4,Positive
Ecouteurs Bluetooth,Fonctionne parfaitement bien.,4,Positive
Cable USB-C Charge Rapide,Excellent rapport qualité-prix.,5,Positive
Ecouteurs Bluetooth,Vraiment ravi de mon achat.,5,Positive
Enceinte Connectée,Les performances sont impressionnantes.,5,Positive
Enceinte Connectée,Très simple à installer.,4,Positive
Enceinte Connectée,Une perte de temps et d'argent.,1,Negative
Support PC Portable,Ne fonctionne pas du tout.,1,Negative
Cable USB-C Charge Rapide,Excellent rapport qualité-prix.,5,Positive
Enceinte Connectée,Plastique de mauvaise qualité.,1,Negative
Tapis de Souris XXL,"Arrivé dans les temps, emballage sommaire.",3,Neutral
Casque Audio Noise Cancelling,"Arrivé cassé, inadmissible.",2,Negative
Enceinte Connectée,Un peu déçu par la finition mais ça fonctionne.,3,Neutral
Webcam HD 1080p,Je recommande vivement cet article.,5,Positive
Enceinte Connectée,Vraiment ravi de mon achat.,5,Positive
Tapis de Souris XXL,Expédition rapide et soignée.,5,Positive
Clavier Gamer RGB,Les performances sont impressionnantes.,4,Positive
Souris Sans Fil,Expédition rapide et soignée.,5,Positive
Ecran 4K 27 pouces,"Arrivé dans les temps, emballage sommaire.",3,Neutral
Clavier Gamer RGB,Design élégant et robuste.,4,Positive
Ecouteurs Bluetooth,Fonctionne parfaitement bien.,4,Positive
Webcam HD 1080p,Fonctionne parfaitement bien.,5,Positive
Casque Audio Noise Cancelling,"Super produit, rien à dire.",5,Positive
Souris Sans Fil,Expédition rapide et soignée.,5,Positive
Tapis de Souris XXL,Design élégant et robuste.,5,Positive
Clavier Gamer RGB,La qualité est au rendez-vous.,5,Positive
Cable USB-C Charge Rapide,La qualité est au rendez-vous.,5,Positive
Clavier Gamer RGB,Excellent rapport qualité-prix.,5,Positive
Cable USB-C Charge Rapide,"Arrivé dans les temps, emballage sommaire.",3,Neutral
Casque Audio Noise Cancelling,Expédition rapide et soignée.,4,Positive
Casque Audio Noise Cancelling,Je recommande vivement cet article.,4,Positive
Tapis de Souris XXL,Design élégant et robuste.,5,Positive
Support PC Portable,Les performances sont impressionnantes.,4,Positive
Support PC Portable,"Pas mal du tout, malgré quelques petits défauts.",3,Neutral
Tapis de Souris XXL,Le SAV est inexistant.,1,Negative
Webcam HD 1080p,Fonctionne parfaitement bien.,4,Positive
Tapis de Souris XXL,Excellent rapport qualité-prix.,5,Positive
Souris Sans Fil,Une perte de temps et d'argent.,1,Negative
Tapis de Souris XXL,Produit correct pour le prix.,3,Neutral
Ecouteurs Bluetooth,Les performances sont impressionnantes.,5,Positive
Webcam HD 1080p,C'est un excellent produit !,4,Positive
Casque Audio Noise Cancelling,Vraiment ravi de mon achat.,4,Positive
Souris Sans Fil,Design élégant et robuste.,4,Positive
Casque Audio Noise Cancelling,"C'est une arnaque, passez votre chemin.",2,Negative
Cable USB-C Charge Rapide,Les performances sont impressionnantes.,5,Positive
Ecouteurs Bluetooth,Vraiment ravi de mon achat.,4,Positive
Souris Sans Fil,Vraiment ravi de mon achat.,4,Positive
Tapis de Souris XXL,Le SAV est inexistant.,2,Negative
Enceinte Connectée,Produit correct pour le prix.,3,Neutral
Clavier Gamer RGB,Produit correct pour le prix.,3,Neutral
Ecouteurs Bluetooth,Design élégant et robuste.,5,Positive
Support PC Portable,Plastique de mauvaise qualité.,1,Negative
Ecouteurs Bluetooth,Design élégant et robuste.,5,Positive
Clavier Gamer RGB,"C'est une arnaque, passez votre chemin.",2,Negative
Souris Sans Fil,Je ne recommande pas ce produit.,2,Negative
Souris Sans Fil,"Arrivé dans les temps, emballage sommaire.",3,Neutral
Ecouteurs Bluetooth,La qualité est au rendez-vous.,4,Positive
Clavier Gamer RGB,Fonctionne parfaitement bien.,5,Positive
Support PC Portable,Expédition rapide et soignée.,5,Positive
Webcam HD 1080p,Produit correct pour le prix.,3,Neutral
Support PC Portable,Expédition rapide et soignée.,4,Positive
Cable USB-C Charge Rapide,Je ne recommande pas ce produit.,1,Negative
Souris Sans Fil,Très simple à installer.,4,Positive
Tapis de Souris XXL,Je ne recommande pas ce produit.,2,Negative
Clavier Gamer RGB,Je recommande vivement cet article.,5,Positive
Cable USB-C Charge Rapide,"Pas mal du tout, malgré quelques petits défauts.",3,Neutral
Support PC Portable,Fonctionne parfaitement bien.,4,Positive
Ecouteurs Bluetooth,La qualité est au rendez-vous.,4,Positive
Support PC Portable,"Super produit, rien à dire.",5,Positive
Webcam HD 1080p,Fait le job mais sans plus.,3,Neutral
Support PC Portable,Fonctionne parfaitement bien.,5,Positive
Ecran 4K 27 pouces,Correct sans être exceptionnel.,3,Neutral
Support PC Portable,Très simple à installer.,4,Positive
Enceinte Connectée,Vraiment ravi de mon achat.,4,Positive
Support PC Portable,"Super produit, rien à dire.",4,Positive
Enceinte Connectée,Les performances sont impressionnantes.,4,Positive
Casque Audio Noise Cancelling,Je ne recommande pas ce produit.,1,Negative
Tapis de Souris XXL,Un peu déçu par la finition mais ça fonctionne.,3,Neutral
Clavier Gamer RGB,Expédition rapide et soignée.,4,Positive
Enceinte Connectée,Je recommande vivement cet article.,4,Positive
Webcam HD 1080p,Plastique de mauvaise qualité.,2,Negative
Cable USB-C Charge Rapide,Très simple à installer.,4,Positive
Ecouteurs Bluetooth,"Arrivé dans les temps, emballage sommaire.",3,Neutral
Support PC Portable,Très simple à installer.,5,Positive
Ecouteurs Bluetooth,La qualité est médiocre.,2,Negative
Cable USB-C Charge Rapide,Je recommande vivement cet article.,5,Positive
Cable USB-C Charge Rapide,Très simple à installer.,4,Positive
Tapis de Souris XXL,"Conforme à la description, mais l'usage est limité.",3,Neutral
Webcam HD 1080p,"Conforme à la description, mais l'usage est limité.",3,Neutral
Enceinte Connectée,Fonctionne parfaitement bien.,5,Positive
Webcam HD 1080p,Très simple à installer.,5,Positive
Enceinte Connectée,"Arrivé dans les temps, emballage sommaire.",3,Neutral
Webcam HD 1080p,Les performances sont impressionnantes.,5,Positive
Enceinte Connectée,Les performances sont impressionnantes.,4,Positive
Clavier Gamer RGB,Design élégant et robuste.,5,Positive
Webcam HD 1080p,"Conforme à la description, mais l'usage est limité.",3,Neutral
Ecouteurs Bluetooth,"Super produit, rien à dire.",5,Positive
Souris Sans Fil,C'est un excellent produit !,4,Positive
Ecouteurs Bluetooth,Je ne recommande pas ce produit.,2,Negative
Souris Sans Fil,Très simple à installer.,4,Positive
Ecran 4K 27 pouces,Très simple à installer.,4,Positive
Ecran 4K 27 pouces,La qualité est au rendez-vous.,4,Positive
Ecouteurs Bluetooth,Très déçu par cet achat.,2,Negative
Casque Audio Noise Cancelling,"Arrivé cassé, inadmissible.",1,Negative
Ecran 4K 27 pouces,"Arrivé cassé, inadmissible.",1,Negative
Enceinte Connectée,La qualité est médiocre.,1,Negative
Ecouteurs Bluetooth,C'est un excellent produit !,4,Positive
Souris Sans Fil,C'est un excellent produit !,4,Positive
Ecouteurs Bluetooth,"Arrivé dans les temps, emballage sommaire.",3,Neutral
Support PC Portable,C'est un excellent produit !,4,Positive
Clavier Gamer RGB,Excellent rapport qualité-prix.,5,Positive
Ecouteurs Bluetooth,Je recommande vivement cet article.,4,Positive
Ecran 4K 27 pouces,Je recommande vivement cet article.,4,Positive
Clavier Gamer RGB,Le SAV est inexistant.,1,Negative
Cable USB-C Charge Rapide,Ne fonctionne pas du tout.,1,Negative
Webcam HD 1080p,Design élégant et robuste.,4,Positive
Cable USB-C Charge Rapide,Fonctionne parfaitement bien.,4,Positive
Tapis de Souris XXL,"Super produit, rien à dire.",5,Positive
Ecouteurs Bluetooth,C'est un excellent produit !,4,Positive
Support PC Portable,La qualité est médiocre.,2,Negative
Clavier Gamer RGB,Expédition rapide et soignée.,5,Positive
Webcam HD 1080p,Expédition rapide et soignée.,4,Positive
Clavier Gamer RGB,Une perte de temps et d'argent.,1,Negative
Casque Audio Noise Cancelling,Une perte de temps et d'argent.,2,Negative
Cable USB-C Charge Rapide,"Super produit, rien à dire.",4,Positive
Casque Audio Noise Cancelling,Ne fonctionne pas du tout.,2,Negative
Ecouteurs Bluetooth,Un peu déçu par la finition mais ça fonctionne.,3,Neutral
Cable USB-C Charge Rapide,Très simple à installer.,5,Positive
Tapis de Souris XXL,Les performances sont impressionnantes.,5,Positive
Support PC Portable,Expédition rapide et soignée.,4,Positive
Enceinte Connectée,"Arrivé dans les temps, emballage sommaire.",3,Neutral
Casque Audio Noise Cancelling,Très simple à installer.,5,Positive
Souris Sans Fil,La qualité est au rendez-vous.,5,Positive
Casque Audio Noise Cancelling,Produit correct pour le prix.,3,Neutral
Enceinte Connectée,Très simple à installer.,5,Positive
Enceinte Connectée,Design élégant et robuste.,4,Positive
Enceinte Connectée,"Arrivé cassé, inadmissible.",2,Negative
Ecouteurs Bluetooth,Les performances sont impressionnantes.,5,Positive
Casque Audio Noise Cancelling,Vraiment ravi de mon achat.,5,Positive
Webcam HD 1080p,C'est un excellent produit !,5,Positive
Webcam HD 1080p,Vraiment ravi de mon achat.,4,Positive
Souris Sans Fil,Design élégant et robuste.,5,Positive
Enceinte Connectée,Excellent rapport qualité-prix.,4,Positive
Clavier Gamer RGB,Très simple à installer.,4,Positive
Clavier Gamer RGB,"Moyen, j'attendais un peu mieux.",3,Neutral
Souris Sans Fil,En panne après deux jours d'utilisation.,2,Negative
Tapis de Souris XXL,Design élégant et robuste.,4,Positive
Support PC Portable,"Super produit, rien à dire.",4,Positive
Souris Sans Fil,Les performances sont impressionnantes.,5,Positive
Souris Sans Fil,Fait le job mais sans plus.,3,Neutral
Enceinte Connectée,Correct sans être exceptionnel.,3,Neutral
Cable USB-C Charge Rapide,La qualité est au rendez-vous.,5,Positive
Casque Audio Noise Cancelling,La qualité est au rendez-vous.,4,Positive
Webcam HD 1080p,Le SAV est inexistant.,2,Negative
Webcam HD 1080p,Je recommande vivement cet article.,4,Positive
Tapis de Souris XXL,Vraiment ravi de mon achat.,4,Positive
Enceinte Connectée,Expédition rapide et soignée.,5,Positive
Support PC Portable,En panne après deux jours d'utilisation.,1,Negative
Casque Audio Noise Cancelling,Correct sans être exceptionnel.,3,Neutral
Clavier Gamer RGB,La qualité est médiocre.,1,Negative
Tapis de Souris XXL,Les performances sont impressionnantes.,4,Positive
Clavier Gamer RGB,Ne fonctionne pas du tout.,1,Negative
Casque Audio Noise Cancelling,Excellent rapport qualité-prix.,5,Positive
Cable USB-C Charge Rapide,La qualité est médiocre.,2,Negative
Ecran 4K 27 pouces,"C'est une arnaque, passez votre chemin.",2,Negative
Souris Sans Fil,Je recommande vivement cet article.,5,Positive
Clavier Gamer RGB,Très simple à installer.,5,Positive
Enceinte Connectée,Design élégant et robuste.,5,Positive
Ecran 4K 27 pouces,Vraiment ravi de mon achat.,5,Positive
Casque Audio Noise Cancelling,Très déçu par cet achat.,2,Negative
Support PC Portable,Très simple à installer.,5,Positive
Clavier Gamer RGB,C'est un excellent produit !,5,Positive
Webcam HD 1080p,Vraiment ravi de mon achat.,5,Positive
Ecouteurs Bluetooth,Vraiment ravi de mon achat.,5,Positive
Clavier Gamer RGB,Un peu déçu par la finition mais ça fonctionne.,3,Neutral
Support PC Portable,Fonctionne parfaitement bien.,4,Positive
Clavier Gamer RGB,Excellent rapport qualité-prix.,4,Positive
Webcam HD 1080p,C'est un excellent produit !,4,Positive
Support PC Portable,Très simple à installer.,4,Positive
Webcam HD 1080p,"Moyen, j'attendais un peu mieux.",3,Neutral
Cable USB-C Charge Rapide,Les performances sont impressionnantes.,4,Positive
Enceinte Connectée,Excellent rapport qualité-prix.,4,Positive
Tapis de Souris XXL,Je recommande vivement cet article.,5,Positive
Support PC Portable,"Arrivé dans les temps, emballage sommaire.",3,Neutral
Ecouteurs Bluetooth,"C'est une arnaque, passez votre chemin.",1,Negative
Ecran 4K 27 pouces,Plastique de mauvaise qualité.,1,Negative
Ecouteurs Bluetooth,C'est un excellent produit !,5,Positive
Souris Sans Fil,Fonctionne parfaitement bien.,5,Positive
Souris Sans Fil,Fonctionne parfaitement bien.,5,Positive
Tapis de Souris XXL,Expédition rapide et soignée.,4,Positive
Souris Sans Fil,Excellent rapport qualité-prix.,4,Positive
Cable USB-C Charge Rapide,Très déçu par cet achat.,2,Negative
Casque Audio Noise Cancelling,Je recommande vivement cet article.,4,Positive
Cable USB-C Charge Rapide,Le SAV est inexistant.,1,Negative
Cable USB-C Charge Rapide,Plastique de mauvaise qualité.,2,Negative
Casque Audio Noise Cancelling,Une perte de temps et d'argent.,2,Negative
Souris Sans Fil,Expédition rapide et soignée.,5,Positive
Clavier Gamer RGB,Je recommande vivement cet article.,5,Positive
Clavier Gamer RGB,Les performances sont impressionnantes.,5,Positive
Tapis de Souris XXL,Excellent rapport qualité-prix.,5,Positive
Souris Sans Fil,C'est un excellent produit !,4,Positive
Webcam HD 1080p,Expédition rapide et soignée.,5,Positive
Ecouteurs Bluetooth,C'est un excellent produit !,5,Positive
Webcam HD 1080p,Vraiment ravi de mon achat.,4,Positive
Ecouteurs Bluetooth,Le SAV est inexistant.,2,Negative
Casque Audio Noise Cancelling,La qualité est au rendez-vous.,4,Positive
Tapis de Souris XXL,Une perte de temps et d'argent.,2,Negative
Clavier Gamer RGB,Correct sans être exceptionnel.,3,Neutral
Souris Sans Fil,"Arrivé dans les temps, emballage sommaire.",3,Neutral
Webcam HD 1080p,Expédition rapide et soignée.,4,Positive
Cable USB-C Charge Rapide,Fait le job mais sans plus.,3,Neutral
Souris Sans Fil,La qualité est médiocre.,1,Negative
Souris Sans Fil,Les performances sont impressionnantes.,5,Positive
Tapis de Souris XXL,Très déçu par cet achat.,1,Negative
Souris Sans Fil,Ne fonctionne pas du tout.,1,Negative
Tapis de Souris XXL,La qualité est au rendez-vous.,4,Positive
Tapis de Souris XXL,"C'est une arnaque, passez votre chemin.",2,Negative
Webcam HD 1080p,Je recommande vivement cet article.,5,Positive
Clavier Gamer RGB,Ne fonctionne pas du tout.,2,Negative
Support PC Portable,Correct sans être exceptionnel.,3,Neutral
Support PC Portable,Expédition rapide et soignée.,4,Positive
Webcam HD 1080p,Produit correct pour le prix.,3,Neutral
Ecran 4K 27 pouces,Fait le job mais sans plus.,3,Neutral
Clavier Gamer RGB,Je recommande vivement cet article.,5,Positive
Webcam HD 1080p,C'est un excellent produit !,5,Positive
Ecran 4K 27 pouces,Fait le job mais sans plus.,3,Neutral
Clavier Gamer RGB,C'est un excellent produit !,4,Positive
Ecran 4K 27 pouces,Vraiment ravi de mon achat.,5,Positive
Ecouteurs Bluetooth,Fonctionne parfaitement bien.,4,Positive
Tapis de Souris XXL,Le SAV est inexistant.,1,Negative
Tapis de Souris XXL,Expédition rapide et soignée.,4,Positive
Webcam HD 1080p,Expédition rapide et soignée.,4,Positive
Casque Audio Noise Cancelling,Excellent rapport qualité-prix.,4,Positive
Support PC Portable,"Super produit, rien à dire.",4,Positive
Clavier Gamer RGB,Très simple à installer.,5,Positive
Clavier Gamer RGB,Design élégant et robuste.,5,Positive
Support PC Portable,Design élégant et robuste.,4,Positive
Enceinte Connectée,Fonctionne parfaitement bien.,4,Positive
Ecran 4K 27 pouces,Je recommande vivement cet article.,5,Positive
Webcam HD 1080p,"Moyen, j'attendais un peu mieux.",3,Neutral
Ecran 4K 27 pouces,Design élégant et robuste.,5,Positive
Support PC Portable,Expédition rapide et soignée.,4,Positive
Tapis de Souris XXL,"Super produit, rien à dire.",4,Positive
Tapis de Souris XXL,"C'est une arnaque, passez votre chemin.",1,Negative
Ecran 4K 27 pouces,Je ne recommande pas ce produit.,2,Negative
Souris Sans Fil,Je ne recommande pas ce produit.,1,Negative
Ecouteurs Bluetooth,La qualité est au rendez-vous.,5,Positive
Webcam HD 1080p,"Super produit, rien à dire.",4,Positive
Webcam HD 1080p,Correct sans être exceptionnel.,3,Neutral
Ecran 4K 27 pouces,"Pas mal du tout, malgré quelques petits défauts.",3,Neutral
Tapis de Souris XXL,Très déçu par cet achat.,1,Negative
Clavier Gamer RGB,"Super produit, rien à dire.",5,Positive
Clavier Gamer RGB,"Super produit, rien à dire.",4,Positive
Enceinte Connectée,Très simple à installer.,5,Positive
Cable USB-C Charge Rapide,Vraiment ravi de mon achat.,4,Positive
Ecouteurs Bluetooth,Fonctionne parfaitement bien.,5,Positive
Souris Sans Fil,Produit correct pour le prix.,3,Neutral
Cable USB-C Charge Rapide,"C'est une arnaque, passez votre chemin.",2,Negative
Tapis de Souris XXL,"Conforme à la description, mais l'usage est limité.",3,Neutral
Tapis de Souris XXL,Ne fonctionne pas du tout.,1,Negative
Souris Sans Fil,Je recommande vivement cet article.,5,Positive
Souris Sans Fil,Fonctionne parfaitement bien.,4,Positive
Casque Audio Noise Cancelling,Correct sans être exceptionnel.,3,Neutral
Clavier Gamer RGB,"C'est une arnaque, passez votre chemin.",1,Negative
Tapis de Souris XXL,Vraiment ravi de mon achat.,4,Positive
Cable USB-C Charge Rapide,C'est un excellent produit !,5,Positive
Webcam HD 1080p,Vraiment ravi de mon achat.,5,Positive
Ecouteurs Bluetooth,Plastique de mauvaise qualité.,1,Negative
Enceinte Connectée,Excellent rapport qualité-prix.,4,Positive
Souris Sans Fil,Vraiment ravi de mon achat.,4,Positive
Tapis de Souris XXL,Le SAV est inexistant.,1,Negative
Webcam HD 1080p,En panne après deux jours d'utilisation.,1,Negative
Webcam HD 1080p,Vraiment ravi de mon achat.,4,Positive
Enceinte Connectée,Expédition rapide et soignée.,5,Positive
Enceinte Connectée,Les performances sont impressionnantes.,5,Positive
Support PC Portable,"Conforme à la description, mais l'usage est limité.",3,Neutral
Souris Sans Fil,Fait le job mais sans plus.,3,Neutral
Casque Audio Noise Cancelling,C'est un excellent produit !,4,Positive
Tapis de Souris XXL,Le SAV est inexistant.,2,Negative
Webcam HD 1080p,Le SAV est inexistant.,1,Negative
Casque Audio Noise Cancelling,Correct sans être exceptionnel.,3,Neutral
Enceinte Connectée,La qualité est médiocre.,2,Negative
Enceinte Connectée,C'est un excellent produit !,5,Positive
Ecouteurs Bluetooth,La qualité est médiocre.,1,Negative
Support PC Portable,La qualité est au rendez-vous.,4,Positive
Enceinte Connectée,Très simple à installer.,5,Positive
Souris Sans Fil,Un peu déçu par la finition mais ça fonctionne.,3,Neutral
Souris Sans Fil,Correct sans être exceptionnel.,3,Neutral
Clavier Gamer RGB,Je recommande vivement cet article.,5,Positive
Support PC Portable,La qualité est médiocre.,1,Negative
Enceinte Connectée,Fait le job mais sans plus.,3,Neutral
Casque Audio Noise Cancelling,"Arrivé cassé, inadmissible.",2,Negative
Webcam HD 1080p,Produit correct pour le prix.,3,Neutral
Souris Sans Fil,Produit correct pour le prix.,3,Neutral
Souris Sans Fil,C'est un excellent produit !,4,Positive
Cable USB-C Charge Rapide,Plastique de mauvaise qualité.,1,Negative
Souris Sans Fil,Design élégant et robuste.,5,Positive
Tapis de Souris XXL,Ne fonctionne pas du tout.,1,Negative
Ecran 4K 27 pouces,C'est un excellent produit !,4,Positive
Souris Sans Fil,Expédition rapide et soignée.,5,Positive
Clavier Gamer RGB,Fonctionne parfaitement bien.,5,Positive
Clavier Gamer RGB,Produit correct pour le prix.,3,Neutral
Tapis de Souris XXL,Un peu déçu par la finition mais ça fonctionne.,3,Neutral
Support PC Portable,Excellent rapport qualité-prix.,5,Positive
Webcam HD 1080p,La qualité est au rendez-vous.,4,Positive
Ecouteurs Bluetooth,Correct sans être exceptionnel.,3,Neutral
Webcam HD 1080p,Design élégant et robuste.,4,Positive
Cable USB-C Charge Rapide,La qualité est au rendez-vous.,4,Positive
Webcam HD 1080p,Un peu déçu par la finition mais ça fonctionne.,3,Neutral
Ecouteurs Bluetooth,Je ne recommande pas ce produit.,1,Negative
Ecran 4K 27 pouces,Ne fonctionne pas du tout.,2,Negative
Webcam HD 1080p,La qualité est au rendez-vous.,4,Positive
Webcam HD 1080p,Vraiment ravi de mon achat.,4,Positive
Casque Audio Noise Cancelling,Expédition rapide et soignée.,4,Positive
Casque Audio Noise Cancelling,Excellent rapport qualité-prix.,5,Positive
Casque Audio Noise Cancelling,Excellent rapport qualité-prix.,4,Positive
Ecran 4K 27 pouces,Correct sans être exceptionnel.,3,Neutral
Ecouteurs Bluetooth,Expédition rapide et soignée.,5,Positive
Tapis de Souris XXL,Je recommande vivement cet article.,5,Positive
Cable USB-C Charge Rapide,"Conforme à la description, mais l'usage est limité.",3,Neutral
Casque Audio Noise Cancelling,"Super produit, rien à dire.",4,Positive
Cable USB-C Charge Rapide,Un peu déçu par la finition mais ça fonctionne.,3,Neutral
Ecran 4K 27 pouces,C'est un excellent produit !,5,Positive
Cable USB-C Charge Rapide,"Arrivé dans les temps, emballage sommaire.",3,Neutral
Souris Sans Fil,La qualité est au rendez-vous.,4,Positive
Casque Audio Noise Cancelling,Vraiment ravi de mon achat.,4,Positive
Cable USB-C Charge Rapide,Plastique de mauvaise qualité.,2,Negative
Casque Audio Noise Cancelling,"Moyen, j'attendais un peu mieux.",3,Neutral
Enceinte Connectée,"Pas mal du tout, malgré quelques petits défauts.",3,Neutral
Souris Sans Fil,Très simple à installer.,4,Positive
Support PC Portable,"Arrivé cassé, inadmissible.",1,Negative
Casque Audio Noise Cancelling,Je recommande vivement cet article.,4,Positive
Ecouteurs Bluetooth,"Arrivé dans les temps, emballage sommaire.",3,Neutral
Cable USB-C Charge Rapide,Fonctionne parfaitement bien.,5,Positive
Souris Sans Fil,"Pas mal du tout, malgré quelques petits défauts.",3,Neutral
Support PC Portable,En panne après deux jours d'utilisation.,1,Negative
Clavier Gamer RGB,Fonctionne parfaitement bien.,4,Positive
Ecran 4K 27 pouces,C'est un excellent produit !,4,Positive
Ecran 4K 27 pouces,"Super produit, rien à dire.",5,Positive
Enceinte Connectée,Expédition rapide et soignée.,4,Positive
Cable USB-C Charge Rapide,Excellent rapport qualité-prix.,5,Positive
Webcam HD 1080p,"Conforme à la description, mais l'usage est limité.",3,Neutral
Tapis de Souris XXL,"Arrivé dans les temps, emballage sommaire.",3,Neutral
Webcam HD 1080p,"Pas mal du tout, malgré quelques petits défauts.",3,Neutral
Tapis de Souris XXL,Plastique de mauvaise qualité.,2,Negative
Casque Audio Noise Cancelling,Je recommande vivement cet article.,5,Positive
Casque Audio Noise Cancelling,Vraiment ravi de mon achat.,5,Positive
Casque Audio Noise Cancelling,La qualité est au rendez-vous.,5,Positive
Ecouteurs Bluetooth,Expédition rapide et soignée.,5,Positive
Clavier Gamer RGB,Les performances sont impressionnantes.,4,Positive
Tapis de Souris XXL,Le SAV est inexistant.,2,Negative
Ecouteurs Bluetooth,Une perte de temps et d'argent.,1,Negative
Webcam HD 1080p,Les performances sont impressionnantes.,5,Positive
Casque Audio Noise Cancelling,La qualité est au rendez-vous.,5,Positive
Ecouteurs Bluetooth,Très déçu par cet achat.,1,Negative
Support PC Portable,La qualité est médiocre.,2,Negative
Ecran 4K 27 pouces,Je recommande vivement cet article.,4,Positive
Souris Sans Fil,C'est un excellent produit !,5,Positive
Cable USB-C Charge Rapide,Un peu déçu par la finition mais ça fonctionne.,3,Neutral
Ecran 4K 27 pouces,Correct sans être exceptionnel.,3,Neutral
Casque Audio Noise Cancelling,En panne après deux jours d'utilisation.,2,Negative
Cable USB-C Charge Rapide,Design élégant et robuste.,4,Positive
Webcam HD 1080p,Fonctionne parfaitement bien.,5,Positive
Ecouteurs Bluetooth,Très déçu par cet achat.,1,Negative
Enceinte Connectée,Fait le job mais sans plus.,3,Neutral
Support PC Portable,La qualité est médiocre.,2,Negative
Souris Sans Fil,En panne après deux jours d'utilisation.,1,Negative
Enceinte Connectée,Expédition rapide et soignée.,5,Positive
Souris Sans Fil,La qualité est au rendez-vous.,5,Positive
Casque Audio Noise Cancelling,Je ne recommande pas ce produit.,2,Negative
Cable USB-C Charge Rapide,Très déçu par cet achat.,2,Negative
Ecouteurs Bluetooth,"Super produit, rien à dire.",4,Positive
Clavier Gamer RGB,"Arrivé dans les temps, emballage sommaire.",3,Neutral
Tapis de Souris XXL,Plastique de mauvaise qualité.,1,Negative
Support PC Portable,Les performances sont impressionnantes.,4,Positive
Casque Audio Noise Cancelling,Excellent rapport qualité-prix.,5,Positive
Ecran 4K 27 pouces,Vraiment ravi de mon achat.,4,Positive
Cable USB-C Charge Rapide,En panne après deux jours d'utilisation.,1,Negative
Souris Sans Fil,Très déçu par cet achat.,1,Negative
Tapis de Souris XXL,C'est un excellent produit !,4,Positive
Clavier Gamer RGB,La qualité est médiocre.,2,Negative
Souris Sans Fil,Expédition rapide et soignée.,4,Positive
Support PC Portable,Un peu déçu par la finition mais ça fonctionne.,3,Neutral
Ecouteurs Bluetooth,Fonctionne parfaitement bien.,5,Positive
Webcam HD 1080p,Fait le job mais sans plus.,3,Neutral
Ecran 4K 27 pouces,Fait le job mais sans plus.,3,Neutral
Support PC Portable,Plastique de mauvaise qualité.,1,Negative
Ecouteurs Bluetooth,Expédition rapide et soignée.,5,Positive
Souris Sans Fil,La qualité est au rendez-vous.,5,Positive
Clavier Gamer RGB,Correct sans être exceptionnel.,3,Neutral
Webcam HD 1080p,"Conforme à la description, mais l'usage est limité.",3,Neutral
Ecran 4K 27 pouces,Les performances sont impressionnantes.,5,Positive
Tapis de Souris XXL,Plastique de mauvaise qualité.,1,Negative
Souris Sans Fil,Fonctionne parfaitement bien.,5,Positive
Webcam HD 1080p,C'est un excellent produit !,4,Positive
Cable USB-C Charge Rapide,Fonctionne parfaitement bien.,5,Positive
Tapis de Souris XXL,Excellent rapport qualité-prix.,4,Positive
Casque Audio Noise Cancelling,C'est un excellent produit !,5,Positive
Support PC Portable,Très simple à installer.,4,Positive
Support PC Portable,Excellent rapport qualité-prix.,4,Positive
Webcam HD 1080p,Très simple à installer.,4,Positive
Souris Sans Fil,Une perte de temps et d'argent.,1,Negative
Clavier Gamer RGB,Vraiment ravi de mon achat.,5,Positive
Souris Sans Fil,"Super produit, rien à dire.",5,Positive
Enceinte Connectée,Vraiment ravi de mon achat.,4,Positive
Support PC Portable,"Arrivé dans les temps, emballage sommaire.",3,Neutral
Cable USB-C Charge Rapide,Excellent rapport qualité-prix.,5,Positive
Support PC Portable,Je recommande vivement cet article.,5,Positive
Souris Sans Fil,La qualité est au rendez-vous.,4,Positive
Souris Sans Fil,Ne fonctionne pas du tout.,1,Negative
Webcam HD 1080p,Expédition rapide et soignée.,4,Positive
Enceinte Connectée,La qualité est médiocre.,1,Negative
Souris Sans Fil,"Moyen, j'attendais un peu mieux.",3,Neutral
Casque Audio Noise Cancelling,Les performances sont impressionnantes.,4,Positive
Tapis de Souris XXL,Excellent rapport qualité-prix.,4,Positive
Ecran 4K 27 pouces,Plastique de mauvaise qualité.,2,Negative
Ecouteurs Bluetooth,Le SAV est inexistant.,1,Negative
Clavier Gamer RGB,Je recommande vivement cet article.,5,Positive
Ecouteurs Bluetooth,"C'est une arnaque, passez votre chemin.",1,Negative
Tapis de Souris XXL,Vraiment ravi de mon achat.,5,Positive
Enceinte Connectée,"Super produit, rien à dire.",4,Positive
Ecouteurs Bluetooth,La qualité est au rendez-vous.,5,Positive
Casque Audio Noise Cancelling,"Pas mal du tout, malgré quelques petits défauts.",3,Neutral
Casque Audio Noise Cancelling,"Super produit, rien à dire.",5,Positive
Tapis de Souris XXL,Je recommande vivement cet article.,5,Positive
Support PC Portable,Je recommande vivement cet article.,5,Positive
Webcam HD 1080p,"Super produit, rien à dire.",4,Positive
Ecouteurs Bluetooth,Je recommande vivement cet article.,5,Positive
Ecouteurs Bluetooth,Expédition rapide et soignée.,5,Positive
Casque Audio Noise Cancelling,Les performances sont impressionnantes.,4,Positive
Casque Audio Noise Cancelling,Les performances sont impressionnantes.,4,Positive
Tapis de Souris XXL,Expédition rapide et soignée.,5,Positive
Souris Sans Fil,La qualité est au rendez-vous.,4,Positive
Clavier Gamer RGB,La qualité est au rendez-vous.,5,Positive
Clavier Gamer RGB,Vraiment ravi de mon achat.,5,Positive
Souris Sans Fil,Fait le job mais sans plus.,3,Neutral
Souris Sans Fil,Les performances sont impressionnantes.,4,Positive
Ecran 4K 27 pouces,"Arrivé dans les temps, emballage sommaire.",3,Neutral
Webcam HD 1080p,Excellent rapport qualité-prix.,5,Positive
Clavier Gamer RGB,Fonctionne parfaitement bien.,5,Positive
Ecouteurs Bluetooth,Design élégant et robuste.,5,Positive
Ecran 4K 27 pouces,La qualité est au rendez-vous.,4,Positive
Support PC Portable,Produit correct pour le prix.,3,Neutral
Support PC Portable,Le SAV est inexistant.,2,Negative
Casque Audio Noise Cancelling,"Super produit, rien à dire.",4,Positive
Webcam HD 1080p,Plastique de mauvaise qualité.,2,Negative
Ecouteurs Bluetooth,"Arrivé dans les temps, emballage sommaire.",3,Neutral
Tapis de Souris XXL,Très simple à installer.,4,Positive
Webcam HD 1080p,Correct sans être exceptionnel.,3,Neutral
Ecran 4K 27 pouces,La qualité est au rendez-vous.,4,Positive
Ecouteurs Bluetooth,C'est un excellent produit !,5,Positive
Tapis de Souris XXL,Je recommande vivement cet article.,5,Positive
Cable USB-C Charge Rapide,Je recommande vivement cet article.,5,Positive
Support PC Portable,C'est un excellent produit !,4,Positive
Souris Sans Fil,Excellent rapport qualité-prix.,5,Positive
Cable USB-C Charge Rapide,Design élégant et robuste.,5,Positive
Casque Audio Noise Cancelling,Les performances sont impressionnantes.,5,Positive
Support PC Portable,Une perte de temps et d'argent.,1,Negative
Ecran 4K 27 pouces,Excellent rapport qualité-prix.,5,Positive
Clavier Gamer RGB,C'est un excellent produit !,5,Positive
Clavier Gamer RGB,Expédition rapide et soignée.,5,Positive
Ecran 4K 27 pouces,Les performances sont impressionnantes.,4,Positive
Casque Audio Noise Cancelling,"Arrivé cassé, inadmissible.",2,Negative
Souris Sans Fil,Ne fonctionne pas du tout.,2,Negative
Ecouteurs Bluetooth,La qualité est médiocre.,2,Negative
Webcam HD 1080p,Un peu déçu par la finition mais ça fonctionne.,3,Neutral
Tapis de Souris XXL,Les performances sont impressionnantes.,5,Positive
Support PC Portable,Correct sans être exceptionnel.,3,Neutral
Tapis de Souris XXL,Très simple à installer.,4,Positive
Souris Sans Fil,Excellent rapport qualité-prix.,4,Positive
Cable USB-C Charge Rapide,Expédition rapide et soignée.,4,Positive
Webcam HD 1080p,Les performances sont impressionnantes.,5,Positive
Casque Audio Noise Cancelling,Excellent rapport qualité-prix.,5,Positive
Casque Audio Noise Cancelling,Je recommande vivement cet article.,5,Positive
Cable USB-C Charge Rapide,"Pas mal du tout, malgré quelques petits défauts.",3,Neutral
Cable USB-C Charge Rapide,"Pas mal du tout, malgré quelques petits défauts.",3,Neutral
Webcam HD 1080p,Les performances sont impressionnantes.,4,Positive
Ecran 4K 27 pouces,Je ne recommande pas ce produit.,2,Negative
Webcam HD 1080p,Les performances sont impressionnantes.,4,Positive
Cable USB-C Charge Rapide,Très déçu par cet achat.,2,Negative
Enceinte Connectée,Correct sans être exceptionnel.,3,Neutral
Souris Sans Fil,Très simple à installer.,5,Positive
Casque Audio Noise Cancelling,Fonctionne parfaitement bien.,5,Positive
Webcam HD 1080p,"Pas mal du tout, malgré quelques petits défauts.",3,Neutral
Ecouteurs Bluetooth,C'est un excellent produit !,4,Positive
Webcam HD 1080p,La qualité est au rendez-vous.,4,Positive
Ecouteurs Bluetooth,"C'est une arnaque, passez votre chemin.",1,Negative
Tapis de Souris XXL,Fonctionne parfaitement bien.,5,Positive
Cable USB-C Charge Rapide,"Arrivé dans les temps, emballage sommaire.",3,Neutral
Tapis de Souris XXL,La qualité est au rendez-vous.,4,Positive
Clavier Gamer RGB,Je recommande vivement cet article.,4,Positive
Cable USB-C Charge Rapide,Excellent rapport qualité-prix.,5,Positive
Ecouteurs Bluetooth,Les performances sont impressionnantes.,4,Positive
Clavier Gamer RGB,En panne après deux jours d'utilisation.,1,Negative
Ecouteurs Bluetooth,Fonctionne parfaitement bien.,4,Positive
Support PC Portable,Expédition rapide et soignée.,5,Positive
Enceinte Connectée,"Arrivé dans les temps, emballage sommaire.",3,Neutral
Ecran 4K 27 pouces,"Super produit, rien à dire.",5,Positive
Support PC Portable,Ne fonctionne pas du tout.,2,Negative
Webcam HD 1080p,Fait le job mais sans plus.,3,Neutral
Cable USB-C Charge Rapide,"Pas mal du tout, malgré quelques petits défauts.",3,Neutral
Ecran 4K 27 pouces,Excellent rapport qualité-prix.,5,Positive
Casque Audio Noise Cancelling,Fonctionne parfaitement bien.,4,Positive
Enceinte Connectée,Fonctionne parfaitement bien.,4,Positive
Cable USB-C Charge Rapide,Une perte de temps et d'argent.,1,Negative
Souris Sans Fil,Très déçu par cet achat.,1,Negative
Ecran 4K 27 pouces,Je recommande vivement cet article.,5,Positive
Souris Sans Fil,"Super produit, rien à dire.",4,Positive
Ecouteurs Bluetooth,"Super produit, rien à dire.",4,Positive
Support PC Portable,"Arrivé dans les temps, emballage sommaire.",3,Neutral
Enceinte Connectée,"Arrivé dans les temps, emballage sommaire.",3,Neutral
Enceinte Connectée,Le SAV est inexistant.,1,Negative
Tapis de Souris XXL,Correct sans être exceptionnel.,3,Neutral
Webcam HD 1080p,"Arrivé cassé, inadmissible.",2,Negative
Clavier Gamer RGB,"Super produit, rien à dire.",4,Positive
Support PC Portable,Vraiment ravi de mon achat.,5,Positive
Support PC Portable,Je recommande vivement cet article.,4,Positive
Ecran 4K 27 pouces,La qualité est médiocre.,1,Negative
Ecran 4K 27 pouces,C'est un excellent produit !,5,Positive
Souris Sans Fil,Excellent rapport qualité-prix.,5,Positive
Casque Audio Noise Cancelling,Expédition rapide et soignée.,5,Positive
Souris Sans Fil,Très simple à installer.,4,Positive
Souris Sans Fil,Un peu déçu par la finition mais ça fonctionne.,3,Neutral
Clavier Gamer RGB,Expédition rapide et soignée.,4,Positive
Casque Audio Noise Cancelling,Fonctionne parfaitement bien.,4,Positive
Ecran 4K 27 pouces,Très déçu par cet achat.,1,Negative
Ecran 4K 27 pouces,Design élégant et robuste.,5,Positive
Support PC Portable,"Super produit, rien à dire.",4,Positive
Casque Audio Noise Cancelling,"Moyen, j'attendais un peu mieux.",3,Neutral
Clavier Gamer RGB,La qualité est au rendez-vous.,5,Positive
Support PC Portable,"Moyen, j'attendais un peu mieux.",3,Neutral
Tapis de Souris XXL,La qualité est au rendez-vous.,4,Positive
Cable USB-C Charge Rapide,Un peu déçu par la finition mais ça fonctionne.,3,Neutral
Clavier Gamer RGB,Fonctionne parfaitement bien.,4,Positive
Webcam HD 1080p,Design élégant et robuste.,5,Positive
Souris Sans Fil,Je recommande vivement cet article.,4,Positive
Souris Sans Fil,Design élégant et robuste.,5,Positive
Ecouteurs Bluetooth,Ne fonctionne pas du tout.,1,Negative
Support PC Portable,Correct sans être exceptionnel.,3,Neutral
Souris Sans Fil,C'est un excellent produit !,5,Positive
Support PC Portable,Je ne recommande pas ce produit.,2,Negative
Enceinte Connectée,Design élégant et robuste.,4,Positive
Support PC Portable,Excellent rapport qualité-prix.,5,Positive
Ecouteurs Bluetooth,Correct sans être exceptionnel.,3,Neutral
Cable USB-C Charge Rapide,"Super produit, rien à dire.",5,Positive
Enceinte Connectée,La qualité est au rendez-vous.,5,Positive
Support PC Portable,"Moyen, j'attendais un peu mieux.",3,Neutral
Enceinte Connectée,La qualité est médiocre.,1,Negative
Souris Sans Fil,Les performances sont impressionnantes.,4,Positive
Tapis de Souris XXL,Je recommande vivement cet article.,5,Positive
Enceinte Connectée,Correct sans être exceptionnel.,3,Neutral
Ecran 4K 27 pouces,Design élégant et robuste.,4,Positive
Webcam HD 1080p,Fait le job mais sans plus.,3,Neutral
Souris Sans Fil,Vraiment ravi de mon achat.,4,Positive
Clavier Gamer RGB,Très simple à installer.,5,Positive
Clavier Gamer RGB,Très simple à installer.,5,Positive
Casque Audio Noise Cancelling,Ne fonctionne pas du tout.,1,Negative
Support PC Portable,Je ne recommande pas ce produit.,2,Negative
Clavier Gamer RGB,Un peu déçu par la finition mais ça fonctionne.,3,Neutral
Webcam HD 1080p,Les performances sont impressionnantes.,4,Positive
Webcam HD 1080p,"Moyen, j'attendais un peu mieux.",3,Neutral
Souris Sans Fil,Design élégant et robuste.,4,Positive
Ecouteurs Bluetooth,Design élégant et robuste.,4,Positive
Casque Audio Noise Cancelling,Un peu déçu par la finition mais ça fonctionne.,3,Neutral
Ecran 4K 27 pouces,La qualité est au rendez-vous.,4,Positive
Clavier Gamer RGB,La qualité est au rendez-vous.,5,Positive
Souris Sans Fil,Excellent rapport qualité-prix.,4,Positive
Tapis de Souris XXL,"Pas mal du tout, malgré quelques petits défauts.",3,Neutral
Webcam HD 1080p,Plastique de mauvaise qualité.,2,Negative
Ecran 4K 27 pouces,Produit correct pour le prix.,3,Neutral
Enceinte Connectée,Je ne recommande pas ce produit.,1,Negative
Cable USB-C Charge Rapide,Je recommande vivement cet article.,4,Positive
Enceinte Connectée,Le SAV est inexistant.,2,Negative
Webcam HD 1080p,C'est un excellent produit !,5,Positive
Cable USB-C Charge Rapide,C'est un excellent produit !,4,Positive
Tapis de Souris XXL,"Arrivé dans les temps, emballage sommaire.",3,Neutral
Enceinte Connectée,Fait le job mais sans plus.,3,Neutral
Webcam HD 1080p,"Moyen, j'attendais un peu mieux.",3,Neutral
Ecran 4K 27 pouces,"Conforme à la description, mais l'usage est limité.",3,Neutral
Support PC Portable,Excellent rapport qualité-prix.,4,Positive
Casque Audio Noise Cancelling,Un peu déçu par la finition mais ça fonctionne.,3,Neutral
Souris Sans Fil,Une perte de temps et d'argent.,2,Negative
Ecran 4K 27 pouces,Design élégant et robuste.,5,Positive
Support PC Portable,La qualité est au rendez-vous.,4,Positive
Tapis de Souris XXL,Excellent rapport qualité-prix.,4,Positive
Ecouteurs Bluetooth,Le SAV est inexistant.,2,Negative
Ecouteurs Bluetooth,C'est un excellent produit !,4,Positive
Tapis de Souris XXL,La qualité est au rendez-vous.,4,Positive
Webcam HD 1080p,Expédition rapide et soignée.,4,Positive
Casque Audio Noise Cancelling,Les performances sont impressionnantes.,4,Positive
Tapis de Souris XXL,Fonctionne parfaitement bien.,5,Positive
Casque Audio Noise Cancelling,"Super produit, rien à dire.",4,Positive
Casque Audio Noise Cancelling,"Super produit, rien à dire.",5,Positive
Souris Sans Fil,Vraiment ravi de mon achat.,5,Positive
Tapis de Souris XXL,Produit correct pour le prix.,3,Neutral
Enceinte Connectée,Fonctionne parfaitement bien.,4,Positive
Ecouteurs Bluetooth,C'est un excellent produit !,4,Positive
Cable USB-C Charge Rapide,La qualité est au rendez-vous.,4,Positive
Ecouteurs Bluetooth,La qualité est médiocre.,1,Negative
Souris Sans Fil,Vraiment ravi de mon achat.,4,Positive
Tapis de Souris XXL,Fait le job mais sans plus.,3,Neutral
Tapis de Souris XXL,Très simple à installer.,5,Positive
Casque Audio Noise Cancelling,Je recommande vivement cet article.,5,Positive
Clavier Gamer RGB,Très simple à installer.,4,Positive
Tapis de Souris XXL,Excellent rapport qualité-prix.,4,Positive
Cable USB-C Charge Rapide,Très déçu par cet achat.,1,Negative
Clavier Gamer RGB,Correct sans être exceptionnel.,3,Neutral
Webcam HD 1080p,"C'est une arnaque, passez votre chemin.",2,Negative
Enceinte Connectée,Très simple à installer.,5,Positive
Tapis de Souris XXL,"Arrivé dans les temps, emballage sommaire.",3,Neutral
Casque Audio Noise Cancelling,Je recommande vivement cet article.,5,Positive
Ecouteurs Bluetooth,Fonctionne parfaitement bien.,4,Positive
Cable USB-C Charge Rapide,Fait le job mais sans plus.,3,Neutral
Webcam HD 1080p,La qualité est au rendez-vous.,5,Positive
Souris Sans Fil,C'est un excellent produit !,4,Positive
Cable USB-C Charge Rapide,Produit correct pour le prix.,3,Neutral
Cable USB-C Charge Rapide,Très simple à installer.,5,Positive
Ecran 4K 27 pouces,Fait le job mais sans plus.,3,Neutral
Cable USB-C Charge Rapide,Fait le job mais sans plus.,3,Neutral
Ecouteurs Bluetooth,La qualité est au rendez-vous.,5,Positive
Casque Audio Noise Cancelling,Les performances sont impressionnantes.,5,Positive
Enceinte Connectée,Très simple à installer.,4,Positive
Ecran 4K 27 pouces,C'est un excellent produit !,4,Positive
Ecran 4K 27 pouces,Une perte de temps et d'argent.,2,Negative
Clavier Gamer RGB,Correct sans être exceptionnel.,3,Neutral
Clavier Gamer RGB,Fonctionne parfaitement bien.,5,Positive
Souris Sans Fil,Très simple à installer.,4,Positive
Casque Audio Noise Cancelling,C'est un excellent produit !,4,Positive
Tapis de Souris XXL,"Moyen, j'attendais un peu mieux.",3,Neutral
Souris Sans Fil,Très simple à installer.,4,Positive
Clavier Gamer RGB,Une perte de temps et d'argent.,1,Negative
Webcam HD 1080p,C'est un excellent produit !,4,Positive
Support PC Portable,La qualité est au rendez-vous.,5,Positive
Support PC Portable,Un peu déçu par la finition mais ça fonctionne.,3,Neutral
Ecran 4K 27 pouces,Très simple à installer.,4,Positive
Webcam HD 1080p,Plastique de mauvaise qualité.,1,Negative
Support PC Portable,Très simple à installer.,4,Positive
Tapis de Souris XXL,"Arrivé dans les temps, emballage sommaire.",3,Neutral
Souris Sans Fil,Fonctionne parfaitement bien.,4,Positive
Casque Audio Noise Cancelling,C'est un excellent produit !,4,Positive
Ecouteurs Bluetooth,Fonctionne parfaitement bien.,4,Positive
Ecran 4K 27 pouces,Correct sans être exceptionnel.,3,Neutral
Ecouteurs Bluetooth,Un peu déçu par la finition mais ça fonctionne.,3,Neutral
Tapis de Souris XXL,"Arrivé cassé, inadmissible.",2,Negative
Ecouteurs Bluetooth,C'est un excellent produit !,5,Positive
Casque Audio Noise Cancelling,"C'est une arnaque, passez votre chemin.",2,Negative
Casque Audio Noise Cancelling,Excellent rapport qualité-prix.,4,Positive
Tapis de Souris XXL,Très déçu par cet achat.,1,Negative
Enceinte Connectée,Fonctionne parfaitement bien.,5,Positive
Ecouteurs Bluetooth,"Conforme à la description, mais l'usage est limité.",3,Neutral
Webcam HD 1080p,Vraiment ravi de mon achat.,5,Positive
Support PC Portable,En panne après deux jours d'utilisation.,1,Negative
Webcam HD 1080p,Très simple à installer.,4,Positive
Cable USB-C Charge Rapide,La qualité est au rendez-vous.,5,Positive
Clavier Gamer RGB,Une perte de temps et d'argent.,1,Negative
Casque Audio Noise Cancelling,Très simple à installer.,5,Positive
Casque Audio Noise Cancelling,"Moyen, j'attendais un peu mieux.",3,Neutral
Webcam HD 1080p,En panne après deux jours d'utilisation.,1,Negative
Support PC Portable,Expédition rapide et soignée.,4,Positive
Tapis de Souris XXL,"Super produit, rien à dire.",5,Positive
Casque Audio Noise Cancelling,Produit correct pour le prix.,3,Neutral
Support PC Portable,Correct sans être exceptionnel.,3,Neutral
Webcam HD 1080p,"C'est une arnaque, passez votre chemin.",1,Negative
Cable USB-C Charge Rapide,Correct sans être exceptionnel.,3,Neutral
Webcam HD 1080p,Vraiment ravi de mon achat.,5,Positive
Support PC Portable,Design élégant et robuste.,5,Positive
Clavier Gamer RGB,Je recommande vivement cet article.,5,Positive
Support PC Portable,"Super produit, rien à dire.",5,Positive
Webcam HD 1080p,Une perte de temps et d'argent.,2,Negative
Cable USB-C Charge Rapide,Les performances sont impressionnantes.,4,Positive
Enceinte Connectée,Une perte de temps et d'argent.,1,Negative
Support PC Portable,Très simple à installer.,5,Positive
Tapis de Souris XXL,Excellent rapport qualité-prix.,4,Positive
Cable USB-C Charge Rapide,Produit correct pour le prix.,3,Neutral
Cable USB-C Charge Rapide,Les performances sont impressionnantes.,4,Positive
Souris Sans Fil,"Arrivé dans les temps, emballage sommaire.",3,Neutral
Clavier Gamer RGB,Vraiment ravi de mon achat.,4,Positive
Clavier Gamer RGB,Design élégant et robuste.,4,Positive
Clavier Gamer RGB,Très simple à installer.,5,Positive
Webcam HD 1080p,Le SAV est inexistant.,1,Negative
Souris Sans Fil,Expédition rapide et soignée.,5,Positive
Enceinte Connectée,C'est un excellent produit !,4,Positive
Enceinte Connectée,Très déçu par cet achat.,1,Negative
Tapis de Souris XXL,Les performances sont impressionnantes.,4,Positive
Webcam HD 1080p,"Pas mal du tout, malgré quelques petits défauts.",3,Neutral
Ecouteurs Bluetooth,Fonctionne parfaitement bien.,5,Positive
Clavier Gamer RGB,Expédition rapide et soignée.,5,Positive
Clavier Gamer RGB,C'est un excellent produit !,4,Positive
Tapis de Souris XXL,"Arrivé dans les temps, emballage sommaire.",3,Neutral
Ecouteurs Bluetooth,"Super produit, rien à dire.",5,Positive
Ecran 4K 27 pouces,Excellent rapport qualité-prix.,5,Positive
Cable USB-C Charge Rapide,Les performances sont impressionnantes.,5,Positive
Ecran 4K 27 pouces,Une perte de temps et d'argent.,2,Negative
Support PC Portable,C'est un excellent produit !,5,Positive
Ecouteurs Bluetooth,Excellent rapport qualité-prix.,4,Positive
Clavier Gamer RGB,Excellent rapport qualité-prix.,4,Positive
Tapis de Souris XXL,Très déçu par cet achat.,1,Negative
Ecran 4K 27 pouces,Je recommande vivement cet article.,5,Positive
Cable USB-C Charge Rapide,Excellent rapport qualité-prix.,4,Positive
Support PC Portable,Excellent rapport qualité-prix.,5,Positive
Enceinte Connectée,En panne après deux jours d'utilisation.,2,Negative
Souris Sans Fil,Excellent rapport qualité-prix.,4,Positive
Souris Sans Fil,Correct sans être exceptionnel.,3,Neutral
Ecouteurs Bluetooth,Les performances sont impressionnantes.,5,Positive
Webcam HD 1080p,La qualité est au rendez-vous.,5,Positive
Tapis de Souris XXL,La qualité est médiocre.,1,Negative
Souris Sans Fil,Expédition rapide et soignée.,4,Positive
Ecran 4K 27 pouces,Design élégant et robuste.,5,Positive
Clavier Gamer RGB,Design élégant et robuste.,5,Positive
Casque Audio Noise Cancelling,"Super produit, rien à dire.",5,Positive
Tapis de Souris XXL,Les performances sont impressionnantes.,4,Positive
Casque Audio Noise Cancelling,Fonctionne parfaitement bien.,4,Positive
Enceinte Connectée,Design élégant et robuste.,4,Positive
Ecouteurs Bluetooth,En panne après deux jours d'utilisation.,2,Negative
Tapis de Souris XXL,Les performances sont impressionnantes.,4,Positive
Clavier Gamer RGB,Excellent rapport qualité-prix.,4,Positive
Souris Sans Fil,Fait le job mais sans plus.,3,Neutral
Ecouteurs Bluetooth,Plastique de mauvaise qualité.,2,Negative
Souris Sans Fil,"Conforme à la description, mais l'usage est limité.",3,Neutral
Support PC Portable,Très simple à installer.,5,Positive
Enceinte Connectée,"Moyen, j'attendais un peu mieux.",3,Neutral
Enceinte Connectée,Très simple à installer.,5,Positive
Tapis de Souris XXL,La qualité est au rendez-vous.,5,Positive
Tapis de Souris XXL,Vraiment ravi de mon achat.,5,Positive
Casque Audio Noise Cancelling,Design élégant et robuste.,5,Positive
Tapis de Souris XXL,"Conforme à la description, mais l'usage est limité.",3,Neutral
Ecouteurs Bluetooth,Très simple à installer.,4,Positive
Clavier Gamer RGB,Je recommande vivement cet article.,4,Positive
Support PC Portable,Design élégant et robuste.,5,Positive
Ecran 4K 27 pouces,Un peu déçu par la finition mais ça fonctionne.,3,Neutral
Tapis de Souris XXL,"Pas mal du tout, malgré quelques petits défauts.",3,Neutral
Support PC Portable,Ne fonctionne pas du tout.,2,Negative
Support PC Portable,Les performances sont impressionnantes.,5,Positive
Support PC Portable,Les performances sont impressionnantes.,5,Positive
Ecran 4K 27 pouces,Design élégant et robuste.,4,Positive
Enceinte Connectée,Fonctionne parfaitement bien.,4,Positive
Ecouteurs Bluetooth,Vraiment ravi de mon achat.,5,Positive
Ecouteurs Bluetooth,Un peu déçu par la finition mais ça fonctionne.,3,Neutral
Enceinte Connectée,Une perte de temps et d'argent.,1,Negative
Clavier Gamer RGB,Très simple à installer.,4,Positive
Ecouteurs Bluetooth,Design élégant et robuste.,4,Positive
Enceinte Connectée,Je recommande vivement cet article.,4,Positive
Enceinte Connectée,"Super produit, rien à dire.",5,Positive
Ecouteurs Bluetooth,Design élégant et robuste.,4,Positive
Cable USB-C Charge Rapide,Expédition rapide et soignée.,4,Positive
Ecran 4K 27 pouces,Vraiment ravi de mon achat.,4,Positive
Enceinte Connectée,Expédition rapide et soignée.,4,Positive
Casque Audio Noise Cancelling,Un peu déçu par la finition mais ça fonctionne.,3,Neutral
Cable USB-C Charge Rapide,Design élégant et robuste.,5,Positive
Ecouteurs Bluetooth,"Conforme à la description, mais l'usage est limité.",3,Neutral
Casque Audio Noise Cancelling,"Arrivé cassé, inadmissible.",2,Negative
Ecouteurs Bluetooth,Plastique de mauvaise qualité.,1,Negative
Casque Audio Noise Cancelling,Excellent rapport qualité-prix.,5,Positive
Casque Audio Noise Cancelling,C'est un excellent produit !,5,Positive
Webcam HD 1080p,C'est un excellent produit !,4,Positive
Ecouteurs Bluetooth,Design élégant et robuste.,5,Positive
Ecran 4K 27 pouces,"Super produit, rien à dire.",4,Positive
Tapis de Souris XXL,Très simple à installer.,4,Positive
Webcam HD 1080p,Je recommande vivement cet article.,5,Positive
Souris Sans Fil,"Arrivé dans les temps, emballage sommaire.",3,Neutral
Cable USB-C Charge Rapide,"Pas mal du tout, malgré quelques petits défauts.",3,Neutral
Webcam HD 1080p,"Conforme à la description, mais l'usage est limité.",3,Neutral
Webcam HD 1080p,Très simple à installer.,4,Positive
Tapis de Souris XXL,En panne après deux jours d'utilisation.,2,Negative
Webcam HD 1080p,Très simple à installer.,4,Positive
Ecouteurs Bluetooth,La qualité est médiocre.,1,Negative
Souris Sans Fil,Très simple à installer.,5,Positive
Webcam HD 1080p,Fait le job mais sans plus.,3,Neutral
Souris Sans Fil,"Super produit, rien à dire.",4,Positive
Webcam HD 1080p,Ne fonctionne pas du tout.,2,Negative
Support PC Portable,Les performances sont impressionnantes.,5,Positive
Enceinte Connectée,Expédition rapide et soignée.,5,Positive
Ecouteurs Bluetooth,Un peu déçu par la finition mais ça fonctionne.,3,Neutral
Casque Audio Noise Cancelling,Très simple à installer.,4,Positive
Casque Audio Noise Cancelling,Ne fonctionne pas du tout.,1,Negative
Souris Sans Fil,Produit correct pour le prix.,3,Neutral
Ecran 4K 27 pouces,Excellent rapport qualité-prix.,5,Positive
Enceinte Connectée,Les performances sont impressionnantes.,4,Positive
Ecran 4K 27 pouces,"Conforme à la description, mais l'usage est limité.",3,Neutral
Enceinte Connectée,Les performances sont impressionnantes.,5,Positive
Clavier Gamer RGB,"Arrivé cassé, inadmissible.",1,Negative
Webcam HD 1080p,Correct sans être exceptionnel.,3,Neutral
Ecouteurs Bluetooth,Expédition rapide et soignée.,4,Positive
Tapis de Souris XXL,Excellent rapport qualité-prix.,5,Positive
Webcam HD 1080p,Vraiment ravi de mon achat.,5,Positive
Tapis de Souris XXL,Produit correct pour le prix.,3,Neutral
Support PC Portable,En panne après deux jours d'utilisation.,1,Negative
Ecran 4K 27 pouces,C'est un excellent produit !,5,Positive
Ecouteurs Bluetooth,Les performances sont impressionnantes.,4,Positive
Ecouteurs Bluetooth,Les performances sont impressionnantes.,4,Positive
Support PC Portable,Expédition rapide et soignée.,5,Positive
Ecouteurs Bluetooth,C'est un excellent produit !,5,Positive
Webcam HD 1080p,Très simple à installer.,5,Positive
Ecouteurs Bluetooth,Très déçu par cet achat.,1,Negative
Cable USB-C Charge Rapide,Je recommande vivement cet article.,4,Positive
Ecran 4K 27 pouces,Un peu déçu par la finition mais ça fonctionne.,3,Neutral
Casque Audio Noise Cancelling,Très simple à installer.,5,Positive
Support PC Portable,La qualité est au rendez-vous.,5,Positive
Support PC Portable,Très simple à installer.,5,Positive
Webcam HD 1080p,Fonctionne parfaitement bien.,4,Positive
Tapis de Souris XXL,C'est un excellent produit !,4,Positive
Tapis de Souris XXL,Vraiment ravi de mon achat.,5,Positive
Tapis de Souris XXL,"Pas mal du tout, malgré quelques petits défauts.",3,Neutral
Support PC Portable,Fait le job mais sans plus.,3,Neutral
Tapis de Souris XXL,Plastique de mauvaise qualité.,2,Negative
Webcam HD 1080p,Expédition rapide et soignée.,4,Positive
Tapis de Souris XXL,Fait le job mais sans plus.,3,Neutral
Ecouteurs Bluetooth,Excellent rapport qualité-prix.,4,Positive
Webcam HD 1080p,Très simple à installer.,4,Positive
Ecran 4K 27 pouces,Design élégant et robuste.,4,Positive
Clavier Gamer RGB,Une perte de temps et d'argent.,2,Negative
Casque Audio Noise Cancelling,Je recommande vivement cet article.,4,Positive
Souris Sans Fil,Je recommande vivement cet article.,5,Positive
Cable USB-C Charge Rapide,Vraiment ravi de mon achat.,5,Positive
Clavier Gamer RGB,En panne après deux jours d'utilisation.,2,Negative
Ecran 4K 27 pouces,Excellent rapport qualité-prix.,5,Positive
Cable USB-C Charge Rapide,Vraiment ravi de mon achat.,5,Positive
Clavier Gamer RGB,La qualité est au rendez-vous.,4,Positive
Support PC Portable,Je ne recommande pas ce produit.,1,Negative
Souris Sans Fil,Excellent rapport qualité-prix.,4,Positive
Souris Sans Fil,Je ne recommande pas ce produit.,1,Negative
Cable USB-C Charge Rapide,"Conforme à la description, mais l'usage est limité.",3,Neutral
Ecouteurs Bluetooth,Les performances sont impressionnantes.,4,Positive
Tapis de Souris XXL,Produit correct pour le prix.,3,Neutral
Webcam HD 1080p,Excellent rapport qualité-prix.,4,Positive
Support PC Portable,Les performances sont impressionnantes.,4,Positive
Souris Sans Fil,Les performances sont impressionnantes.,5,Positive
Enceinte Connectée,Expédition rapide et soignée.,5,Positive
Tapis de Souris XXL,Expédition rapide et soignée.,4,Positive
Enceinte Connectée,"Conforme à la description, mais l'usage est limité.",3,Neutral
Souris Sans Fil,"C'est une arnaque, passez votre chemin.",1,Negative
Cable USB-C Charge Rapide,Une perte de temps et d'argent.,1,Negative
Enceinte Connectée,Ne fonctionne pas du tout.,1,Negative
Casque Audio Noise Cancelling,Très déçu par cet achat.,2,Negative
Ecran 4K 27 pouces,Les performances sont impressionnantes.,4,Positive
Enceinte Connectée,Fait le job mais sans plus.,3,Neutral
Enceinte Connectée,Design élégant et robuste.,5,Positive
Tapis de Souris XXL,Plastique de mauvaise qualité.,1,Negative
Ecran 4K 27 pouces,Design élégant et robuste.,5,Positive
Clavier Gamer RGB,Plastique de mauvaise qualité.,1,Negative
Clavier Gamer RGB,Fait le job mais sans plus.,3,Neutral
Tapis de Souris XXL,C'est un excellent produit !,5,Positive
Souris Sans Fil,La qualité est au rendez-vous.,5,Positive
Tapis de Souris XXL,C'est un excellent produit !,4,Positive
Cable USB-C Charge Rapide,Fonctionne parfaitement bien.,4,Positive
Ecouteurs Bluetooth,"Moyen, j'attendais un peu mieux.",3,Neutral
Support PC Portable,Je recommande vivement cet article.,4,Positive
Cable USB-C Charge Rapide,Design élégant et robuste.,4,Positive
Webcam HD 1080p,Ne fonctionne pas du tout.,2,Negative
Webcam HD 1080p,Expédition rapide et soignée.,5,Positive
Ecran 4K 27 pouces,Très déçu par cet achat.,1,Negative
Webcam HD 1080p,Vraiment ravi de mon achat.,5,Positive
Souris Sans Fil,Très simple à installer.,5,Positive
Support PC Portable,La qualité est au rendez-vous.,5,Positive
Casque Audio Noise Cancelling,Plastique de mauvaise qualité.,2,Negative
Souris Sans Fil,Design élégant et robuste.,4,Positive
Cable USB-C Charge Rapide,Correct sans être exceptionnel.,3,Neutral
Cable USB-C Charge Rapide,La qualité est au rendez-vous.,4,Positive
Casque Audio Noise Cancelling,C'est un excellent produit !,4,Positive
Ecran 4K 27 pouces,Vraiment ravi de mon achat.,5,Positive
Casque Audio Noise Cancelling,C'est un excellent produit !,5,Positive
Souris Sans Fil,"Super produit, rien à dire.",5,Positive
Souris Sans Fil,C'est un excellent produit !,4,Positive
Clavier Gamer RGB,Excellent rapport qualité-prix.,4,Positive
Casque Audio Noise Cancelling,Fait le job mais sans plus.,3,Neutral
Webcam HD 1080p,Très simple à installer.,5,Positive
Webcam HD 1080p,Design élégant et robuste.,5,Positive
Support PC Portable,Produit correct pour le prix.,3,Neutral
Clavier Gamer RGB,La qualité est au rendez-vous.,4,Positive
Tapis de Souris XXL,Très déçu par cet achat.,1,Negative
Support PC Portable,Vraiment ravi de mon achat.,5,Positive
Ecran 4K 27 pouces,Produit correct pour le prix.,3,Neutral
Support PC Portable,Vraiment ravi de mon achat.,4,Positive
Ecran 4K 27 pouces,Les performances sont impressionnantes.,5,Positive
Clavier Gamer RGB,"Conforme à la description, mais l'usage est limité.",3,Neutral
Ecouteurs Bluetooth,"Conforme à la description, mais l'usage est limité.",3,Neutral
Souris Sans Fil,Je recommande vivement cet article.,4,Positive
Tapis de Souris XXL,Une perte de temps et d'argent.,2,Negative
Ecouteurs Bluetooth,"Arrivé cassé, inadmissible.",1,Negative
Souris Sans Fil,Design élégant et robuste.,4,Positive
Clavier Gamer RGB,Fonctionne parfaitement bien.,5,Positive
Casque Audio Noise Cancelling,Fonctionne parfaitement bien.,4,Positive
Cable USB-C Charge Rapide,La qualité est au rendez-vous.,4,Positive
Tapis de Souris XXL,C'est un excellent produit !,5,Positive
Souris Sans Fil,Les performances sont impressionnantes.,4,Positive
Cable USB-C Charge Rapide,Correct sans être exceptionnel.,3,Neutral
Clavier Gamer RGB,Design élégant et robuste.,5,Positive
Support PC Portable,"Arrivé cassé, inadmissible.",2,Negative
Clavier Gamer RGB,Excellent rapport qualité-prix.,4,Positive
Tapis de Souris XXL,La qualité est au rendez-vous.,4,Positive
Support PC Portable,Les performances sont impressionnantes.,5,Positive
Cable USB-C Charge Rapide,Produit correct pour le prix.,3,Neutral
Souris Sans Fil,Expédition rapide et soignée.,5,Positive
Webcam HD 1080p,Excellent rapport qualité-prix.,4,Positive
Clavier Gamer RGB,Les performances sont impressionnantes.,4,Positive
Ecouteurs Bluetooth,La qualité est au rendez-vous.,4,Positive
Casque Audio Noise Cancelling,Je recommande vivement cet article.,5,Positive
Webcam HD 1080p,Je ne recommande pas ce produit.,2,Negative
Support PC Portable,La qualité est au rendez-vous.,5,Positive
Ecran 4K 27 pouces,C'est un excellent produit !,4,Positive
Enceinte Connectée,Design élégant et robuste.,5,Positive
Cable USB-C Charge Rapide,Design élégant et robuste.,4,Positive
Enceinte Connectée,"Arrivé cassé, inadmissible.",1,Negative
Clavier Gamer RGB,Vraiment ravi de mon achat.,4,Positive
Casque Audio Noise Cancelling,Excellent rapport qualité-prix.,4,Positive
Webcam HD 1080p,Un peu déçu par la finition mais ça fonctionne.,3,Neutral
Casque Audio Noise Cancelling,Correct sans être exceptionnel.,3,Neutral
Ecran 4K 27 pouces,Un peu déçu par la finition mais ça fonctionne.,3,Neutral
Cable USB-C Charge Rapide,Je recommande vivement cet article.,5,Positive
Support PC Portable,Le SAV est inexistant.,1,Negative
Souris Sans Fil,Expédition rapide et soignée.,5,Positive
Cable USB-C Charge Rapide,C'est un excellent produit !,4,Positive
Souris Sans Fil,Fonctionne parfaitement bien.,4,Positive
Support PC Portable,Correct sans être exceptionnel.,3,Neutral
Clavier Gamer RGB,C'est un excellent produit !,5,Positive
Ecran 4K 27 pouces,Produit correct pour le prix.,3,Neutral
Clavier Gamer RGB,Fonctionne parfaitement bien.,5,Positive
Cable USB-C Charge Rapide,"Arrivé dans les temps, emballage sommaire.",3,Neutral
Support PC Portable,Les performances sont impressionnantes.,4,Positive
Clavier Gamer RGB,Vraiment ravi de mon achat.,4,Positive
Cable USB-C Charge Rapide,C'est un excellent produit !,4,Positive
Webcam HD 1080p,Une perte de temps et d'argent.,1,Negative
Webcam HD 1080p,Correct sans être exceptionnel.,3,Neutral
Ecran 4K 27 pouces,Fonctionne parfaitement bien.,5,Positive
Support PC Portable,"Conforme à la description, mais l'usage est limité.",3,Neutral
Webcam HD 1080p,Très simple à installer.,4,Positive
Tapis de Souris XXL,Très simple à installer.,4,Positive
Casque Audio Noise Cancelling,Excellent rapport qualité-prix.,5,Positive
Ecran 4K 27 pouces,Les performances sont impressionnantes.,4,Positive
Webcam HD 1080p,Fonctionne parfaitement bien.,4,Positive
Casque Audio Noise Cancelling,Fonctionne parfaitement bien.,4,Positive
Support PC Portable,Très simple à installer.,4,Positive
Ecouteurs Bluetooth,Je recommande vivement cet article.,5,Positive
Tapis de Souris XXL,La qualité est au rendez-vous.,5,Positive
Clavier Gamer RGB,"Super produit, rien à dire.",5,Positive
Clavier Gamer RGB,Expédition rapide et soignée.,4,Positive
Ecran 4K 27 pouces,C'est un excellent produit !,5,Positive
Support PC Portable,Je recommande vivement cet article.,5,Positive
Webcam HD 1080p,Une perte de temps et d'argent.,2,Negative
Casque Audio Noise Cancelling,Vraiment ravi de mon achat.,4,Positive
Clavier Gamer RGB,"Super produit, rien à dire.",5,Positive
Clavier Gamer RGB,Le SAV est inexistant.,1,Negative
Souris Sans Fil,Le SAV est inexistant.,1,Negative
Support PC Portable,C'est un excellent produit !,5,Positive
Souris Sans Fil,La qualité est médiocre.,2,Negative
Clavier Gamer RGB,Design élégant et robuste.,4,Positive
Cable USB-C Charge Rapide,Correct sans être exceptionnel.,3,Neutral
Support PC Portable,"Super produit, rien à dire.",5,Positive
Ecran 4K 27 pouces,Fonctionne parfaitement bien.,4,Positive
Tapis de Souris XXL,Très déçu par cet achat.,1,Negative
Cable USB-C Charge Rapide,Très simple à installer.,4,Positive
Souris Sans Fil,Vraiment ravi de mon achat.,5,Positive
Enceinte Connectée,Vraiment ravi de mon achat.,5,Positive
Souris Sans Fil,"Moyen, j'attendais un peu mieux.",3,Neutral
Tapis de Souris XXL,"Super produit, rien à dire.",5,Positive
Casque Audio Noise Cancelling,C'est un excellent produit !,4,Positive
Support PC Portable,Un peu déçu par la finition mais ça fonctionne.,3,Neutral
Clavier Gamer RGB,C'est un excellent produit !,5,Positive
Clavier Gamer RGB,Très simple à installer.,4,Positive
Souris Sans Fil,Vraiment ravi de mon achat.,4,Positive
Souris Sans Fil,Les performances sont impressionnantes.,4,Positive
Casque Audio Noise Cancelling,La qualité est au rendez-vous.,4,Positive
Clavier Gamer RGB,"Pas mal du tout, malgré quelques petits défauts.",3,Neutral
Enceinte Connectée,Produit correct pour le prix.,3,Neutral
Support PC Portable,"Arrivé dans les temps, emballage sommaire.",3,Neutral
Tapis de Souris XXL,Je recommande vivement cet article.,5,Positive
Casque Audio Noise Cancelling,"Pas mal du tout, malgré quelques petits défauts.",3,Neutral
Souris Sans Fil,Une perte de temps et d'argent.,2,Negative
Ecran 4K 27 pouces,Une perte de temps et d'argent.,2,Negative
Clavier Gamer RGB,Expédition rapide et soignée.,4,Positive
Ecran 4K 27 pouces,"Super produit, rien à dire.",5,Positive
Ecran 4K 27 pouces,"C'est une arnaque, passez votre chemin.",2,Negative
Souris Sans Fil,Très simple à installer.,5,Positive
Casque Audio Noise Cancelling,Très simple à installer.,5,Positive
Souris Sans Fil,Vraiment ravi de mon achat.,5,Positive
Souris Sans Fil,Une perte de temps et d'argent.,1,Negative
Support PC Portable,Une perte de temps et d'argent.,2,Negative
Casque Audio Noise Cancelling,La qualité est médiocre.,2,Negative
Souris Sans Fil,Les performances sont impressionnantes.,4,Positive
Support PC Portable,Le SAV est inexistant.,2,Negative
Support PC Portable,Les performances sont impressionnantes.,5,Positive
Cable USB-C Charge Rapide,"Super produit, rien à dire.",4,Positive
Souris Sans Fil,Expédition rapide et soignée.,4,Positive
Clavier Gamer RGB,Très simple à installer.,4,Positive
Cable USB-C Charge Rapide,Je recommande vivement cet article.,5,Positive
Souris Sans Fil,Je recommande vivement cet article.,5,Positive
Ecran 4K 27 pouces,Excellent rapport qualité-prix.,5,Positive
Casque Audio Noise Cancelling,La qualité est au rendez-vous.,4,Positive
Ecouteurs Bluetooth,Je recommande vivement cet article.,5,Positive
Webcam HD 1080p,"Moyen, j'attendais un peu mieux.",3,Neutral
Souris Sans Fil,C'est un excellent produit !,4,Positive
Casque Audio Noise Cancelling,"Pas mal du tout, malgré quelques petits défauts.",3,Neutral
Cable USB-C Charge Rapide,Fait le job mais sans plus.,3,Neutral
Ecouteurs Bluetooth,Fonctionne parfaitement bien.,5,Positive
Enceinte Connectée,Design élégant et robuste.,4,Positive
Ecran 4K 27 pouces,Fonctionne parfaitement bien.,5,Positive
Cable USB-C Charge Rapide,Très simple à installer.,5,Positive
Enceinte Connectée,Le SAV est inexistant.,1,Negative
Enceinte Connectée,Très simple à installer.,5,Positive
Clavier Gamer RGB,Je ne recommande pas ce produit.,2,Negative
Clavier Gamer RGB,Vraiment ravi de mon achat.,4,Positive
Clavier Gamer RGB,Expédition rapide et soignée.,4,Positive
Cable USB-C Charge Rapide,Vraiment ravi de mon achat.,5,Positive
Souris Sans Fil,Vraiment ravi de mon achat.,4,Positive
Casque Audio Noise Cancelling,C'est un excellent produit !,5,Positive
Ecran 4K 27 pouces,"Super produit, rien à dire.",4,Positive
Enceinte Connectée,Fonctionne parfaitement bien.,4,Positive
Souris Sans Fil,Vraiment ravi de mon achat.,4,Positive
Webcam HD 1080p,Vraiment ravi de mon achat.,4,Positive
Ecouteurs Bluetooth,Très déçu par cet achat.,1,Negative
Ecran 4K 27 pouces,Vraiment ravi de mon achat.,5,Positive
Ecran 4K 27 pouces,Vraiment ravi de mon achat.,5,Positive
Webcam HD 1080p,Très déçu par cet achat.,2,Negative
Ecouteurs Bluetooth,La qualité est médiocre.,2,Negative
Tapis de Souris XXL,Produit correct pour le prix.,3,Neutral
Enceinte Connectée,"Super produit, rien à dire.",5,Positive
Support PC Portable,En panne après deux jours d'utilisation.,2,Negative
Clavier Gamer RGB,Fait le job mais sans plus.,3,Neutral
Ecran 4K 27 pouces,Plastique de mauvaise qualité.,2,Negative
Tapis de Souris XXL,C'est un excellent produit !,4,Positive
Support PC Portable,Le SAV est inexistant.,2,Negative
Clavier Gamer RGB,Les performances sont impressionnantes.,5,Positive
Clavier Gamer RGB,"Conforme à la description, mais l'usage est limité.",3,Neutral
Ecouteurs Bluetooth,Une perte de temps et d'argent.,1,Negative
Clavier Gamer RGB,Les performances sont impressionnantes.,4,Positive
Support PC Portable,La qualité est médiocre.,1,Negative
Ecran 4K 27 pouces,"Arrivé dans les temps, emballage sommaire.",3,Neutral
Cable USB-C Charge Rapide,Très simple à installer.,4,Positive
Ecran 4K 27 pouces,C'est un excellent produit !,4,Positive
Support PC Portable,Très déçu par cet achat.,1,Negative
Souris Sans Fil,Produit correct pour le prix.,3,Neutral
Enceinte Connectée,Design élégant et robuste.,5,Positive
Enceinte Connectée,"Super produit, rien à dire.",4,Positive
Cable USB-C Charge Rapide,"Pas mal du tout, malgré quelques petits défauts.",3,Neutral
Ecran 4K 27 pouces,Correct sans être exceptionnel.,3,Neutral
Ecran 4K 27 pouces,La qualité est médiocre.,1,Negative
Ecouteurs Bluetooth,Excellent rapport qualité-prix.,4,Positive
Webcam HD 1080p,"Arrivé dans les temps, emballage sommaire.",3,Neutral
Enceinte Connectée,Je recommande vivement cet article.,5,Positive
Casque Audio Noise Cancelling,Produit correct pour le prix.,3,Neutral
Casque Audio Noise Cancelling,Ne fonctionne pas du tout.,2,Negative
Casque Audio Noise Cancelling,Fait le job mais sans plus.,3,Neutral
Ecran 4K 27 pouces,La qualité est au rendez-vous.,5,Positive
Ecouteurs Bluetooth,Excellent rapport qualité-prix.,4,Positive
Cable USB-C Charge Rapide,Ne fonctionne pas du tout.,2,Negative
Clavier Gamer RGB,Fonctionne parfaitement bien.,4,Positive
Ecran 4K 27 pouces,La qualité est au rendez-vous.,5,Positive
Cable USB-C Charge Rapide,"Arrivé cassé, inadmissible.",1,Negative
Enceinte Connectée,Je ne recommande pas ce produit.,1,Negative
Enceinte Connectée,Plastique de mauvaise qualité.,1,Negative
Clavier Gamer RGB,Excellent rapport qualité-prix.,4,Positive
Webcam HD 1080p,Très déçu par cet achat.,1,Negative
Tapis de Souris XXL,La qualité est médiocre.,1,Negative
Ecouteurs Bluetooth,Excellent rapport qualité-prix.,4,Positive
Support PC Portable,"Arrivé dans les temps, emballage sommaire.",3,Neutral
Cable USB-C Charge Rapide,Fonctionne parfaitement bien.,4,Positive
Webcam HD 1080p,Je ne recommande pas ce produit.,1,Negative
Enceinte Connectée,Expédition rapide et soignée.,4,Positive
Clavier Gamer RGB,"C'est une arnaque, passez votre chemin.",2,Negative
Casque Audio Noise Cancelling,Design élégant et robuste.,4,Positive
Enceinte Connectée,Ne fonctionne pas du tout.,2,Negative
Tapis de Souris XXL,Expédition rapide et soignée.,5,Positive
Ecouteurs Bluetooth,Design élégant et robuste.,4,Positive
Support PC Portable,La qualité est au rendez-vous.,4,Positive
Ecran 4K 27 pouces,Très simple à installer.,5,Positive
Ecouteurs Bluetooth,La qualité est au rendez-vous.,5,Positive
Casque Audio Noise Cancelling,"Arrivé cassé, inadmissible.",1,Negative
Support PC Portable,C'est un excellent produit !,5,Positive
Souris Sans Fil,Excellent rapport qualité-prix.,5,Positive
Tapis de Souris XXL,"Arrivé dans les temps, emballage sommaire.",3,Neutral
Support PC Portable,Expédition rapide et soignée.,4,Positive
Ecouteurs Bluetooth,Design élégant et robuste.,4,Positive
Ecran 4K 27 pouces,Vraiment ravi de mon achat.,5,Positive
Tapis de Souris XXL,"Super produit, rien à dire.",5,Positive
Support PC Portable,Design élégant et robuste.,4,Positive
Clavier Gamer RGB,Expédition rapide et soignée.,5,Positive
Cable USB-C Charge Rapide,La qualité est médiocre.,1,Negative
Support PC Portable,Je recommande vivement cet article.,4,Positive
Enceinte Connectée,La qualité est médiocre.,2,Negative
Casque Audio Noise Cancelling,Expédition rapide et soignée.,4,Positive
Cable USB-C Charge Rapide,"Arrivé dans les temps, emballage sommaire.",3,Neutral
Enceinte Connectée,Design élégant et robuste.,4,Positive
Souris Sans Fil,C'est un excellent produit !,5,Positive
Support PC Portable,La qualité est au rendez-vous.,5,Positive
Clavier Gamer RGB,"Super produit, rien à dire.",5,Positive
Ecran 4K 27 pouces,Fonctionne parfaitement bien.,4,Positive
Tapis de Souris XXL,Design élégant et robuste.,5,Positive
Casque Audio Noise Cancelling,"Moyen, j'attendais un peu mieux.",3,Neutral
Webcam HD 1080p,Très simple à installer.,5,Positive
Support PC Portable,"Arrivé dans les temps, emballage sommaire.",3,Neutral
Clavier Gamer RGB,"Arrivé dans les temps, emballage sommaire.",3,Neutral
Webcam HD 1080p,Correct sans être exceptionnel.,3,Neutral
Clavier Gamer RGB,"Moyen, j'attendais un peu mieux.",3,Neutral
Ecran 4K 27 pouces,C'est un excellent produit !,5,Positive
Enceinte Connectée,"C'est une arnaque, passez votre chemin.",1,Negative
Ecran 4K 27 pouces,Expédition rapide et soignée.,4,Positive
Webcam HD 1080p,Je ne recommande pas ce produit.,2,Negative
Clavier Gamer RGB,Excellent rapport qualité-prix.,5,Positive
Support PC Portable,Très simple à installer.,5,Positive
Webcam HD 1080p,En panne après deux jours d'utilisation.,2,Negative
Tapis de Souris XXL,Vraiment ravi de mon achat.,5,Positive
Webcam HD 1080p,Produit correct pour le prix.,3,Neutral
Ecran 4K 27 pouces,La qualité est médiocre.,2,Negative
Souris Sans Fil,La qualité est au rendez-vous.,5,Positive
Support PC Portable,Correct sans être exceptionnel.,3,Neutral
Clavier Gamer RGB,Correct sans être exceptionnel.,3,Neutral
Souris Sans Fil,Vraiment ravi de mon achat.,4,Positive
Support PC Portable,Une perte de temps et d'argent.,2,Negative
Webcam HD 1080p,Vraiment ravi de mon achat.,5,Positive
Casque Audio Noise Cancelling,La qualité est au rendez-vous.,5,Positive
Webcam HD 1080p,Ne fonctionne pas du tout.,2,Negative
Cable USB-C Charge Rapide,Les performances sont impressionnantes.,5,Positive
Enceinte Connectée,La qualité est au rendez-vous.,5,Positive
Ecouteurs Bluetooth,Plastique de mauvaise qualité.,1,Negative
Webcam HD 1080p,La qualité est médiocre.,1,Negative
Clavier Gamer RGB,"Arrivé cassé, inadmissible.",2,Negative
Enceinte Connectée,La qualité est au rendez-vous.,5,Positive
Casque Audio Noise Cancelling,C'est un excellent produit !,4,Positive
Casque Audio Noise Cancelling,Design élégant et robuste.,4,Positive
Support PC Portable,Plastique de mauvaise qualité.,1,Negative
Ecouteurs Bluetooth,Design élégant et robuste.,4,Positive
Clavier Gamer RGB,Très déçu par cet achat.,1,Negative
Cable USB-C Charge Rapide,La qualité est au rendez-vous.,4,Positive
Casque Audio Noise Cancelling,Je ne recommande pas ce produit.,1,Negative
Cable USB-C Charge Rapide,Vraiment ravi de mon achat.,4,Positive
Support PC Portable,Design élégant et robuste.,5,Positive
Casque Audio Noise Cancelling,Le SAV est inexistant.,1,Negative
Ecran 4K 27 pouces,Une perte de temps et d'argent.,1,Negative
Tapis de Souris XXL,Expédition rapide et soignée.,4,Positive
Webcam HD 1080p,"Moyen, j'attendais un peu mieux.",3,Neutral
Ecouteurs Bluetooth,Un peu déçu par la finition mais ça fonctionne.,3,Neutral
Webcam HD 1080p,La qualité est au rendez-vous.,5,Positive
Support PC Portable,La qualité est au rendez-vous.,4,Positive
Webcam HD 1080p,Fonctionne parfaitement bien.,5,Positive
Tapis de Souris XXL,"Pas mal du tout, malgré quelques petits défauts.",3,Neutral
Webcam HD 1080p,La qualité est médiocre.,1,Negative
Casque Audio Noise Cancelling,"Conforme à la description, mais l'usage est limité.",3,Neutral
Casque Audio Noise Cancelling,Correct sans être exceptionnel.,3,Neutral
Support PC Portable,En panne après deux jours d'utilisation.,2,Negative
Ecran 4K 27 pouces,Les performances sont impressionnantes.,5,Positive
Webcam HD 1080p,C'est un excellent produit !,5,Positive
Enceinte Connectée,Je ne recommande pas ce produit.,2,Negative
Clavier Gamer RGB,Expédition rapide et soignée.,5,Positive
Casque Audio Noise Cancelling,La qualité est médiocre.,1,Negative
Clavier Gamer RGB,Les performances sont impressionnantes.,4,Positive
Souris Sans Fil,La qualité est au rendez-vous.,4,Positive
Ecouteurs Bluetooth,Plastique de mauvaise qualité.,2,Negative
Webcam HD 1080p,Très simple à installer.,5,Positive
Webcam HD 1080p,La qualité est médiocre.,1,Negative
Souris Sans Fil,Fonctionne parfaitement bien.,4,Positive
Ecran 4K 27 pouces,Fonctionne parfaitement bien.,4,Positive
Tapis de Souris XXL,Expédition rapide et soignée.,4,Positive
Tapis de Souris XXL,Vraiment ravi de mon achat.,4,Positive
Webcam HD 1080p,En panne après deux jours d'utilisation.,1,Negative
Cable USB-C Charge Rapide,Fonctionne parfaitement bien.,4,Positive
Casque Audio Noise Cancelling,Fonctionne parfaitement bien.,5,Positive
Webcam HD 1080p,Fonctionne parfaitement bien.,4,Positive
Souris Sans Fil,Excellent rapport qualité-prix.,4,Positive
Souris Sans Fil,C'est un excellent produit !,4,Positive
Enceinte Connectée,Vraiment ravi de mon achat.,4,Positive
Souris Sans Fil,Je ne recommande pas ce produit.,2,Negative
Ecouteurs Bluetooth,Design élégant et robuste.,4,Positive
Tapis de Souris XXL,"Arrivé dans les temps, emballage sommaire.",3,Neutral
Tapis de Souris XXL,Très déçu par cet achat.,1,Negative
Ecouteurs Bluetooth,Excellent rapport qualité-prix.,5,Positive
Ecran 4K 27 pouces,Je recommande vivement cet article.,5,Positive
Webcam HD 1080p,Vraiment ravi de mon achat.,4,Positive
Clavier Gamer RGB,"Super produit, rien à dire.",5,Positive
Ecouteurs Bluetooth,Expédition rapide et soignée.,5,Positive
Webcam HD 1080p,"Arrivé cassé, inadmissible.",1,Negative
Souris Sans Fil,Vraiment ravi de mon achat.,5,Positive
Ecran 4K 27 pouces,Fonctionne parfaitement bien.,5,Positive
Casque Audio Noise Cancelling,Je recommande vivement cet article.,5,Positive
Support PC Portable,Je recommande vivement cet article.,5,Positive
Casque Audio Noise Cancelling,C'est un excellent produit !,4,Positive
Webcam HD 1080p,Fonctionne parfaitement bien.,5,Positive
Clavier Gamer RGB,"Super produit, rien à dire.",4,Positive
Enceinte Connectée,La qualité est médiocre.,2,Negative
Cable USB-C Charge Rapide,Vraiment ravi de mon achat.,4,Positive
Ecouteurs Bluetooth,Expédition rapide et soignée.,4,Positive
Tapis de Souris XXL,Je recommande vivement cet article.,4,Positive
Ecran 4K 27 pouces,Correct sans être exceptionnel.,3,Neutral
Ecouteurs Bluetooth,Je recommande vivement cet article.,4,Positive
Ecran 4K 27 pouces,Produit correct pour le prix.,3,Neutral
Enceinte Connectée,"Arrivé cassé, inadmissible.",2,Negative
Support PC Portable,"Pas mal du tout, malgré quelques petits défauts.",3,Neutral
Support PC Portable,Correct sans être exceptionnel.,3,Neutral
Tapis de Souris XXL,"Pas mal du tout, malgré quelques petits défauts.",3,Neutral
Souris Sans Fil,Très simple à installer.,4,Positive
Enceinte Connectée,"Super produit, rien à dire.",5,Positive
Tapis de Souris XXL,Fait le job mais sans plus.,3,Neutral
Webcam HD 1080p,Je recommande vivement cet article.,4,Positive
Enceinte Connectée,Excellent rapport qualité-prix.,4,Positive
Support PC Portable,Un peu déçu par la finition mais ça fonctionne.,3,Neutral
Ecran 4K 27 pouces,"Arrivé cassé, inadmissible.",1,Negative
Webcam HD 1080p,En panne après deux jours d'utilisation.,2,Negative
Ecouteurs Bluetooth,La qualité est au rendez-vous.,4,Positive
Tapis de Souris XXL,Excellent rapport qualité-prix.,5,Positive
Cable USB-C Charge Rapide,"Super produit, rien à dire.",5,Positive
Enceinte Connectée,"Moyen, j'attendais un peu mieux.",3,Neutral
Enceinte Connectée,Expédition rapide et soignée.,4,Positive
Casque Audio Noise Cancelling,"Conforme à la description, mais l'usage est limité.",3,Neutral
Souris Sans Fil,C'est un excellent produit !,4,Positive
Enceinte Connectée,La qualité est au rendez-vous.,5,Positive
Webcam HD 1080p,"Moyen, j'attendais un peu mieux.",3,Neutral
Cable USB-C Charge Rapide,En panne après deux jours d'utilisation.,2,Negative
Ecouteurs Bluetooth,"Arrivé dans les temps, emballage sommaire.",3,Neutral
Souris Sans Fil,La qualité est au rendez-vous.,4,Positive
Tapis de Souris XXL,Très simple à installer.,4,Positive
Souris Sans Fil,La qualité est au rendez-vous.,5,Positive
Cable USB-C Charge Rapide,Fonctionne parfaitement bien.,5,Positive
Webcam HD 1080p,Correct sans être exceptionnel.,3,Neutral
Clavier Gamer RGB,La qualité est au rendez-vous.,4,Positive
Ecran 4K 27 pouces,Je ne recommande pas ce produit.,1,Negative
Webcam HD 1080p,C'est un excellent produit !,4,Positive
Webcam HD 1080p,"Arrivé dans les temps, emballage sommaire.",3,Neutral
Casque Audio Noise Cancelling,C'est un excellent produit !,5,Positive
Souris Sans Fil,Je recommande vivement cet article.,4,Positive
Tapis de Souris XXL,"Arrivé cassé, inadmissible.",1,Negative
Tapis de Souris XXL,Vraiment ravi de mon achat.,4,Positive
Support PC Portable,Très déçu par cet achat.,1,Negative
Ecran 4K 27 pouces,Produit correct pour le prix.,3,Neutral
Ecouteurs Bluetooth,Expédition rapide et soignée.,4,Positive
Ecran 4K 27 pouces,La qualité est au rendez-vous.,4,Positive
Souris Sans Fil,Vraiment ravi de mon achat.,5,Positive
Ecouteurs Bluetooth,Une perte de temps et d'argent.,1,Negative
Clavier Gamer RGB,"Arrivé dans les temps, emballage sommaire.",3,Neutral
Clavier Gamer RGB,"C'est une arnaque, passez votre chemin.",1,Negative
Support PC Portable,"Moyen, j'attendais un peu mieux.",3,Neutral
Casque Audio Noise Cancelling,"Super produit, rien à dire.",4,Positive
Casque Audio Noise Cancelling,"C'est une arnaque, passez votre chemin.",1,Negative
Casque Audio Noise Cancelling,Je ne recommande pas ce produit.,2,Negative
Ecran 4K 27 pouces,"Moyen, j'attendais un peu mieux.",3,Neutral
Clavier Gamer RGB,Fonctionne parfaitement bien.,5,Positive
Support PC Portable,Excellent rapport qualité-prix.,5,Positive
Ecouteurs Bluetooth,"Super produit, rien à dire.",5,Positive
Souris Sans Fil,Plastique de mauvaise qualité.,1,Negative
Ecran 4K 27 pouces,Fait le job mais sans plus.,3,Neutral
Clavier Gamer RGB,"Pas mal du tout, malgré quelques petits défauts.",3,Neutral
Cable USB-C Charge Rapide,"Arrivé dans les temps, emballage sommaire.",3,Neutral
Cable USB-C Charge Rapide,Vraiment ravi de mon achat.,4,Positive
Casque Audio Noise Cancelling,Vraiment ravi de mon achat.,5,Positive
Ecran 4K 27 pouces,Design élégant et robuste.,5,Positive
Casque Audio Noise Cancelling,Excellent rapport qualité-prix.,5,Positive
Clavier Gamer RGB,Je recommande vivement cet article.,4,Positive
Webcam HD 1080p,Je recommande vivement cet article.,4,Positive
Casque Audio Noise Cancelling,En panne après deux jours d'utilisation.,2,Negative
Tapis de Souris XXL,C'est un excellent produit !,5,Positive
Ecouteurs Bluetooth,"Arrivé cassé, inadmissible.",2,Negative
Webcam HD 1080p,Je recommande vivement cet article.,4,Positive
Souris Sans Fil,Je recommande vivement cet article.,4,Positive
Enceinte Connectée,Je recommande vivement cet article.,5,Positive
Cable USB-C Charge Rapide,La qualité est au rendez-vous.,5,Positive
Ecran 4K 27 pouces,Expédition rapide et soignée.,5,Positive
Ecran 4K 27 pouces,Les performances sont impressionnantes.,5,Positive
Cable USB-C Charge Rapide,La qualité est au rendez-vous.,4,Positive
Tapis de Souris XXL,Plastique de mauvaise qualité.,2,Negative
Casque Audio Noise Cancelling,Une perte de temps et d'argent.,1,Negative
Enceinte Connectée,Design élégant et robuste.,5,Positive
Souris Sans Fil,Je recommande vivement cet article.,5,Positive
Ecouteurs Bluetooth,Produit correct pour le prix.,3,Neutral
Webcam HD 1080p,"Super produit, rien à dire.",5,Positive
Tapis de Souris XXL,La qualité est au rendez-vous.,5,Positive
Ecouteurs Bluetooth,Fonctionne parfaitement bien.,5,Positive
Tapis de Souris XXL,Produit correct pour le prix.,3,Neutral
Clavier Gamer RGB,Design élégant et robuste.,4,Positive
Enceinte Connectée,C'est un excellent produit !,5,Positive
Cable USB-C Charge Rapide,Vraiment ravi de mon achat.,5,Positive
Cable USB-C Charge Rapide,Je recommande vivement cet article.,5,Positive
Ecran 4K 27 pouces,Excellent rapport qualité-prix.,5,Positive
Ecouteurs Bluetooth,"Super produit, rien à dire.",5,Positive
Tapis de Souris XXL,Une perte de temps et d'argent.,2,Negative
Support PC Portable,Fonctionne parfaitement bien.,5,Positive
Casque Audio Noise Cancelling,Expédition rapide et soignée.,4,Positive
Cable USB-C Charge Rapide,Le SAV est inexistant.,1,Negative
Tapis de Souris XXL,Très déçu par cet achat.,1,Negative
Souris Sans Fil,Les performances sont impressionnantes.,4,Positive
Ecouteurs Bluetooth,Expédition rapide et soignée.,5,Positive
Clavier Gamer RGB,"Arrivé dans les temps, emballage sommaire.",3,Neutral
Clavier Gamer RGB,Expédition rapide et soignée.,4,Positive
Casque Audio Noise Cancelling,"Arrivé dans les temps, emballage sommaire.",3,Neutral
Clavier Gamer RGB,Fonctionne parfaitement bien.,4,Positive
Ecran 4K 27 pouces,Les performances sont impressionnantes.,5,Positive
Enceinte Connectée,Excellent rapport qualité-prix.,4,Positive
Support PC Portable,Un peu déçu par la finition mais ça fonctionne.,3,Neutral
Clavier Gamer RGB,Ne fonctionne pas du tout.,2,Negative
Enceinte Connectée,La qualité est médiocre.,1,Negative
Casque Audio Noise Cancelling,Les performances sont impressionnantes.,5,Positive
Cable USB-C Charge Rapide,Produit correct pour le prix.,3,Neutral
Enceinte Connectée,Expédition rapide et soignée.,5,Positive
Ecran 4K 27 pouces,"Super produit, rien à dire.",5,Positive
Webcam HD 1080p,Une perte de temps et d'argent.,1,Negative
Support PC Portable,"Arrivé dans les temps, emballage sommaire.",3,Neutral
Ecran 4K 27 pouces,Très simple à installer.,4,Positive
Webcam HD 1080p,Une perte de temps et d'argent.,2,Negative
Clavier Gamer RGB,"Moyen, j'attendais un peu mieux.",3,Neutral
Tapis de Souris XXL,"Arrivé cassé, inadmissible.",2,Negative
Souris Sans Fil,Design élégant et robuste.,4,Positive
Clavier Gamer RGB,Vraiment ravi de mon achat.,5,Positive
Enceinte Connectée,Très déçu par cet achat.,2,Negative
Casque Audio Noise Cancelling,C'est un excellent produit !,4,Positive
Ecouteurs Bluetooth,Les performances sont impressionnantes.,4,Positive
Clavier Gamer RGB,Très simple à installer.,4,Positive
Webcam HD 1080p,Design élégant et robuste.,4,Positive
Ecouteurs Bluetooth,Expédition rapide et soignée.,5,Positive
Ecran 4K 27 pouces,Un peu déçu par la finition mais ça fonctionne.,3,Neutral
Support PC Portable,Très simple à installer.,4,Positive
Casque Audio Noise Cancelling,"Arrivé cassé, inadmissible.",2,Negative
Cable USB-C Charge Rapide,La qualité est au rendez-vous.,5,Positive
Clavier Gamer RGB,Vraiment ravi de mon achat.,4,Positive
Ecran 4K 27 pouces,"Arrivé cassé, inadmissible.",2,Negative
Clavier Gamer RGB,Les performances sont impressionnantes.,5,Positive
Webcam HD 1080p,Très déçu par cet achat.,2,Negative
Casque Audio Noise Cancelling,Les performances sont impressionnantes.,4,Positive
Tapis de Souris XXL,Plastique de mauvaise qualité.,2,Negative
Clavier Gamer RGB,Je recommande vivement cet article.,4,Positive
Ecran 4K 27 pouces,"Super produit, rien à dire.",5,Positive
Ecran 4K 27 pouces,Ne fonctionne pas du tout.,1,Negative
Support PC Portable,Fait le job mais sans plus.,3,Neutral
Casque Audio Noise Cancelling,Excellent rapport qualité-prix.,4,Positive
Casque Audio Noise Cancelling,Plastique de mauvaise qualité.,2,Negative
Ecouteurs Bluetooth,Vraiment ravi de mon achat.,4,Positive
Casque Audio Noise Cancelling,"Pas mal du tout, malgré quelques petits défauts.",3,Neutral
Webcam HD 1080p,Le SAV est inexistant.,1,Negative
Ecouteurs Bluetooth,Design élégant et robuste.,4,Positive
Clavier Gamer RGB,Les performances sont impressionnantes.,4,Positive
Souris Sans Fil,C'est un excellent produit !,5,Positive
Support PC Portable,Très déçu par cet achat.,1,Negative
Enceinte Connectée,Produit correct pour le prix.,3,Neutral
Enceinte Connectée,Fait le job mais sans plus.,3,Neutral
Support PC Portable,Très simple à installer.,4,Positive
Souris Sans Fil,"Arrivé dans les temps, emballage sommaire.",3,Neutral
Enceinte Connectée,Je recommande vivement cet article.,5,Positive
Enceinte Connectée,"Super produit, rien à dire.",4,Positive
Clavier Gamer RGB,Les performances sont impressionnantes.,5,Positive
Souris Sans Fil,"Conforme à la description, mais l'usage est limité.",3,Neutral
Cable USB-C Charge Rapide,Très simple à installer.,5,Positive
Clavier Gamer RGB,Les performances sont impressionnantes.,4,Positive
Casque Audio Noise Cancelling,"C'est une arnaque, passez votre chemin.",1,Negative
Casque Audio Noise Cancelling,Très simple à installer.,4,Positive
Clavier Gamer RGB,Fonctionne parfaitement bien.,4,Positive
Webcam HD 1080p,"Super produit, rien à dire.",4,Positive
Souris Sans Fil,Plastique de mauvaise qualité.,2,Negative
Cable USB-C Charge Rapide,Expédition rapide et soignée.,4,Positive
Webcam HD 1080p,"Super produit, rien à dire.",4,Positive
Cable USB-C Charge Rapide,C'est un excellent produit !,5,Positive
Ecouteurs Bluetooth,"Super produit, rien à dire.",5,Positive
Souris Sans Fil,Fonctionne parfaitement bien.,5,Positive
Casque Audio Noise Cancelling,La qualité est au rendez-vous.,4,Positive
Ecran 4K 27 pouces,C'est un excellent produit !,4,Positive
Souris Sans Fil,Les performances sont impressionnantes.,5,Positive
Support PC Portable,Fonctionne parfaitement bien.,4,Positive
Webcam HD 1080p,C'est un excellent produit !,5,Positive
Souris Sans Fil,Plastique de mauvaise qualité.,2,Negative
Casque Audio Noise Cancelling,C'est un excellent produit !,5,Positive
Tapis de Souris XXL,Je recommande vivement cet article.,5,Positive
Enceinte Connectée,"Conforme à la description, mais l'usage est limité.",3,Neutral
Tapis de Souris XXL,"Pas mal du tout, malgré quelques petits défauts.",3,Neutral
Clavier Gamer RGB,Je ne recommande pas ce produit.,2,Negative
Enceinte Connectée,Expédition rapide et soignée.,4,Positive
Webcam HD 1080p,Fonctionne parfaitement bien.,5,Positive
Enceinte Connectée,Excellent rapport qualité-prix.,5,Positive
Souris Sans Fil,Plastique de mauvaise qualité.,1,Negative
Casque Audio Noise Cancelling,Design élégant et robuste.,5,Positive
Webcam HD 1080p,"Arrivé dans les temps, emballage sommaire.",3,Neutral
Cable USB-C Charge Rapide,Expédition rapide et soignée.,4,Positive
Webcam HD 1080p,"Super produit, rien à dire.",5,Positive
Souris Sans Fil,Je recommande vivement cet article.,4,Positive
Souris Sans Fil,"Arrivé dans les temps, emballage sommaire.",3,Neutral
Souris Sans Fil,Les performances sont impressionnantes.,5,Positive
Webcam HD 1080p,Excellent rapport qualité-prix.,5,Positive
Casque Audio Noise Cancelling,Les performances sont impressionnantes.,5,Positive
Webcam HD 1080p,Expédition rapide et soignée.,4,Positive
Casque Audio Noise Cancelling,Correct sans être exceptionnel.,3,Neutral
Webcam HD 1080p,Plastique de mauvaise qualité.,1,Negative
Tapis de Souris XXL,"Conforme à la description, mais l'usage est limité.",3,Neutral
Casque Audio Noise Cancelling,Design élégant et robuste.,5,Positive
Support PC Portable,"Moyen, j'attendais un peu mieux.",3,Neutral
Casque Audio Noise Cancelling,Fonctionne parfaitement bien.,4,Positive
Cable USB-C Charge Rapide,Très simple à installer.,4,Positive
Cable USB-C Charge Rapide,Ne fonctionne pas du tout.,1,Negative
Tapis de Souris XXL,Les performances sont impressionnantes.,4,Positive
Ecouteurs Bluetooth,Excellent rapport qualité-prix.,4,Positive
Clavier Gamer RGB,Je recommande vivement cet article.,4,Positive
Cable USB-C Charge Rapide,Excellent rapport qualité-prix.,5,Positive
Souris Sans Fil,Je ne recommande pas ce produit.,1,Negative
Ecran 4K 27 pouces,"Arrivé cassé, inadmissible.",2,Negative
Ecouteurs Bluetooth,C'est un excellent produit !,4,Positive
Ecran 4K 27 pouces,Expédition rapide et soignée.,5,Positive
Souris Sans Fil,La qualité est médiocre.,2,Negative
Clavier Gamer RGB,"Super produit, rien à dire.",5,Positive
Tapis de Souris XXL,Je ne recommande pas ce produit.,2,Negative
Souris Sans Fil,Correct sans être exceptionnel.,3,Neutral
Cable USB-C Charge Rapide,"Arrivé cassé, inadmissible.",2,Negative
Souris Sans Fil,Fonctionne parfaitement bien.,4,Positive
Tapis de Souris XXL,"Arrivé cassé, inadmissible.",1,Negative
Support PC Portable,"Arrivé cassé, inadmissible.",2,Negative
Ecouteurs Bluetooth,"Pas mal du tout, malgré quelques petits défauts.",3,Neutral
Enceinte Connectée,La qualité est médiocre.,2,Negative
Webcam HD 1080p,En panne après deux jours d'utilisation.,1,Negative
Casque Audio Noise Cancelling,Vraiment ravi de mon achat.,4,Positive
Support PC Portable,Un peu déçu par la finition mais ça fonctionne.,3,Neutral
Clavier Gamer RGB,Excellent rapport qualité-prix.,5,Positive
Ecouteurs Bluetooth,"Arrivé cassé, inadmissible.",2,Negative
Tapis de Souris XXL,Je ne recommande pas ce produit.,1,Negative
Clavier Gamer RGB,Design élégant et robuste.,5,Positive
Cable USB-C Charge Rapide,Expédition rapide et soignée.,4,Positive
Ecran 4K 27 pouces,"C'est une arnaque, passez votre chemin.",1,Negative
Webcam HD 1080p,Vraiment ravi de mon achat.,5,Positive
Clavier Gamer RGB,Design élégant et robuste.,5,Positive
Ecran 4K 27 pouces,Fait le job mais sans plus.,3,Neutral
Support PC Portable,Très déçu par cet achat.,2,Negative
Ecran 4K 27 pouces,C'est un excellent produit !,4,Positive
Souris Sans Fil,Fait le job mais sans plus.,3,Neutral
Webcam HD 1080p,Fonctionne parfaitement bien.,5,Positive
Ecran 4K 27 pouces,Je recommande vivement cet article.,4,Positive
Souris Sans Fil,Je ne recommande pas ce produit.,2,Negative
Support PC Portable,Je recommande vivement cet article.,4,Positive
Support PC Portable,Très simple à installer.,5,Positive
Casque Audio Noise Cancelling,En panne après deux jours d'utilisation.,1,Negative
Ecouteurs Bluetooth,"C'est une arnaque, passez votre chemin.",1,Negative
Casque Audio Noise Cancelling,Design élégant et robuste.,4,Positive
Clavier Gamer RGB,Ne fonctionne pas du tout.,2,Negative
Support PC Portable,Correct sans être exceptionnel.,3,Neutral
Enceinte Connectée,Je recommande vivement cet article.,4,Positive
Tapis de Souris XXL,C'est un excellent produit !,5,Positive
Webcam HD 1080p,Le SAV est inexistant.,2,Negative
Clavier Gamer RGB,Vraiment ravi de mon achat.,4,Positive
Tapis de Souris XXL,Je ne recommande pas ce produit.,2,Negative
Cable USB-C Charge Rapide,"Arrivé dans les temps, emballage sommaire.",3,Neutral
Tapis de Souris XXL,Excellent rapport qualité-prix.,4,Positive
Clavier Gamer RGB,"Conforme à la description, mais l'usage est limité.",3,Neutral
Clavier Gamer RGB,Les performances sont impressionnantes.,4,Positive
Ecran 4K 27 pouces,Je ne recommande pas ce produit.,1,Negative
Tapis de Souris XXL,Le SAV est inexistant.,1,Negative
Cable USB-C Charge Rapide,"Arrivé cassé, inadmissible.",1,Negative
Enceinte Connectée,Très simple à installer.,4,Positive
Clavier Gamer RGB,"Arrivé dans les temps, emballage sommaire.",3,Neutral
Casque Audio Noise Cancelling,Produit correct pour le prix.,3,Neutral
Ecran 4K 27 pouces,"Super produit, rien à dire.",5,Positive
Cable USB-C Charge Rapide,Produit correct pour le prix.,3,Neutral
Support PC Portable,La qualité est au rendez-vous.,4,Positive
Casque Audio Noise Cancelling,Vraiment ravi de mon achat.,5,Positive
Casque Audio Noise Cancelling,Les performances sont impressionnantes.,5,Positive
Ecran 4K 27 pouces,En panne après deux jours d'utilisation.,1,Negative
Casque Audio Noise Cancelling,Fonctionne parfaitement bien.,4,Positive
Webcam HD 1080p,Je ne recommande pas ce produit.,2,Negative
Clavier Gamer RGB,Excellent rapport qualité-prix.,4,Positive
Support PC Portable,C'est un excellent produit !,5,Positive
Webcam HD 1080p,Les performances sont impressionnantes.,4,Positive
Webcam HD 1080p,Fonctionne parfaitement bien.,5,Positive
Ecouteurs Bluetooth,Excellent rapport qualité-prix.,4,Positive
Casque Audio Noise Cancelling,Très simple à installer.,5,Positive
Cable USB-C Charge Rapide,Expédition rapide et soignée.,4,Positive
Souris Sans Fil,La qualité est médiocre.,1,Negative
Ecouteurs Bluetooth,C'est un excellent produit !,5,Positive
Cable USB-C Charge Rapide,La qualité est médiocre.,1,Negative
Clavier Gamer RGB,"Super produit, rien à dire.",5,Positive
Clavier Gamer RGB,Expédition rapide et soignée.,5,Positive
Cable USB-C Charge Rapide,Très simple à installer.,4,Positive
Souris Sans Fil,Ne fonctionne pas du tout.,1,Negative
Support PC Portable,"Pas mal du tout, malgré quelques petits défauts.",3,Neutral
Casque Audio Noise Cancelling,"Moyen, j'attendais un peu mieux.",3,Neutral
Ecran 4K 27 pouces,Design élégant et robuste.,5,Positive
Casque Audio Noise Cancelling,Une perte de temps et d'argent.,1,Negative
Souris Sans Fil,C'est un excellent produit !,5,Positive
Tapis de Souris XXL,La qualité est au rendez-vous.,4,Positive
Casque Audio Noise Cancelling,C'est un excellent produit !,5,Positive
Souris Sans Fil,C'est un excellent produit !,5,Positive
Ecran 4K 27 pouces,Très déçu par cet achat.,2,Negative
Tapis de Souris XXL,Une perte de temps et d'argent.,1,Negative
Ecran 4K 27 pouces,Fonctionne parfaitement bien.,5,Positive
Casque Audio Noise Cancelling,Très déçu par cet achat.,2,Negative
Souris Sans Fil,Fait le job mais sans plus.,3,Neutral
Casque Audio Noise Cancelling,Les performances sont impressionnantes.,4,Positive
Enceinte Connectée,Fonctionne parfaitement bien.,4,Positive
Webcam HD 1080p,La qualité est au rendez-vous.,4,Positive
Clavier Gamer RGB,Très déçu par cet achat.,1,Negative
Souris Sans Fil,Les performances sont impressionnantes.,4,Positive
Cable USB-C Charge Rapide,Design élégant et robuste.,4,Positive
Tapis de Souris XXL,Fonctionne parfaitement bien.,5,Positive
Ecouteurs Bluetooth,Excellent rapport qualité-prix.,4,Positive
Clavier Gamer RGB,C'est un excellent produit !,5,Positive
Souris Sans Fil,En panne après deux jours d'utilisation.,2,Negative
Support PC Portable,Je ne recommande pas ce produit.,2,Negative
Cable USB-C Charge Rapide,Très déçu par cet achat.,1,Negative
Tapis de Souris XXL,Je recommande vivement cet article.,5,Positive
Tapis de Souris XXL,Vraiment ravi de mon achat.,4,Positive
Enceinte Connectée,Très simple à installer.,4,Positive
Webcam HD 1080p,Très simple à installer.,5,Positive
Ecran 4K 27 pouces,Expédition rapide et soignée.,5,Positive
Casque Audio Noise Cancelling,La qualité est médiocre.,1,Negative
Webcam HD 1080p,"Moyen, j'attendais un peu mieux.",3,Neutral
Souris Sans Fil,C'est un excellent produit !,5,Positive
Tapis de Souris XXL,"Arrivé dans les temps, emballage sommaire.",3,Neutral
Clavier Gamer RGB,Vraiment ravi de mon achat.,5,Positive
Casque Audio Noise Cancelling,Le SAV est inexistant.,2,Negative
Casque Audio Noise Cancelling,Je recommande vivement cet article.,4,Positive
Support PC Portable,Une perte de temps et d'argent.,1,Negative
Casque Audio Noise Cancelling,Expédition rapide et soignée.,4,Positive
Ecouteurs Bluetooth,C'est un excellent produit !,5,Positive
Ecouteurs Bluetooth,"Super produit, rien à dire.",4,Positive
Clavier Gamer RGB,"Super produit, rien à dire.",4,Positive
Ecouteurs Bluetooth,Expédition rapide et soignée.,4,Positive
Casque Audio Noise Cancelling,Les performances sont impressionnantes.,5,Positive
Clavier Gamer RGB,Je recommande vivement cet article.,4,Positive
Cable USB-C Charge Rapide,Les performances sont impressionnantes.,4,Positive
Tapis de Souris XXL,C'est un excellent produit !,5,Positive
Casque Audio Noise Cancelling,Plastique de mauvaise qualité.,2,Negative
Ecouteurs Bluetooth,"Moyen, j'attendais un peu mieux.",3,Neutral
Support PC Portable,Design élégant et robuste.,5,Positive
Ecouteurs Bluetooth,"Super produit, rien à dire.",4,Positive
Enceinte Connectée,"Arrivé dans les temps, emballage sommaire.",3,Neutral
Casque Audio Noise Cancelling,Une perte de temps et d'argent.,2,Negative
Webcam HD 1080p,Excellent rapport qualité-prix.,5,Positive
Ecouteurs Bluetooth,Expédition rapide et soignée.,4,Positive
Webcam HD 1080p,Excellent rapport qualité-prix.,5,Positive
Enceinte Connectée,"C'est une arnaque, passez votre chemin.",2,Negative
Clavier Gamer RGB,Un peu déçu par la finition mais ça fonctionne.,3,Neutral
Support PC Portable,Le SAV est inexistant.,1,Negative
Cable USB-C Charge Rapide,"Super produit, rien à dire.",4,Positive
Ecouteurs Bluetooth,C'est un excellent produit !,4,Positive
Webcam HD 1080p,Fonctionne parfaitement bien.,5,Positive
Ecran 4K 27 pouces,Les performances sont impressionnantes.,4,Positive
Support PC Portable,Fonctionne parfaitement bien.,4,Positive
Webcam HD 1080p,Je ne recommande pas ce produit.,2,Negative
Cable USB-C Charge Rapide,Expédition rapide et soignée.,4,Positive
Ecran 4K 27 pouces,"Arrivé dans les temps, emballage sommaire.",3,Neutral
Support PC Portable,Je recommande vivement cet article.,4,Positive
Souris Sans Fil,Les performances sont impressionnantes.,4,Positive
Souris Sans Fil,"Super produit, rien à dire.",5,Positive
Souris Sans Fil,"Super produit, rien à dire.",4,Positive
Souris Sans Fil,Je recommande vivement cet article.,4,Positive
Clavier Gamer RGB,Fonctionne parfaitement bien.,4,Positive
Souris Sans Fil,La qualité est au rendez-vous.,5,Positive
Ecran 4K 27 pouces,Ne fonctionne pas du tout.,2,Negative
Webcam HD 1080p,Les performances sont impressionnantes.,4,Positive
Clavier Gamer RGB,"Conforme à la description, mais l'usage est limité.",3,Neutral
Tapis de Souris XXL,En panne après deux jours d'utilisation.,1,Negative
Cable USB-C Charge Rapide,Correct sans être exceptionnel.,3,Neutral
Casque Audio Noise Cancelling,Expédition rapide et soignée.,5,Positive
Casque Audio Noise Cancelling,Fonctionne parfaitement bien.,4,Positive
Enceinte Connectée,Très déçu par cet achat.,1,Negative
Clavier Gamer RGB,"Arrivé dans les temps, emballage sommaire.",3,Neutral
Cable USB-C Charge Rapide,La qualité est médiocre.,1,Negative
Souris Sans Fil,"Arrivé dans les temps, emballage sommaire.",3,Neutral
Souris Sans Fil,"C'est une arnaque, passez votre chemin.",2,Negative
Support PC Portable,Vraiment ravi de mon achat.,4,Positive
Casque Audio Noise Cancelling,Une perte de temps et d'argent.,1,Negative
Casque Audio Noise Cancelling,Très déçu par cet achat.,2,Negative
Support PC Portable,C'est un excellent produit !,5,Positive
Ecran 4K 27 pouces,Expédition rapide et soignée.,4,Positive
Webcam HD 1080p,La qualité est au rendez-vous.,5,Positive
Cable USB-C Charge Rapide,"Super produit, rien à dire.",4,Positive
Support PC Portable,"Pas mal du tout, malgré quelques petits défauts.",3,Neutral
Clavier Gamer RGB,Je recommande vivement cet article.,5,Positive
Clavier Gamer RGB,"Arrivé dans les temps, emballage sommaire.",3,Neutral
Support PC Portable,"Moyen, j'attendais un peu mieux.",3,Neutral
Enceinte Connectée,Excellent rapport qualité-prix.,5,Positive
Souris Sans Fil,Excellent rapport qualité-prix.,4,Positive
Souris Sans Fil,Fonctionne parfaitement bien.,4,Positive
Casque Audio Noise Cancelling,"Super produit, rien à dire.",5,Positive
Casque Audio Noise Cancelling,Une perte de temps et d'argent.,2,Negative
Ecouteurs Bluetooth,Je recommande vivement cet article.,5,Positive
Tapis de Souris XXL,Vraiment ravi de mon achat.,4,Positive
Enceinte Connectée,"Arrivé cassé, inadmissible.",2,Negative
Enceinte Connectée,Fait le job mais sans plus.,3,Neutral
Cable USB-C Charge Rapide,C'est un excellent produit !,5,Positive
Webcam HD 1080p,"Moyen, j'attendais un peu mieux.",3,Neutral
Tapis de Souris XXL,Les performances sont impressionnantes.,5,Positive
Ecran 4K 27 pouces,Excellent rapport qualité-prix.,5,Positive
Cable USB-C Charge Rapide,Fonctionne parfaitement bien.,4,Positive
Webcam HD 1080p,Vraiment ravi de mon achat.,5,Positive
Souris Sans Fil,"Super produit, rien à dire.",4,Positive
Ecouteurs Bluetooth,Très simple à installer.,5,Positive
Tapis de Souris XXL,C'est un excellent produit !,4,Positive
Ecouteurs Bluetooth,Excellent rapport qualité-prix.,5,Positive
Souris Sans Fil,Les performances sont impressionnantes.,4,Positive
Enceinte Connectée,"Pas mal du tout, malgré quelques petits défauts.",3,Neutral
Support PC Portable,Expédition rapide et soignée.,4,Positive
Casque Audio Noise Cancelling,"Conforme à la description, mais l'usage est limité.",3,Neutral
Ecouteurs Bluetooth,La qualité est médiocre.,1,Negative
Ecran 4K 27 pouces,C'est un excellent produit !,5,Positive
Tapis de Souris XXL,"Pas mal du tout, malgré quelques petits défauts.",3,Neutral
Ecouteurs Bluetooth,Excellent rapport qualité-prix.,4,Positive
Ecouteurs Bluetooth,Je ne recommande pas ce produit.,1,Negative
Webcam HD 1080p,"Arrivé dans les temps, emballage sommaire.",3,Neutral
Cable USB-C Charge Rapide,Excellent rapport qualité-prix.,5,Positive
Clavier Gamer RGB,"Moyen, j'attendais un peu mieux.",3,Neutral
Enceinte Connectée,Les performances sont impressionnantes.,5,Positive
Cable USB-C Charge Rapide,Fonctionne parfaitement bien.,5,Positive
Enceinte Connectée,Les performances sont impressionnantes.,4,Positive
Support PC Portable,Vraiment ravi de mon achat.,5,Positive
Clavier Gamer RGB,"Arrivé cassé, inadmissible.",1,Negative
Souris Sans Fil,Excellent rapport qualité-prix.,5,Positive
Souris Sans Fil,Expédition rapide et soignée.,5,Positive
Tapis de Souris XXL,Le SAV est inexistant.,2,Negative
Casque Audio Noise Cancelling,"C'est une arnaque, passez votre chemin.",2,Negative
Enceinte Connectée,En panne après deux jours d'utilisation.,2,Negative
Tapis de Souris XXL,Ne fonctionne pas du tout.,2,Negative
Souris Sans Fil,Je recommande vivement cet article.,5,Positive
Clavier Gamer RGB,Très simple à installer.,5,Positive
Support PC Portable,Très simple à installer.,5,Positive
Souris Sans Fil,Expédition rapide et soignée.,4,Positive
Ecouteurs Bluetooth,Je recommande vivement cet article.,5,Positive
Tapis de Souris XXL,Je recommande vivement cet article.,4,Positive
Cable USB-C Charge Rapide,Je recommande vivement cet article.,5,Positive
Clavier Gamer RGB,Fonctionne parfaitement bien.,4,Positive
Enceinte Connectée,C'est un excellent produit !,5,Positive
Enceinte Connectée,"Moyen, j'attendais un peu mieux.",3,Neutral
Support PC Portable,"C'est une arnaque, passez votre chemin.",1,Negative
Clavier Gamer RGB,Plastique de mauvaise qualité.,2,Negative
Clavier Gamer RGB,Je ne recommande pas ce produit.,2,Negative
Souris Sans Fil,Très déçu par cet achat.,2,Negative
Souris Sans Fil,C'est un excellent produit !,5,Positive
Enceinte Connectée,Un peu déçu par la finition mais ça fonctionne.,3,Neutral
Clavier Gamer RGB,Ne fonctionne pas du tout.,2,Negative
Ecran 4K 27 pouces,Les performances sont impressionnantes.,4,Positive
Casque Audio Noise Cancelling,"Conforme à la description, mais l'usage est limité.",3,Neutral
Webcam HD 1080p,La qualité est au rendez-vous.,5,Positive
Cable USB-C Charge Rapide,Très simple à installer.,4,Positive
Cable USB-C Charge Rapide,Excellent rapport qualité-prix.,5,Positive
Webcam HD 1080p,Je recommande vivement cet article.,4,Positive
Tapis de Souris XXL,Plastique de mauvaise qualité.,2,Negative
Tapis de Souris XXL,"Arrivé dans les temps, emballage sommaire.",3,Neutral
Support PC Portable,Les performances sont impressionnantes.,4,Positive
Tapis de Souris XXL,Les performances sont impressionnantes.,4,Positive
Cable USB-C Charge Rapide,"Moyen, j'attendais un peu mieux.",3,Neutral
Webcam HD 1080p,La qualité est médiocre.,1,Negative
Casque Audio Noise Cancelling,Je recommande vivement cet article.,5,Positive
Souris Sans Fil,Produit correct pour le prix.,3,Neutral
Ecran 4K 27 pouces,Le SAV est inexistant.,2,Negative
Webcam HD 1080p,En panne après deux jours d'utilisation.,1,Negative
Enceinte Connectée,Design élégant et robuste.,4,Positive
Ecran 4K 27 pouces,Très déçu par cet achat.,1,Negative
Ecran 4K 27 pouces,"Super produit, rien à dire.",5,Positive
Support PC Portable,Design élégant et robuste.,5,Positive
Tapis de Souris XXL,Fait le job mais sans plus.,3,Neutral
Cable USB-C Charge Rapide,Je recommande vivement cet article.,5,Positive
Enceinte Connectée,Un peu déçu par la finition mais ça fonctionne.,3,Neutral
Clavier Gamer RGB,Les performances sont impressionnantes.,4,Positive
Tapis de Souris XXL,"Arrivé dans les temps, emballage sommaire.",3,Neutral
Enceinte Connectée,Ne fonctionne pas du tout.,2,Negative
Webcam HD 1080p,"Super produit, rien à dire.",4,Positive
Ecran 4K 27 pouces,C'est un excellent produit !,5,Positive
Tapis de Souris XXL,"Arrivé dans les temps, emballage sommaire.",3,Neutral
Webcam HD 1080p,Correct sans être exceptionnel.,3,Neutral
Support PC Portable,Je recommande vivement cet article.,5,Positive
Enceinte Connectée,Fonctionne parfaitement bien.,5,Positive
Clavier Gamer RGB,Les performances sont impressionnantes.,4,Positive
Ecran 4K 27 pouces,Fait le job mais sans plus.,3,Neutral
Tapis de Souris XXL,Design élégant et robuste.,4,Positive
Enceinte Connectée,La qualité est au rendez-vous.,5,Positive
Casque Audio Noise Cancelling,"Arrivé cassé, inadmissible.",2,Negative
Cable USB-C Charge Rapide,Excellent rapport qualité-prix.,4,Positive
Souris Sans Fil,La qualité est au rendez-vous.,5,Positive
Ecran 4K 27 pouces,Fait le job mais sans plus.,3,Neutral
Support PC Portable,Produit correct pour le prix.,3,Neutral
Souris Sans Fil,"C'est une arnaque, passez votre chemin.",1,Negative
Webcam HD 1080p,Expédition rapide et soignée.,5,Positive
Cable USB-C Charge Rapide,Très déçu par cet achat.,2,Negative
Enceinte Connectée,Design élégant et robuste.,5,Positive
Webcam HD 1080p,Vraiment ravi de mon achat.,5,Positive
Support PC Portable,Expédition rapide et soignée.,5,Positive
Ecran 4K 27 pouces,Très simple à installer.,4,Positive
Enceinte Connectée,Produit correct pour le prix.,3,Neutral
Support PC Portable,"Conforme à la description, mais l'usage est limité.",3,Neutral
Enceinte Connectée,Expédition rapide et soignée.,4,Positive
Support PC Portable,"Pas mal du tout, malgré quelques petits défauts.",3,Neutral
Tapis de Souris XXL,La qualité est au rendez-vous.,5,Positive
Casque Audio Noise Cancelling,Le SAV est inexistant.,1,Negative
Cable USB-C Charge Rapide,Excellent rapport qualité-prix.,5,Positive
Ecran 4K 27 pouces,C'est un excellent produit !,4,Positive
Support PC Portable,Fonctionne parfaitement bien.,4,Positive
Webcam HD 1080p,La qualité est au rendez-vous.,4,Positive
Ecouteurs Bluetooth,En panne après deux jours d'utilisation.,1,Negative
Ecouteurs Bluetooth,La qualité est au rendez-vous.,4,Positive
Webcam HD 1080p,"Arrivé dans les temps, emballage sommaire.",3,Neutral
Ecouteurs Bluetooth,C'est un excellent produit !,4,Positive
Support PC Portable,Excellent rapport qualité-prix.,5,Positive
Webcam HD 1080p,C'est un excellent produit !,4,Positive
Support PC Portable,Design élégant et robuste.,4,Positive
Souris Sans Fil,Excellent rapport qualité-prix.,4,Positive
Enceinte Connectée,Un peu déçu par la finition mais ça fonctionne.,3,Neutral
Ecran 4K 27 pouces,"Super produit, rien à dire.",5,Positive
Cable USB-C Charge Rapide,"Conforme à la description, mais l'usage est limité.",3,Neutral
Clavier Gamer RGB,C'est un excellent produit !,5,Positive
Casque Audio Noise Cancelling,Très simple à installer.,5,Positive
Webcam HD 1080p,Fonctionne parfaitement bien.,4,Positive
Tapis de Souris XXL,C'est un excellent produit !,5,Positive
Support PC Portable,La qualité est au rendez-vous.,4,Positive
Ecran 4K 27 pouces,Expédition rapide et soignée.,5,Positive
Clavier Gamer RGB,"Moyen, j'attendais un peu mieux.",3,Neutral
Support PC Portable,Produit correct pour le prix.,3,Neutral
Tapis de Souris XXL,Très simple à installer.,4,Positive
Support PC Portable,Un peu déçu par la finition mais ça fonctionne.,3,Neutral
Enceinte Connectée,Je recommande vivement cet article.,5,Positive
Clavier Gamer RGB,Vraiment ravi de mon achat.,4,Positive
Ecouteurs Bluetooth,Design élégant et robuste.,5,Positive
Clavier Gamer RGB,Fait le job mais sans plus.,3,Neutral
Souris Sans Fil,Très déçu par cet achat.,2,Negative
Ecran 4K 27 pouces,Vraiment ravi de mon achat.,5,Positive
Tapis de Souris XXL,"Arrivé dans les temps, emballage sommaire.",3,Neutral
Enceinte Connectée,Produit correct pour le prix.,3,Neutral
Webcam HD 1080p,"Conforme à la description, mais l'usage est limité.",3,Neutral
Webcam HD 1080p,La qualité est au rendez-vous.,4,Positive
Ecran 4K 27 pouces,"Pas mal du tout, malgré quelques petits défauts.",3,Neutral
Cable USB-C Charge Rapide,Je recommande vivement cet article.,5,Positive
Casque Audio Noise Cancelling,Très déçu par cet achat.,2,Negative
Ecran 4K 27 pouces,Une perte de temps et d'argent.,2,Negative
Cable USB-C Charge Rapide,Une perte de temps et d'argent.,1,Negative
Ecran 4K 27 pouces,"C'est une arnaque, passez votre chemin.",2,Negative
Ecran 4K 27 pouces,Un peu déçu par la finition mais ça fonctionne.,3,Neutral
Ecouteurs Bluetooth,Expédition rapide et soignée.,5,Positive
Support PC Portable,Correct sans être exceptionnel.,3,Neutral
Webcam HD 1080p,"C'est une arnaque, passez votre chemin.",1,Negative
Ecran 4K 27 pouces,Très simple à installer.,5,Positive
Ecran 4K 27 pouces,Correct sans être exceptionnel.,3,Neutral
Webcam HD 1080p,Le SAV est inexistant.,2,Negative
Tapis de Souris XXL,La qualité est médiocre.,2,Negative
Ecran 4K 27 pouces,Vraiment ravi de mon achat.,5,Positive
Casque Audio Noise Cancelling,Ne fonctionne pas du tout.,2,Negative
Enceinte Connectée,Très simple à installer.,5,Positive
Ecran 4K 27 pouces,C'est un excellent produit !,5,Positive
Support PC Portable,Je ne recommande pas ce produit.,2,Negative
Casque Audio Noise Cancelling,Une perte de temps et d'argent.,2,Negative
Souris Sans Fil,"Moyen, j'attendais un peu mieux.",3,Neutral
Webcam HD 1080p,"Super produit, rien à dire.",5,Positive
Ecouteurs Bluetooth,Je ne recommande pas ce produit.,2,Negative
Webcam HD 1080p,Design élégant et robuste.,4,Positive
Clavier Gamer RGB,La qualité est au rendez-vous.,4,Positive
Ecouteurs Bluetooth,Excellent rapport qualité-prix.,4,Positive
Webcam HD 1080p,Vraiment ravi de mon achat.,5,Positive
Ecran 4K 27 pouces,"Pas mal du tout, malgré quelques petits défauts.",3,Neutral
Cable USB-C Charge Rapide,"Arrivé dans les temps, emballage sommaire.",3,Neutral
Clavier Gamer RGB,"Pas mal du tout, malgré quelques petits défauts.",3,Neutral
Enceinte Connectée,Design élégant et robuste.,5,Positive
Cable USB-C Charge Rapide,Les performances sont impressionnantes.,4,Positive
Souris Sans Fil,"Super produit, rien à dire.",5,Positive
Ecran 4K 27 pouces,La qualité est médiocre.,1,Negative
Casque Audio Noise Cancelling,Très déçu par cet achat.,2,Negative
Webcam HD 1080p,"Arrivé dans les temps, emballage sommaire.",3,Neutral
Souris Sans Fil,Excellent rapport qualité-prix.,4,Positive
Casque Audio Noise Cancelling,Les performances sont impressionnantes.,4,Positive
Casque Audio Noise Cancelling,Une perte de temps et d'argent.,2,Negative
Ecouteurs Bluetooth,Excellent rapport qualité-prix.,5,Positive
Ecran 4K 27 pouces,La qualité est au rendez-vous.,4,Positive
Souris Sans Fil,Je recommande vivement cet article.,4,Positive
Webcam HD 1080p,Vraiment ravi de mon achat.,4,Positive
Ecran 4K 27 pouces,"Arrivé dans les temps, emballage sommaire.",3,Neutral
Enceinte Connectée,Design élégant et robuste.,5,Positive
Tapis de Souris XXL,Produit correct pour le prix.,3,Neutral
Ecouteurs Bluetooth,Les performances sont impressionnantes.,5,Positive
Ecouteurs Bluetooth,Je recommande vivement cet article.,5,Positive
Casque Audio Noise Cancelling,C'est un excellent produit !,5,Positive
Webcam HD 1080p,Expédition rapide et soignée.,4,Positive
Ecouteurs Bluetooth,Expédition rapide et soignée.,5,Positive
Casque Audio Noise Cancelling,Une perte de temps et d'argent.,1,Negative
Clavier Gamer RGB,Fonctionne parfaitement bien.,5,Positive
Support PC Portable,"Arrivé dans les temps, emballage sommaire.",3,Neutral
Ecran 4K 27 pouces,"Super produit, rien à dire.",5,Positive
Casque Audio Noise Cancelling,En panne après deux jours d'utilisation.,2,Negative
Webcam HD 1080p,Correct sans être exceptionnel.,3,Neutral
Support PC Portable,"Arrivé dans les temps, emballage sommaire.",3,Neutral
Cable USB-C Charge Rapide,"Arrivé cassé, inadmissible.",2,Negative
Clavier Gamer RGB,C'est un excellent produit !,5,Positive
Souris Sans Fil,"Moyen, j'attendais un peu mieux.",3,Neutral
Tapis de Souris XXL,Je recommande vivement cet article.,4,Positive
Cable USB-C Charge Rapide,Le SAV est inexistant.,2,Negative
Casque Audio Noise Cancelling,Très simple à installer.,4,Positive
Enceinte Connectée,Je recommande vivement cet article.,4,Positive
Support PC Portable,Un peu déçu par la finition mais ça fonctionne.,3,Neutral
Ecouteurs Bluetooth,Je recommande vivement cet article.,5,Positive
Casque Audio Noise Cancelling,Fait le job mais sans plus.,3,Neutral
Tapis de Souris XXL,"Pas mal du tout, malgré quelques petits défauts.",3,Neutral
Webcam HD 1080p,En panne après deux jours d'utilisation.,1,Negative
Ecouteurs Bluetooth,Très simple à installer.,5,Positive
Enceinte Connectée,Fonctionne parfaitement bien.,5,Positive
Ecouteurs Bluetooth,Je recommande vivement cet article.,4,Positive
Clavier Gamer RGB,Fonctionne parfaitement bien.,5,Positive
Support PC Portable,Excellent rapport qualité-prix.,5,Positive
Ecouteurs Bluetooth,Très simple à installer.,4,Positive
Tapis de Souris XXL,Vraiment ravi de mon achat.,4,Positive
Enceinte Connectée,Vraiment ravi de mon achat.,4,Positive
Cable USB-C Charge Rapide,Expédition rapide et soignée.,4,Positive
Ecouteurs Bluetooth,Plastique de mauvaise qualité.,2,Negative
Casque Audio Noise Cancelling,La qualité est au rendez-vous.,5,Positive
Ecouteurs Bluetooth,"C'est une arnaque, passez votre chemin.",1,Negative
Enceinte Connectée,Vraiment ravi de mon achat.,5,Positive
Clavier Gamer RGB,"Arrivé dans les temps, emballage sommaire.",3,Neutral
Enceinte Connectée,La qualité est au rendez-vous.,5,Positive
Tapis de Souris XXL,Produit correct pour le prix.,3,Neutral
Casque Audio Noise Cancelling,Produit correct pour le prix.,3,Neutral
Souris Sans Fil,Plastique de mauvaise qualité.,1,Negative
Ecouteurs Bluetooth,La qualité est au rendez-vous.,5,Positive
Ecran 4K 27 pouces,C'est un excellent produit !,4,Positive
Souris Sans Fil,Très simple à installer.,4,Positive
Casque Audio Noise Cancelling,Très déçu par cet achat.,2,Negative
Tapis de Souris XXL,La qualité est médiocre.,1,Negative
Cable USB-C Charge Rapide,Fait le job mais sans plus.,3,Neutral
Cable USB-C Charge Rapide,Produit correct pour le prix.,3,Neutral
Casque Audio Noise Cancelling,Vraiment ravi de mon achat.,4,Positive
Tapis de Souris XXL,Les performances sont impressionnantes.,5,Positive
Webcam HD 1080p,Excellent rapport qualité-prix.,4,Positive
Casque Audio Noise Cancelling,Le SAV est inexistant.,1,Negative
Souris Sans Fil,Je recommande vivement cet article.,4,Positive
Clavier Gamer RGB,Fonctionne parfaitement bien.,5,Positive
Webcam HD 1080p,C'est un excellent produit !,4,Positive
Tapis de Souris XXL,Vraiment ravi de mon achat.,4,Positive
Webcam HD 1080p,Fait le job mais sans plus.,3,Neutral
Ecouteurs Bluetooth,"Pas mal du tout, malgré quelques petits défauts.",3,Neutral
Enceinte Connectée,Les performances sont impressionnantes.,4,Positive
Ecouteurs Bluetooth,Expédition rapide et soignée.,4,Positive
Souris Sans Fil,Fonctionne parfaitement bien.,4,Positive
Souris Sans Fil,Expédition rapide et soignée.,5,Positive
Casque Audio Noise Cancelling,"Moyen, j'attendais un peu mieux.",3,Neutral
Souris Sans Fil,Très simple à installer.,4,Positive
Casque Audio Noise Cancelling,Les performances sont impressionnantes.,5,Positive
Support PC Portable,La qualité est au rendez-vous.,4,Positive
Cable USB-C Charge Rapide,Excellent rapport qualité-prix.,5,Positive
Ecran 4K 27 pouces,Les performances sont impressionnantes.,4,Positive
Tapis de Souris XXL,"Super produit, rien à dire.",5,Positive
Support PC Portable,Un peu déçu par la finition mais ça fonctionne.,3,Neutral
Cable USB-C Charge Rapide,"Moyen, j'attendais un peu mieux.",3,Neutral
Souris Sans Fil,Un peu déçu par la finition mais ça fonctionne.,3,Neutral
Tapis de Souris XXL,Expédition rapide et soignée.,4,Positive
Souris Sans Fil,En panne après deux jours d'utilisation.,2,Negative
Tapis de Souris XXL,Je recommande vivement cet article.,4,Positive
Support PC Portable,"Arrivé dans les temps, emballage sommaire.",3,Neutral
Souris Sans Fil,"Super produit, rien à dire.",4,Positive
Enceinte Connectée,Excellent rapport qualité-prix.,5,Positive
Cable USB-C Charge Rapide,Expédition rapide et soignée.,5,Positive
Ecran 4K 27 pouces,La qualité est au rendez-vous.,5,Positive
Cable USB-C Charge Rapide,Une perte de temps et d'argent.,2,Negative
Casque Audio Noise Cancelling,Un peu déçu par la finition mais ça fonctionne.,3,Neutral
Tapis de Souris XXL,La qualité est au rendez-vous.,5,Positive
Webcam HD 1080p,Fonctionne parfaitement bien.,5,Positive
Souris Sans Fil,Design élégant et robuste.,5,Positive
Webcam HD 1080p,Expédition rapide et soignée.,4,Positive
Support PC Portable,"Super produit, rien à dire.",5,Positive
Casque Audio Noise Cancelling,En panne après deux jours d'utilisation.,1,Negative
Cable USB-C Charge Rapide,Excellent rapport qualité-prix.,5,Positive
Enceinte Connectée,Fonctionne parfaitement bien.,5,Positive
Webcam HD 1080p,Excellent rapport qualité-prix.,4,Positive
Enceinte Connectée,Les performances sont impressionnantes.,5,Positive
Ecran 4K 27 pouces,Fait le job mais sans plus.,3,Neutral
Casque Audio Noise Cancelling,"Super produit, rien à dire.",4,Positive
Enceinte Connectée,Très simple à installer.,5,Positive
Ecran 4K 27 pouces,Fait le job mais sans plus.,3,Neutral
Clavier Gamer RGB,Fonctionne parfaitement bien.,5,Positive
Support PC Portable,Design élégant et robuste.,4,Positive
Souris Sans Fil,Produit correct pour le prix.,3,Neutral
Ecouteurs Bluetooth,Design élégant et robuste.,5,Positive
Enceinte Connectée,Le SAV est inexistant.,1,Negative
Souris Sans Fil,Les performances sont impressionnantes.,5,Positive
Ecran 4K 27 pouces,Je recommande vivement cet article.,4,Positive
Casque Audio Noise Cancelling,"Pas mal du tout, malgré quelques petits défauts.",3,Neutral
Support PC Portable,"Super produit, rien à dire.",5,Positive
Cable USB-C Charge Rapide,Une perte de temps et d'argent.,1,Negative
Cable USB-C Charge Rapide,Fonctionne parfaitement bien.,5,Positive
Ecran 4K 27 pouces,La qualité est au rendez-vous.,5,Positive
Webcam HD 1080p,Très déçu par cet achat.,2,Negative
Ecran 4K 27 pouces,Très simple à installer.,5,Positive
Ecouteurs Bluetooth,La qualité est médiocre.,1,Negative
Casque Audio Noise Cancelling,"Arrivé dans les temps, emballage sommaire.",3,Neutral
Cable USB-C Charge Rapide,Les performances sont impressionnantes.,4,Positive
Casque Audio Noise Cancelling,Excellent rapport qualité-prix.,4,Positive
Enceinte Connectée,Fonctionne parfaitement bien.,5,Positive
Webcam HD 1080p,Excellent rapport qualité-prix.,4,Positive
Ecouteurs Bluetooth,Vraiment ravi de mon achat.,4,Positive
Casque Audio Noise Cancelling,Un peu déçu par la finition mais ça fonctionne.,3,Neutral
Webcam HD 1080p,Produit correct pour le prix.,3,Neutral
Ecouteurs Bluetooth,Je recommande vivement cet article.,4,Positive
Cable USB-C Charge Rapide,Design élégant et robuste.,5,Positive
Ecran 4K 27 pouces,Le SAV est inexistant.,2,Negative
Ecouteurs Bluetooth,Vraiment ravi de mon achat.,5,Positive
Clavier Gamer RGB,"C'est une arnaque, passez votre chemin.",2,Negative
Webcam HD 1080p,Je recommande vivement cet article.,4,Positive
Enceinte Connectée,C'est un excellent produit !,5,Positive
Cable USB-C Charge Rapide,C'est un excellent produit !,4,Positive
Clavier Gamer RGB,Très déçu par cet achat.,1,Negative
Souris Sans Fil,Excellent rapport qualité-prix.,5,Positive
Ecouteurs Bluetooth,Vraiment ravi de mon achat.,4,Positive
Webcam HD 1080p,Un peu déçu par la finition mais ça fonctionne.,3,Neutral
Cable USB-C Charge Rapide,Je recommande vivement cet article.,4,Positive
Enceinte Connectée,Je ne recommande pas ce produit.,2,Negative
Enceinte Connectée,C'est un excellent produit !,4,Positive
Ecran 4K 27 pouces,Excellent rapport qualité-prix.,4,Positive
Clavier Gamer RGB,Fait le job mais sans plus.,3,Neutral
Support PC Portable,Plastique de mauvaise qualité.,1,Negative
Enceinte Connectée,Expédition rapide et soignée.,4,Positive
Support PC Portable,Design élégant et robuste.,4,Positive
Ecouteurs Bluetooth,Vraiment ravi de mon achat.,4,Positive
Webcam HD 1080p,Produit correct pour le prix.,3,Neutral
Souris Sans Fil,"Super produit, rien à dire.",5,Positive
Clavier Gamer RGB,Je recommande vivement cet article.,4,Positive
Ecouteurs Bluetooth,"Super produit, rien à dire.",5,Positive
Cable USB-C Charge Rapide,Vraiment ravi de mon achat.,5,Positive
Webcam HD 1080p,Design élégant et robuste.,5,Positive
Enceinte Connectée,Je recommande vivement cet article.,5,Positive
Casque Audio Noise Cancelling,Fonctionne parfaitement bien.,4,Positive
Enceinte Connectée,Fait le job mais sans plus.,3,Neutral
Clavier Gamer RGB,Je ne recommande pas ce produit.,2,Negative
Webcam HD 1080p,Ne fonctionne pas du tout.,2,Negative
Webcam HD 1080p,Plastique de mauvaise qualité.,1,Negative
Souris Sans Fil,C'est un excellent produit !,5,Positive
Ecouteurs Bluetooth,Fait le job mais sans plus.,3,Neutral
Tapis de Souris XXL,Excellent rapport qualité-prix.,4,Positive
Webcam HD 1080p,Correct sans être exceptionnel.,3,Neutral
Casque Audio Noise Cancelling,Expédition rapide et soignée.,5,Positive
Tapis de Souris XXL,La qualité est au rendez-vous.,5,Positive
Support PC Portable,Fait le job mais sans plus.,3,Neutral
Clavier Gamer RGB,Je recommande vivement cet article.,5,Positive
Support PC Portable,Fait le job mais sans plus.,3,Neutral
Support PC Portable,Très simple à installer.,5,Positive
Enceinte Connectée,Une perte de temps et d'argent.,2,Negative
Casque Audio Noise Cancelling,Un peu déçu par la finition mais ça fonctionne.,3,Neutral
Clavier Gamer RGB,Les performances sont impressionnantes.,4,Positive
Tapis de Souris XXL,"Super produit, rien à dire.",5,Positive
Casque Audio Noise Cancelling,Très simple à installer.,5,Positive
Cable USB-C Charge Rapide,"C'est une arnaque, passez votre chemin.",1,Negative
Ecouteurs Bluetooth,Excellent rapport qualité-prix.,5,Positive
Souris Sans Fil,"Moyen, j'attendais un peu mieux.",3,Neutral
Casque Audio Noise Cancelling,Excellent rapport qualité-prix.,5,Positive
Clavier Gamer RGB,Vraiment ravi de mon achat.,4,Positive
Cable USB-C Charge Rapide,Ne fonctionne pas du tout.,2,Negative
Ecran 4K 27 pouces,Très simple à installer.,5,Positive
Casque Audio Noise Cancelling,Très déçu par cet achat.,2,Negative
Enceinte Connectée,C'est un excellent produit !,4,Positive
Clavier Gamer RGB,Une perte de temps et d'argent.,2,Negative
Enceinte Connectée,Vraiment ravi de mon achat.,5,Positive
Support PC Portable,C'est un excellent produit !,4,Positive
Support PC Portable,Très simple à installer.,4,Positive
Ecouteurs Bluetooth,La qualité est au rendez-vous.,4,Positive
Ecran 4K 27 pouces,La qualité est au rendez-vous.,4,Positive
Souris Sans Fil,C'est un excellent produit !,5,Positive
Enceinte Connectée,La qualité est au rendez-vous.,5,Positive
Enceinte Connectée,C'est un excellent produit !,5,Positive
Clavier Gamer RGB,Très simple à installer.,4,Positive
Cable USB-C Charge Rapide,Fonctionne parfaitement bien.,4,Positive
Tapis de Souris XXL,Ne fonctionne pas du tout.,1,Negative
Ecran 4K 27 pouces,Expédition rapide et soignée.,4,Positive
Ecran 4K 27 pouces,La qualité est au rendez-vous.,5,Positive
Souris Sans Fil,Correct sans être exceptionnel.,3,Neutral
Clavier Gamer RGB,"Arrivé dans les temps, emballage sommaire.",3,Neutral
Cable USB-C Charge Rapide,Design élégant et robuste.,5,Positive
Enceinte Connectée,Le SAV est inexistant.,2,Negative
Ecran 4K 27 pouces,Vraiment ravi de mon achat.,4,Positive
Clavier Gamer RGB,"Arrivé cassé, inadmissible.",1,Negative
Cable USB-C Charge Rapide,Plastique de mauvaise qualité.,2,Negative
Cable USB-C Charge Rapide,La qualité est au rendez-vous.,5,Positive
Enceinte Connectée,Fait le job mais sans plus.,3,Neutral
Cable USB-C Charge Rapide,Design élégant et robuste.,5,Positive
Cable USB-C Charge Rapide,Correct sans être exceptionnel.,3,Neutral
Enceinte Connectée,"Super produit, rien à dire.",4,Positive
Enceinte Connectée,Un peu déçu par la finition mais ça fonctionne.,3,Neutral
Clavier Gamer RGB,Design élégant et robuste.,5,Positive
Enceinte Connectée,Produit correct pour le prix.,3,Neutral
Ecran 4K 27 pouces,"Super produit, rien à dire.",4,Positive
Souris Sans Fil,Je recommande vivement cet article.,5,Positive
Ecran 4K 27 pouces,"Arrivé cassé, inadmissible.",2,Negative
Webcam HD 1080p,Très simple à installer.,5,Positive
Tapis de Souris XXL,En panne après deux jours d'utilisation.,2,Negative
Webcam HD 1080p,Très simple à installer.,4,Positive
Cable USB-C Charge Rapide,Excellent rapport qualité-prix.,4,Positive
Webcam HD 1080p,Je ne recommande pas ce produit.,1,Negative
Tapis de Souris XXL,Très déçu par cet achat.,2,Negative
Casque Audio Noise Cancelling,Excellent rapport qualité-prix.,4,Positive
Tapis de Souris XXL,Fonctionne parfaitement bien.,4,Positive
Support PC Portable,"Moyen, j'attendais un peu mieux.",3,Neutral
Support PC Portable,Une perte de temps et d'argent.,1,Negative
Tapis de Souris XXL,Vraiment ravi de mon achat.,5,Positive
Ecran 4K 27 pouces,Je recommande vivement cet article.,4,Positive
Webcam HD 1080p,La qualité est médiocre.,1,Negative
Tapis de Souris XXL,Très simple à installer.,4,Positive
Cable USB-C Charge Rapide,Les performances sont impressionnantes.,5,Positive
Webcam HD 1080p,Je recommande vivement cet article.,5,Positive
Cable USB-C Charge Rapide,La qualité est au rendez-vous.,5,Positive
Tapis de Souris XXL,Le SAV est inexistant.,1,Negative
Cable USB-C Charge Rapide,Un peu déçu par la finition mais ça fonctionne.,3,Neutral
Souris Sans Fil,Plastique de mauvaise qualité.,1,Negative
Cable USB-C Charge Rapide,Je recommande vivement cet article.,4,Positive
Ecouteurs Bluetooth,Je recommande vivement cet article.,4,Positive
Ecouteurs Bluetooth,"Moyen, j'attendais un peu mieux.",3,Neutral
Ecran 4K 27 pouces,"Arrivé cassé, inadmissible.",2,Negative
Ecouteurs Bluetooth,Expédition rapide et soignée.,5,Positive
Support PC Portable,Excellent rapport qualité-prix.,4,Positive
Souris Sans Fil,Très déçu par cet achat.,2,Negative
Souris Sans Fil,Design élégant et robuste.,5,Positive
Clavier Gamer RGB,Fonctionne parfaitement bien.,4,Positive
Souris Sans Fil,"Moyen, j'attendais un peu mieux.",3,Neutral
Webcam HD 1080p,Fonctionne parfaitement bien.,4,Positive
Ecouteurs Bluetooth,Très simple à installer.,4,Positive
Casque Audio Noise Cancelling,C'est un excellent produit !,5,Positive
Souris Sans Fil,"Arrivé dans les temps, emballage sommaire.",3,Neutral
Souris Sans Fil,"C'est une arnaque, passez votre chemin.",1,Negative
Souris Sans Fil,La qualité est au rendez-vous.,5,Positive
Webcam HD 1080p,C'est un excellent produit !,4,Positive
Cable USB-C Charge Rapide,Très simple à installer.,5,Positive
Souris Sans Fil,Plastique de mauvaise qualité.,2,Negative
Webcam HD 1080p,Excellent rapport qualité-prix.,5,Positive
Webcam HD 1080p,Excellent rapport qualité-prix.,4,Positive
Ecran 4K 27 pouces,Très déçu par cet achat.,2,Negative
Ecran 4K 27 pouces,Les performances sont impressionnantes.,4,Positive
Souris Sans Fil,Très simple à installer.,5,Positive
Tapis de Souris XXL,C'est un excellent produit !,4,Positive
Casque Audio Noise Cancelling,Vraiment ravi de mon achat.,4,Positive
Webcam HD 1080p,Fonctionne parfaitement bien.,4,Positive
Tapis de Souris XXL,"Conforme à la description, mais l'usage est limité.",3,Neutral
Webcam HD 1080p,C'est un excellent produit !,4,Positive
Clavier Gamer RGB,Correct sans être exceptionnel.,3,Neutral
Webcam HD 1080p,"Arrivé dans les temps, emballage sommaire.",3,Neutral
Ecouteurs Bluetooth,Expédition rapide et soignée.,4,Positive
Casque Audio Noise Cancelling,"Pas mal du tout, malgré quelques petits défauts.",3,Neutral
Support PC Portable,Expédition rapide et soignée.,5,Positive
Webcam HD 1080p,Les performances sont impressionnantes.,5,Positive
Webcam HD 1080p,Plastique de mauvaise qualité.,1,Negative
Clavier Gamer RGB,Fonctionne parfaitement bien.,5,Positive
Souris Sans Fil,Fait le job mais sans plus.,3,Neutral
Casque Audio Noise Cancelling,"Conforme à la description, mais l'usage est limité.",3,Neutral
Support PC Portable,Je ne recommande pas ce produit.,1,Negative
Tapis de Souris XXL,Je recommande vivement cet article.,5,Positive
Ecran 4K 27 pouces,Les performances sont impressionnantes.,4,Positive
Cable USB-C Charge Rapide,Plastique de mauvaise qualité.,2,Negative
Webcam HD 1080p,Fait le job mais sans plus.,3,Neutral
Ecouteurs Bluetooth,"Conforme à la description, mais l'usage est limité.",3,Neutral
Casque Audio Noise Cancelling,En panne après deux jours d'utilisation.,2,Negative
Clavier Gamer RGB,"Super produit, rien à dire.",5,Positive
Casque Audio Noise Cancelling,Les performances sont impressionnantes.,4,Positive
Souris Sans Fil,Design élégant et robuste.,5,Positive
Enceinte Connectée,Les performances sont impressionnantes.,4,Positive
Clavier Gamer RGB,Vraiment ravi de mon achat.,4,Positive
Ecouteurs Bluetooth,C'est un excellent produit !,5,Positive
Casque Audio Noise Cancelling,"Conforme à la description, mais l'usage est limité.",3,Neutral
Casque Audio Noise Cancelling,La qualité est au rendez-vous.,4,Positive
Souris Sans Fil,Vraiment ravi de mon achat.,5,Positive
Enceinte Connectée,Vraiment ravi de mon achat.,4,Positive
Souris Sans Fil,"Super produit, rien à dire.",5,Positive
Enceinte Connectée,Design élégant et robuste.,4,Positive
Ecouteurs Bluetooth,Les performances sont impressionnantes.,4,Positive
Cable USB-C Charge Rapide,C'est un excellent produit !,4,Positive
Ecran 4K 27 pouces,Fonctionne parfaitement bien.,5,Positive
Webcam HD 1080p,Correct sans être exceptionnel.,3,Neutral
Ecran 4K 27 pouces,Fait le job mais sans plus.,3,Neutral
Ecran 4K 27 pouces,Expédition rapide et soignée.,5,Positive
Webcam HD 1080p,"Arrivé dans les temps, emballage sommaire.",3,Neutral
Casque Audio Noise Cancelling,Correct sans être exceptionnel.,3,Neutral
Support PC Portable,"Pas mal du tout, malgré quelques petits défauts.",3,Neutral
Ecouteurs Bluetooth,"Super produit, rien à dire.",4,Positive
Support PC Portable,Expédition rapide et soignée.,4,Positive
Ecran 4K 27 pouces,Très déçu par cet achat.,1,Negative
Ecouteurs Bluetooth,"Super produit, rien à dire.",5,Positive
Clavier Gamer RGB,La qualité est médiocre.,2,Negative
Casque Audio Noise Cancelling,Excellent rapport qualité-prix.,4,Positive
Support PC Portable,En panne après deux jours d'utilisation.,1,Negative
Ecouteurs Bluetooth,La qualité est médiocre.,2,Negative
Cable USB-C Charge Rapide,Fonctionne parfaitement bien.,5,Positive
Ecran 4K 27 pouces,"Super produit, rien à dire.",5,Positive
Casque Audio Noise Cancelling,Les performances sont impressionnantes.,5,Positive
Support PC Portable,Le SAV est inexistant.,2,Negative
Support PC Portable,La qualité est au rendez-vous.,5,Positive
Souris Sans Fil,Expédition rapide et soignée.,5,Positive
Ecouteurs Bluetooth,"Super produit, rien à dire.",5,Positive
Souris Sans Fil,Les performances sont impressionnantes.,5,Positive
Souris Sans Fil,En panne après deux jours d'utilisation.,2,Negative
Casque Audio Noise Cancelling,Vraiment ravi de mon achat.,5,Positive
Souris Sans Fil,Une perte de temps et d'argent.,1,Negative
Souris Sans Fil,"Arrivé dans les temps, emballage sommaire.",3,Neutral
Support PC Portable,Expédition rapide et soignée.,4,Positive
Clavier Gamer RGB,Un peu déçu par la finition mais ça fonctionne.,3,Neutral
Cable USB-C Charge Rapide,"Pas mal du tout, malgré quelques petits défauts.",3,Neutral
Souris Sans Fil,Je recommande vivement cet article.,4,Positive
Casque Audio Noise Cancelling,Très déçu par cet achat.,2,Negative
Souris Sans Fil,Je recommande vivement cet article.,4,Positive
Support PC Portable,Je recommande vivement cet article.,4,Positive
Tapis de Souris XXL,La qualité est médiocre.,2,Negative
Tapis de Souris XXL,"Super produit, rien à dire.",5,Positive
Clavier Gamer RGB,Fonctionne parfaitement bien.,4,Positive
Webcam HD 1080p,Je recommande vivement cet article.,4,Positive
Support PC Portable,Fonctionne parfaitement bien.,4,Positive
Ecran 4K 27 pouces,C'est un excellent produit !,4,Positive
Webcam HD 1080p,"Pas mal du tout, malgré quelques petits défauts.",3,Neutral
Tapis de Souris XXL,Design élégant et robuste.,5,Positive
Casque Audio Noise Cancelling,"Conforme à la description, mais l'usage est limité.",3,Neutral
Clavier Gamer RGB,"Super produit, rien à dire.",5,Positive
Ecran 4K 27 pouces,"Arrivé dans les temps, emballage sommaire.",3,Neutral
Ecran 4K 27 pouces,La qualité est au rendez-vous.,4,Positive
Souris Sans Fil,"Super produit, rien à dire.",4,Positive
Enceinte Connectée,La qualité est au rendez-vous.,5,Positive
Casque Audio Noise Cancelling,Plastique de mauvaise qualité.,1,Negative
Ecran 4K 27 pouces,"Super produit, rien à dire.",5,Positive
Webcam HD 1080p,Très simple à installer.,4,Positive
Webcam HD 1080p,Fonctionne parfaitement bien.,4,Positive
Casque Audio Noise Cancelling,"Super produit, rien à dire.",5,Positive
Cable USB-C Charge Rapide,"Pas mal du tout, malgré quelques petits défauts.",3,Neutral
Casque Audio Noise Cancelling,Très déçu par cet achat.,1,Negative
Enceinte Connectée,Je ne recommande pas ce produit.,2,Negative
Webcam HD 1080p,Produit correct pour le prix.,3,Neutral
Ecouteurs Bluetooth,Je ne recommande pas ce produit.,1,Negative
Webcam HD 1080p,Les performances sont impressionnantes.,4,Positive
Ecran 4K 27 pouces,Vraiment ravi de mon achat.,4,Positive
Ecouteurs Bluetooth,Une perte de temps et d'argent.,2,Negative
Ecouteurs Bluetooth,Très simple à installer.,4,Positive
Clavier Gamer RGB,Je recommande vivement cet article.,4,Positive
Cable USB-C Charge Rapide,Produit correct pour le prix.,3,Neutral
Cable USB-C Charge Rapide,Vraiment ravi de mon achat.,4,Positive
Tapis de Souris XXL,Vraiment ravi de mon achat.,5,Positive
Ecran 4K 27 pouces,Le SAV est inexistant.,1,Negative
Ecouteurs Bluetooth,Design élégant et robuste.,4,Positive
Cable USB-C Charge Rapide,Très simple à installer.,5,Positive
Clavier Gamer RGB,Vraiment ravi de mon achat.,4,Positive
Casque Audio Noise Cancelling,Excellent rapport qualité-prix.,5,Positive
Cable USB-C Charge Rapide,Design élégant et robuste.,5,Positive
Enceinte Connectée,Les performances sont impressionnantes.,4,Positive
Clavier Gamer RGB,"Super produit, rien à dire.",5,Positive
Ecouteurs Bluetooth,Design élégant et robuste.,4,Positive
Ecouteurs Bluetooth,Expédition rapide et soignée.,4,Positive
Enceinte Connectée,Le SAV est inexistant.,2,Negative
Casque Audio Noise Cancelling,Excellent rapport qualité-prix.,5,Positive
Support PC Portable,"Super produit, rien à dire.",4,Positive
Ecran 4K 27 pouces,Design élégant et robuste.,4,Positive
Clavier Gamer RGB,Produit correct pour le prix.,3,Neutral
Tapis de Souris XXL,En panne après deux jours d'utilisation.,1,Negative
Ecran 4K 27 pouces,Les performances sont impressionnantes.,4,Positive
Tapis de Souris XXL,La qualité est au rendez-vous.,5,Positive
Enceinte Connectée,Fonctionne parfaitement bien.,5,Positive
Ecran 4K 27 pouces,Je recommande vivement cet article.,4,Positive
Souris Sans Fil,Vraiment ravi de mon achat.,4,Positive
Support PC Portable,En panne après deux jours d'utilisation.,2,Negative
Enceinte Connectée,Très simple à installer.,5,Positive
Cable USB-C Charge Rapide,Le SAV est inexistant.,2,Negative
Support PC Portable,Un peu déçu par la finition mais ça fonctionne.,3,Neutral
Clavier Gamer RGB,Très déçu par cet achat.,1,Negative
Souris Sans Fil,"Moyen, j'attendais un peu mieux.",3,Neutral
Ecran 4K 27 pouces,La qualité est au rendez-vous.,5,Positive
Support PC Portable,"Arrivé dans les temps, emballage sommaire.",3,Neutral
Webcam HD 1080p,Je recommande vivement cet article.,4,Positive
Tapis de Souris XXL,C'est un excellent produit !,5,Positive
Souris Sans Fil,Je recommande vivement cet article.,5,Positive
Casque Audio Noise Cancelling,C'est un excellent produit !,4,Positive
Enceinte Connectée,C'est un excellent produit !,4,Positive
Enceinte Connectée,La qualité est médiocre.,2,Negative
Clavier Gamer RGB,Un peu déçu par la finition mais ça fonctionne.,3,Neutral
Enceinte Connectée,"C'est une arnaque, passez votre chemin.",1,Negative
Support PC Portable,Vraiment ravi de mon achat.,4,Positive
Enceinte Connectée,La qualité est au rendez-vous.,5,Positive
Support PC Portable,"Arrivé dans les temps, emballage sommaire.",3,Neutral
Ecran 4K 27 pouces,C'est un excellent produit !,4,Positive
Support PC Portable,Ne fonctionne pas du tout.,1,Negative
Clavier Gamer RGB,La qualité est médiocre.,2,Negative
Ecran 4K 27 pouces,Design élégant et robuste.,5,Positive
Ecran 4K 27 pouces,En panne après deux jours d'utilisation.,1,Negative
Support PC Portable,"C'est une arnaque, passez votre chemin.",2,Negative
Ecouteurs Bluetooth,"Arrivé dans les temps, emballage sommaire.",3,Neutral
Ecouteurs Bluetooth,"Conforme à la description, mais l'usage est limité.",3,Neutral
Ecouteurs Bluetooth,Expédition rapide et soignée.,5,Positive
Casque Audio Noise Cancelling,Excellent rapport qualité-prix.,5,Positive
Cable USB-C Charge Rapide,Très simple à installer.,5,Positive
Ecran 4K 27 pouces,C'est un excellent produit !,5,Positive
Clavier Gamer RGB,"Moyen, j'attendais un peu mieux.",3,Neutral
Souris Sans Fil,La qualité est au rendez-vous.,5,Positive
Casque Audio Noise Cancelling,"Moyen, j'attendais un peu mieux.",3,Neutral
Ecran 4K 27 pouces,Un peu déçu par la finition mais ça fonctionne.,3,Neutral
Souris Sans Fil,Les performances sont impressionnantes.,4,Positive
Ecouteurs Bluetooth,Un peu déçu par la finition mais ça fonctionne.,3,Neutral
Webcam HD 1080p,"Conforme à la description, mais l'usage est limité.",3,Neutral
Clavier Gamer RGB,Design élégant et robuste.,5,Positive
Ecran 4K 27 pouces,Expédition rapide et soignée.,4,Positive
Support PC Portable,Fait le job mais sans plus.,3,Neutral
Ecouteurs Bluetooth,Très déçu par cet achat.,2,Negative
Ecouteurs Bluetooth,La qualité est au rendez-vous.,5,Positive
Casque Audio Noise Cancelling,La qualité est au rendez-vous.,4,Positive
Casque Audio Noise Cancelling,"Super produit, rien à dire.",4,Positive
Cable USB-C Charge Rapide,"Arrivé cassé, inadmissible.",2,Negative
Support PC Portable,Plastique de mauvaise qualité.,1,Negative
Tapis de Souris XXL,Expédition rapide et soignée.,4,Positive
Support PC Portable,Ne fonctionne pas du tout.,1,Negative
Cable USB-C Charge Rapide,Les performances sont impressionnantes.,5,Positive
Ecouteurs Bluetooth,Plastique de mauvaise qualité.,2,Negative
Enceinte Connectée,Je ne recommande pas ce produit.,2,Negative
Ecran 4K 27 pouces,Plastique de mauvaise qualité.,1,Negative
Ecouteurs Bluetooth,La qualité est médiocre.,2,Negative
Casque Audio Noise Cancelling,Très simple à installer.,4,Positive
Souris Sans Fil,Je recommande vivement cet article.,5,Positive
Webcam HD 1080p,La qualité est médiocre.,2,Negative
Cable USB-C Charge Rapide,"Super produit, rien à dire.",4,Positive
Souris Sans Fil,"Super produit, rien à dire.",5,Positive
Clavier Gamer RGB,C'est un excellent produit !,5,Positive
Tapis de Souris XXL,Très simple à installer.,4,Positive
Tapis de Souris XXL,Design élégant et robuste.,4,Positive
Ecouteurs Bluetooth,C'est un excellent produit !,4,Positive
Ecran 4K 27 pouces,Une perte de temps et d'argent.,2,Negative
Ecran 4K 27 pouces,C'est un excellent produit !,4,Positive
Ecouteurs Bluetooth,Très déçu par cet achat.,1,Negative
Webcam HD 1080p,Vraiment ravi de mon achat.,4,Positive
Enceinte Connectée,C'est un excellent produit !,4,Positive
Cable USB-C Charge Rapide,La qualité est médiocre.,1,Negative
Enceinte Connectée,Un peu déçu par la finition mais ça fonctionne.,3,Neutral
Tapis de Souris XXL,"Pas mal du tout, malgré quelques petits défauts.",3,Neutral
Ecouteurs Bluetooth,Les performances sont impressionnantes.,4,Positive
Clavier Gamer RGB,Un peu déçu par la finition mais ça fonctionne.,3,Neutral
Clavier Gamer RGB,"C'est une arnaque, passez votre chemin.",1,Negative
Casque Audio Noise Cancelling,Excellent rapport qualité-prix.,4,Positive
Casque Audio Noise Cancelling,Très simple à installer.,4,Positive
Ecouteurs Bluetooth,"Super produit, rien à dire.",4,Positive
Casque Audio Noise Cancelling,Les performances sont impressionnantes.,5,Positive
Cable USB-C Charge Rapide,"Pas mal du tout, malgré quelques petits défauts.",3,Neutral
Support PC Portable,Plastique de mauvaise qualité.,2,Negative
Ecouteurs Bluetooth,Très déçu par cet achat.,1,Negative
Tapis de Souris XXL,Un peu déçu par la finition mais ça fonctionne.,3,Neutral
Ecran 4K 27 pouces,Design élégant et robuste.,5,Positive
Ecran 4K 27 pouces,"Pas mal du tout, malgré quelques petits défauts.",3,Neutral
Souris Sans Fil,Je recommande vivement cet article.,4,Positive
Souris Sans Fil,Un peu déçu par la finition mais ça fonctionne.,3,Neutral
Support PC Portable,Très déçu par cet achat.,2,Negative
Ecouteurs Bluetooth,Excellent rapport qualité-prix.,5,Positive
Support PC Portable,Fait le job mais sans plus.,3,Neutral
Enceinte Connectée,La qualité est au rendez-vous.,5,Positive
Enceinte Connectée,Excellent rapport qualité-prix.,4,Positive
Ecran 4K 27 pouces,C'est un excellent produit !,5,Positive
Ecouteurs Bluetooth,"Arrivé dans les temps, emballage sommaire.",3,Neutral
Souris Sans Fil,La qualité est au rendez-vous.,5,Positive
Webcam HD 1080p,Excellent rapport qualité-prix.,5,Positive
Casque Audio Noise Cancelling,Les performances sont impressionnantes.,4,Positive
Ecran 4K 27 pouces,Vraiment ravi de mon achat.,5,Positive
Casque Audio Noise Cancelling,La qualité est médiocre.,2,Negative
Souris Sans Fil,Design élégant et robuste.,4,Positive
Cable USB-C Charge Rapide,Expédition rapide et soignée.,4,Positive
Webcam HD 1080p,Expédition rapide et soignée.,4,Positive
Tapis de Souris XXL,"Conforme à la description, mais l'usage est limité.",3,Neutral
Support PC Portable,Les performances sont impressionnantes.,5,Positive
Support PC Portable,Très simple à installer.,4,Positive
Ecran 4K 27 pouces,Le SAV est inexistant.,2,Negative
Clavier Gamer RGB,Je recommande vivement cet article.,4,Positive
Ecouteurs Bluetooth,Fait le job mais sans plus.,3,Neutral
Casque Audio Noise Cancelling,Les performances sont impressionnantes.,4,Positive
Ecouteurs Bluetooth,"Arrivé cassé, inadmissible.",1,Negative
Tapis de Souris XXL,Ne fonctionne pas du tout.,2,Negative
Enceinte Connectée,"Super produit, rien à dire.",4,Positive
Ecouteurs Bluetooth,Le SAV est inexistant.,2,Negative
Casque Audio Noise Cancelling,C'est un excellent produit !,5,Positive
Clavier Gamer RGB,Correct sans être exceptionnel.,3,Neutral
Cable USB-C Charge Rapide,Très simple à installer.,4,Positive
Support PC Portable,Expédition rapide et soignée.,5,Positive
Support PC Portable,Très déçu par cet achat.,1,Negative
Souris Sans Fil,Vraiment ravi de mon achat.,4,Positive
Ecouteurs Bluetooth,Correct sans être exceptionnel.,3,Neutral
Tapis de Souris XXL,Fait le job mais sans plus.,3,Neutral
Enceinte Connectée,Design élégant et robuste.,4,Positive
Cable USB-C Charge Rapide,Excellent rapport qualité-prix.,4,Positive
Webcam HD 1080p,La qualité est au rendez-vous.,4,Positive
Ecran 4K 27 pouces,"Arrivé cassé, inadmissible.",2,Negative
Ecran 4K 27 pouces,Une perte de temps et d'argent.,1,Negative
Souris Sans Fil,"C'est une arnaque, passez votre chemin.",1,Negative
Ecran 4K 27 pouces,Je recommande vivement cet article.,4,Positive
Souris Sans Fil,La qualité est médiocre.,2,Negative
Cable USB-C Charge Rapide,"Conforme à la description, mais l'usage est limité.",3,Neutral
Tapis de Souris XXL,C'est un excellent produit !,5,Positive
Tapis de Souris XXL,"Super produit, rien à dire.",4,Positive
Cable USB-C Charge Rapide,Excellent rapport qualité-prix.,5,Positive
Support PC Portable,Très simple à installer.,5,Positive
Support PC Portable,"Moyen, j'attendais un peu mieux.",3,Neutral
Cable USB-C Charge Rapide,Fonctionne parfaitement bien.,5,Positive
Cable USB-C Charge Rapide,Je recommande vivement cet article.,4,Positive
Casque Audio Noise Cancelling,"Arrivé dans les temps, emballage sommaire.",3,Neutral
Tapis de Souris XXL,Je ne recommande pas ce produit.,1,Negative
Enceinte Connectée,Très simple à installer.,5,Positive
Ecran 4K 27 pouces,"Moyen, j'attendais un peu mieux.",3,Neutral
Enceinte Connectée,Une perte de temps et d'argent.,1,Negative
Support PC Portable,Je recommande vivement cet article.,5,Positive
Enceinte Connectée,C'est un excellent produit !,4,Positive
Support PC Portable,C'est un excellent produit !,5,Positive
Enceinte Connectée,Plastique de mauvaise qualité.,2,Negative
Souris Sans Fil,"Arrivé dans les temps, emballage sommaire.",3,Neutral
Webcam HD 1080p,Je recommande vivement cet article.,5,Positive
Ecran 4K 27 pouces,"Arrivé cassé, inadmissible.",2,Negative
Tapis de Souris XXL,En panne après deux jours d'utilisation.,1,Negative
Clavier Gamer RGB,"Pas mal du tout, malgré quelques petits défauts.",3,Neutral
Tapis de Souris XXL,"Moyen, j'attendais un peu mieux.",3,Neutral
Clavier Gamer RGB,Excellent rapport qualité-prix.,5,Positive
Support PC Portable,C'est un excellent produit !,4,Positive
Support PC Portable,Les performances sont impressionnantes.,4,Positive
Ecran 4K 27 pouces,Design élégant et robuste.,5,Positive
Ecran 4K 27 pouces,La qualité est médiocre.,2,Negative
Webcam HD 1080p,"Super produit, rien à dire.",5,Positive
Clavier Gamer RGB,Vraiment ravi de mon achat.,4,Positive
Casque Audio Noise Cancelling,Vraiment ravi de mon achat.,5,Positive
Tapis de Souris XXL,"Super produit, rien à dire.",4,Positive
Clavier Gamer RGB,C'est un excellent produit !,5,Positive
Souris Sans Fil,Je ne recommande pas ce produit.,1,Negative
Ecran 4K 27 pouces,La qualité est au rendez-vous.,4,Positive
Support PC Portable,Fonctionne parfaitement bien.,4,Positive
Support PC Portable,"Moyen, j'attendais un peu mieux.",3,Neutral
Ecran 4K 27 pouces,Vraiment ravi de mon achat.,4,Positive
Souris Sans Fil,Les performances sont impressionnantes.,5,Positive
Clavier Gamer RGB,Excellent rapport qualité-prix.,4,Positive
Tapis de Souris XXL,Je recommande vivement cet article.,5,Positive
Souris Sans Fil,La qualité est au rendez-vous.,5,Positive
Tapis de Souris XXL,Très simple à installer.,4,Positive
Tapis de Souris XXL,Très simple à installer.,4,Positive
Tapis de Souris XXL,Vraiment ravi de mon achat.,5,Positive
Cable USB-C Charge Rapide,"Arrivé dans les temps, emballage sommaire.",3,Neutral
Clavier Gamer RGB,Fait le job mais sans plus.,3,Neutral
Webcam HD 1080p,Vraiment ravi de mon achat.,4,Positive
Support PC Portable,"Pas mal du tout, malgré quelques petits défauts.",3,Neutral
Tapis de Souris XXL,Plastique de mauvaise qualité.,2,Negative
Support PC Portable,"Arrivé dans les temps, emballage sommaire.",3,Neutral
Souris Sans Fil,Excellent rapport qualité-prix.,4,Positive
Support PC Portable,Je recommande vivement cet article.,5,Positive
Casque Audio Noise Cancelling,Vraiment ravi de mon achat.,4,Positive
Tapis de Souris XXL,Une perte de temps et d'argent.,2,Negative
Souris Sans Fil,"Pas mal du tout, malgré quelques petits défauts.",3,Neutral
Ecouteurs Bluetooth,C'est un excellent produit !,5,Positive
Enceinte Connectée,Très simple à installer.,4,Positive
Support PC Portable,Les performances sont impressionnantes.,4,Positive
Webcam HD 1080p,"Arrivé cassé, inadmissible.",2,Negative
Ecran 4K 27 pouces,Fonctionne parfaitement bien.,5,Positive
Clavier Gamer RGB,Un peu déçu par la finition mais ça fonctionne.,3,Neutral
Webcam HD 1080p,Excellent rapport qualité-prix.,4,Positive
Support PC Portable,En panne après deux jours d'utilisation.,2,Negative
Clavier Gamer RGB,Correct sans être exceptionnel.,3,Neutral
Souris Sans Fil,"C'est une arnaque, passez votre chemin.",2,Negative
Ecran 4K 27 pouces,Fait le job mais sans plus.,3,Neutral
Souris Sans Fil,Je ne recommande pas ce produit.,1,Negative
Ecran 4K 27 pouces,Je ne recommande pas ce produit.,1,Negative
Enceinte Connectée,"Super produit, rien à dire.",4,Positive
Cable USB-C Charge Rapide,Produit correct pour le prix.,3,Neutral
Souris Sans Fil,Excellent rapport qualité-prix.,4,Positive
Cable USB-C Charge Rapide,Très simple à installer.,4,Positive
Souris Sans Fil,Un peu déçu par la finition mais ça fonctionne.,3,Neutral
Ecouteurs Bluetooth,Design élégant et robuste.,4,Positive
Tapis de Souris XXL,"Conforme à la description, mais l'usage est limité.",3,Neutral
Casque Audio Noise Cancelling,Vraiment ravi de mon achat.,4,Positive
Tapis de Souris XXL,Je recommande vivement cet article.,4,Positive
Cable USB-C Charge Rapide,Très simple à installer.,4,Positive
Ecran 4K 27 pouces,Un peu déçu par la finition mais ça fonctionne.,3,Neutral
Casque Audio Noise Cancelling,Plastique de mauvaise qualité.,2,Negative
Ecouteurs Bluetooth,"Arrivé cassé, inadmissible.",1,Negative
Support PC Portable,Expédition rapide et soignée.,4,Positive
Clavier Gamer RGB,"Super produit, rien à dire.",4,Positive
Support PC Portable,"Arrivé dans les temps, emballage sommaire.",3,Neutral
Tapis de Souris XXL,Plastique de mauvaise qualité.,2,Negative
Souris Sans Fil,La qualité est au rendez-vous.,5,Positive
Webcam HD 1080p,Très simple à installer.,4,Positive
Support PC Portable,La qualité est au rendez-vous.,4,Positive
Ecouteurs Bluetooth,Excellent rapport qualité-prix.,4,Positive
Webcam HD 1080p,"C'est une arnaque, passez votre chemin.",2,Negative
Ecran 4K 27 pouces,"Arrivé dans les temps, emballage sommaire.",3,Neutral
Support PC Portable,Expédition rapide et soignée.,4,Positive
Souris Sans Fil,Design élégant et robuste.,5,Positive
Clavier Gamer RGB,Expédition rapide et soignée.,5,Positive
Webcam HD 1080p,Fait le job mais sans plus.,3,Neutral
Tapis de Souris XXL,Je ne recommande pas ce produit.,1,Negative
Cable USB-C Charge Rapide,La qualité est au rendez-vous.,4,Positive
Clavier Gamer RGB,Très simple à installer.,5,Positive
Ecran 4K 27 pouces,Fonctionne parfaitement bien.,4,Positive
Cable USB-C Charge Rapide,Produit correct pour le prix.,3,Neutral
Souris Sans Fil,Design élégant et robuste.,5,Positive
Casque Audio Noise Cancelling,Je recommande vivement cet article.,4,Positive
Clavier Gamer RGB,Un peu déçu par la finition mais ça fonctionne.,3,Neutral
Cable USB-C Charge Rapide,"Super produit, rien à dire.",5,Positive
Tapis de Souris XXL,Très simple à installer.,4,Positive
Souris Sans Fil,Très simple à installer.,5,Positive
Enceinte Connectée,Fonctionne parfaitement bien.,4,Positive
Enceinte Connectée,"Conforme à la description, mais l'usage est limité.",3,Neutral
Souris Sans Fil,Vraiment ravi de mon achat.,5,Positive
Ecran 4K 27 pouces,C'est un excellent produit !,5,Positive
Ecouteurs Bluetooth,La qualité est au rendez-vous.,4,Positive
Clavier Gamer RGB,Expédition rapide et soignée.,4,Positive
Ecran 4K 27 pouces,"Super produit, rien à dire.",4,Positive
Ecouteurs Bluetooth,Le SAV est inexistant.,2,Negative
Ecouteurs Bluetooth,"Arrivé dans les temps, emballage sommaire.",3,Neutral
Ecran 4K 27 pouces,Fonctionne parfaitement bien.,4,Positive
Enceinte Connectée,"Super produit, rien à dire.",4,Positive
Support PC Portable,"Arrivé cassé, inadmissible.",2,Negative
Clavier Gamer RGB,"Super produit, rien à dire.",5,Positive
Support PC Portable,C'est un excellent produit !,4,Positive
Clavier Gamer RGB,Vraiment ravi de mon achat.,4,Positive
Cable USB-C Charge Rapide,Fait le job mais sans plus.,3,Neutral
Clavier Gamer RGB,"C'est une arnaque, passez votre chemin.",1,Negative
Ecouteurs Bluetooth,Très simple à installer.,5,Positive
Tapis de Souris XXL,Le SAV est inexistant.,1,Negative
Webcam HD 1080p,Fonctionne parfaitement bien.,4,Positive
Support PC Portable,Vraiment ravi de mon achat.,5,Positive
Ecouteurs Bluetooth,"Arrivé cassé, inadmissible.",1,Negative
Cable USB-C Charge Rapide,"Pas mal du tout, malgré quelques petits défauts.",3,Neutral
Tapis de Souris XXL,Excellent rapport qualité-prix.,5,Positive
Webcam HD 1080p,Expédition rapide et soignée.,5,Positive
Tapis de Souris XXL,Les performances sont impressionnantes.,4,Positive
Souris Sans Fil,Vraiment ravi de mon achat.,5,Positive
Ecran 4K 27 pouces,"Super produit, rien à dire.",4,Positive
Enceinte Connectée,Excellent rapport qualité-prix.,4,Positive
Ecran 4K 27 pouces,Vraiment ravi de mon achat.,5,Positive
Souris Sans Fil,"Arrivé dans les temps, emballage sommaire.",3,Neutral
Support PC Portable,Expédition rapide et soignée.,4,Positive
Tapis de Souris XXL,Vraiment ravi de mon achat.,5,Positive
Ecran 4K 27 pouces,Je recommande vivement cet article.,5,Positive
Clavier Gamer RGB,Fonctionne parfaitement bien.,4,Positive
Cable USB-C Charge Rapide,Fait le job mais sans plus.,3,Neutral
Cable USB-C Charge Rapide,Excellent rapport qualité-prix.,5,Positive
Souris Sans Fil,Fonctionne parfaitement bien.,4,Positive
Clavier Gamer RGB,Vraiment ravi de mon achat.,4,Positive
Support PC Portable,"Super produit, rien à dire.",4,Positive
Cable USB-C Charge Rapide,Expédition rapide et soignée.,4,Positive
Souris Sans Fil,Vraiment ravi de mon achat.,4,Positive
Webcam HD 1080p,Fonctionne parfaitement bien.,5,Positive
Casque Audio Noise Cancelling,Je recommande vivement cet article.,4,Positive
Casque Audio Noise Cancelling,Les performances sont impressionnantes.,5,Positive
Enceinte Connectée,Plastique de mauvaise qualité.,1,Negative
Casque Audio Noise Cancelling,C'est un excellent produit !,4,Positive
Clavier Gamer RGB,Design élégant et robuste.,4,Positive
Webcam HD 1080p,Une perte de temps et d'argent.,1,Negative
Ecran 4K 27 pouces,Fait le job mais sans plus.,3,Neutral
Tapis de Souris XXL,La qualité est au rendez-vous.,4,Positive
Webcam HD 1080p,Design élégant et robuste.,4,Positive
Clavier Gamer RGB,Je recommande vivement cet article.,4,Positive
Ecouteurs Bluetooth,C'est un excellent produit !,5,Positive
Casque Audio Noise Cancelling,Correct sans être exceptionnel.,3,Neutral
Webcam HD 1080p,La qualité est au rendez-vous.,5,Positive
Souris Sans Fil,Design élégant et robuste.,5,Positive
Ecouteurs Bluetooth,Vraiment ravi de mon achat.,4,Positive
Enceinte Connectée,"Super produit, rien à dire.",5,Positive
Clavier Gamer RGB,En panne après deux jours d'utilisation.,2,Negative
Support PC Portable,Les performances sont impressionnantes.,5,Positive
Support PC Portable,"Arrivé cassé, inadmissible.",2,Negative
Webcam HD 1080p,La qualité est au rendez-vous.,4,Positive
Ecouteurs Bluetooth,Je recommande vivement cet article.,4,Positive
Enceinte Connectée,Une perte de temps et d'argent.,2,Negative
Tapis de Souris XXL,Très simple à installer.,4,Positive
Webcam HD 1080p,C'est un excellent produit !,4,Positive
Casque Audio Noise Cancelling,"Super produit, rien à dire.",4,Positive
Tapis de Souris XXL,Vraiment ravi de mon achat.,4,Positive
Casque Audio Noise Cancelling,La qualité est au rendez-vous.,4,Positive
Webcam HD 1080p,Expédition rapide et soignée.,5,Positive
Support PC Portable,Ne fonctionne pas du tout.,2,Negative
Casque Audio Noise Cancelling,Fonctionne parfaitement bien.,5,Positive
Support PC Portable,Ne fonctionne pas du tout.,1,Negative
Webcam HD 1080p,Le SAV est inexistant.,1,Negative
Webcam HD 1080p,Produit correct pour le prix.,3,Neutral
Casque Audio Noise Cancelling,C'est un excellent produit !,4,Positive
Ecouteurs Bluetooth,Produit correct pour le prix.,3,Neutral
Support PC Portable,Expédition rapide et soignée.,5,Positive
Ecran 4K 27 pouces,Correct sans être exceptionnel.,3,Neutral
Ecouteurs Bluetooth,Excellent rapport qualité-prix.,4,Positive
Ecouteurs Bluetooth,Ne fonctionne pas du tout.,1,Negative
Support PC Portable,"Moyen, j'attendais un peu mieux.",3,Neutral
Cable USB-C Charge Rapide,Je recommande vivement cet article.,4,Positive
Webcam HD 1080p,"C'est une arnaque, passez votre chemin.",1,Negative
Souris Sans Fil,"Pas mal du tout, malgré quelques petits défauts.",3,Neutral
Tapis de Souris XXL,Très simple à installer.,5,Positive
Ecran 4K 27 pouces,Fonctionne parfaitement bien.,5,Positive
Webcam HD 1080p,La qualité est médiocre.,1,Negative
Support PC Portable,"Arrivé cassé, inadmissible.",1,Negative
Souris Sans Fil,Expédition rapide et soignée.,5,Positive
Ecouteurs Bluetooth,Vraiment ravi de mon achat.,5,Positive
Webcam HD 1080p,Correct sans être exceptionnel.,3,Neutral
Tapis de Souris XXL,"Super produit, rien à dire.",4,Positive
Cable USB-C Charge Rapide,La qualité est médiocre.,2,Negative
Ecouteurs Bluetooth,Plastique de mauvaise qualité.,1,Negative
Casque Audio Noise Cancelling,Le SAV est inexistant.,1,Negative
Casque Audio Noise Cancelling,Expédition rapide et soignée.,5,Positive
Cable USB-C Charge Rapide,Très simple à installer.,4,Positive
Cable USB-C Charge Rapide,Expédition rapide et soignée.,4,Positive
Casque Audio Noise Cancelling,Les performances sont impressionnantes.,4,Positive
Ecran 4K 27 pouces,Les performances sont impressionnantes.,5,Positive
Casque Audio Noise Cancelling,Les performances sont impressionnantes.,5,Positive
Clavier Gamer RGB,"Arrivé dans les temps, emballage sommaire.",3,Neutral
Cable USB-C Charge Rapide,La qualité est au rendez-vous.,5,Positive
Cable USB-C Charge Rapide,Le SAV est inexistant.,1,Negative
Webcam HD 1080p,Correct sans être exceptionnel.,3,Neutral
Ecouteurs Bluetooth,Expédition rapide et soignée.,4,Positive
Ecouteurs Bluetooth,Vraiment ravi de mon achat.,4,Positive
Ecran 4K 27 pouces,Fonctionne parfaitement bien.,5,Positive
Casque Audio Noise Cancelling,La qualité est au rendez-vous.,5,Positive
Ecouteurs Bluetooth,Je recommande vivement cet article.,4,Positive
Clavier Gamer RGB,Correct sans être exceptionnel.,3,Neutral
Cable USB-C Charge Rapide,"Super produit, rien à dire.",4,Positive
Souris Sans Fil,"Pas mal du tout, malgré quelques petits défauts.",3,Neutral
Ecouteurs Bluetooth,Un peu déçu par la finition mais ça fonctionne.,3,Neutral
Clavier Gamer RGB,La qualité est au rendez-vous.,4,Positive
Ecran 4K 27 pouces,C'est un excellent produit !,5,Positive
Ecouteurs Bluetooth,Je ne recommande pas ce produit.,1,Negative
Cable USB-C Charge Rapide,Très simple à installer.,5,Positive
Cable USB-C Charge Rapide,La qualité est au rendez-vous.,4,Positive
Cable USB-C Charge Rapide,C'est un excellent produit !,5,Positive
Webcam HD 1080p,Expédition rapide et soignée.,5,Positive
Ecouteurs Bluetooth,"Super produit, rien à dire.",5,Positive
Ecouteurs Bluetooth,Je ne recommande pas ce produit.,2,Negative
Clavier Gamer RGB,"Pas mal du tout, malgré quelques petits défauts.",3,Neutral
Ecouteurs Bluetooth,Fonctionne parfaitement bien.,5,Positive
Webcam HD 1080p,Fonctionne parfaitement bien.,4,Positive
Support PC Portable,"Super produit, rien à dire.",5,Positive
Souris Sans Fil,Vraiment ravi de mon achat.,5,Positive
Webcam HD 1080p,Excellent rapport qualité-prix.,4,Positive
Ecouteurs Bluetooth,Fait le job mais sans plus.,3,Neutral
Clavier Gamer RGB,"Moyen, j'attendais un peu mieux.",3,Neutral
Casque Audio Noise Cancelling,La qualité est au rendez-vous.,5,Positive
Webcam HD 1080p,C'est un excellent produit !,4,Positive
Souris Sans Fil,Excellent rapport qualité-prix.,5,Positive
Casque Audio Noise Cancelling,Les performances sont impressionnantes.,5,Positive
Souris Sans Fil,"Moyen, j'attendais un peu mieux.",3,Neutral
Ecran 4K 27 pouces,Vraiment ravi de mon achat.,5,Positive
Webcam HD 1080p,"Super produit, rien à dire.",4,Positive
Enceinte Connectée,Un peu déçu par la finition mais ça fonctionne.,3,Neutral
Webcam HD 1080p,Un peu déçu par la finition mais ça fonctionne.,3,Neutral
Cable USB-C Charge Rapide,Je recommande vivement cet article.,4,Positive
Clavier Gamer RGB,Très simple à installer.,4,Positive
Ecran 4K 27 pouces,Fonctionne parfaitement bien.,4,Positive
Cable USB-C Charge Rapide,Un peu déçu par la finition mais ça fonctionne.,3,Neutral
Ecran 4K 27 pouces,Expédition rapide et soignée.,5,Positive
Ecouteurs Bluetooth,Une perte de temps et d'argent.,2,Negative
Webcam HD 1080p,Très simple à installer.,4,Positive
Casque Audio Noise Cancelling,"Moyen, j'attendais un peu mieux.",3,Neutral
Cable USB-C Charge Rapide,Très simple à installer.,4,Positive
Souris Sans Fil,Très simple à installer.,4,Positive
Tapis de Souris XXL,Je recommande vivement cet article.,5,Positive
Ecran 4K 27 pouces,Les performances sont impressionnantes.,4,Positive
Tapis de Souris XXL,Les performances sont impressionnantes.,5,Positive
Cable USB-C Charge Rapide,Très déçu par cet achat.,2,Negative
Ecran 4K 27 pouces,Je recommande vivement cet article.,5,Positive
Tapis de Souris XXL,Design élégant et robuste.,4,Positive
Casque Audio Noise Cancelling,Design élégant et robuste.,5,Positive
Ecouteurs Bluetooth,Très déçu par cet achat.,1,Negative
Clavier Gamer RGB,"Moyen, j'attendais un peu mieux.",3,Neutral
Cable USB-C Charge Rapide,Fonctionne parfaitement bien.,5,Positive
Cable USB-C Charge Rapide,Une perte de temps et d'argent.,2,Negative
Enceinte Connectée,"C'est une arnaque, passez votre chemin.",2,Negative
Webcam HD 1080p,Design élégant et robuste.,5,Positive
Clavier Gamer RGB,Design élégant et robuste.,4,Positive
Clavier Gamer RGB,"Arrivé cassé, inadmissible.",2,Negative
Clavier Gamer RGB,Les performances sont impressionnantes.,5,Positive
Support PC Portable,Très déçu par cet achat.,1,Negative
Ecran 4K 27 pouces,"Pas mal du tout, malgré quelques petits défauts.",3,Neutral
Support PC Portable,Design élégant et robuste.,5,Positive
Tapis de Souris XXL,C'est un excellent produit !,5,Positive
Tapis de Souris XXL,C'est un excellent produit !,5,Positive
Ecouteurs Bluetooth,Je recommande vivement cet article.,5,Positive
Webcam HD 1080p,Plastique de mauvaise qualité.,1,Negative
Cable USB-C Charge Rapide,"Moyen, j'attendais un peu mieux.",3,Neutral
Webcam HD 1080p,"Arrivé cassé, inadmissible.",2,Negative
Enceinte Connectée,Expédition rapide et soignée.,5,Positive
Clavier Gamer RGB,"Arrivé dans les temps, emballage sommaire.",3,Neutral
Casque Audio Noise Cancelling,"C'est une arnaque, passez votre chemin.",1,Negative
Tapis de Souris XXL,Je recommande vivement cet article.,4,Positive
Souris Sans Fil,"Arrivé dans les temps, emballage sommaire.",3,Neutral
Ecouteurs Bluetooth,Expédition rapide et soignée.,4,Positive
Support PC Portable,La qualité est au rendez-vous.,4,Positive
Tapis de Souris XXL,Très simple à installer.,4,Positive
Tapis de Souris XXL,Une perte de temps et d'argent.,2,Negative
Souris Sans Fil,"Pas mal du tout, malgré quelques petits défauts.",3,Neutral
Enceinte Connectée,Une perte de temps et d'argent.,1,Negative
Ecran 4K 27 pouces,Les performances sont impressionnantes.,5,Positive
Ecran 4K 27 pouces,"Arrivé dans les temps, emballage sommaire.",3,Neutral
Enceinte Connectée,Plastique de mauvaise qualité.,2,Negative
Tapis de Souris XXL,C'est un excellent produit !,4,Positive
Ecouteurs Bluetooth,La qualité est au rendez-vous.,4,Positive
Support PC Portable,Les performances sont impressionnantes.,5,Positive
Tapis de Souris XXL,C'est un excellent produit !,4,Positive
Cable USB-C Charge Rapide,"Moyen, j'attendais un peu mieux.",3,Neutral
Souris Sans Fil,"C'est une arnaque, passez votre chemin.",2,Negative
Tapis de Souris XXL,C'est un excellent produit !,5,Positive
Ecran 4K 27 pouces,La qualité est au rendez-vous.,5,Positive
Clavier Gamer RGB,Plastique de mauvaise qualité.,2,Negative
Cable USB-C Charge Rapide,Fonctionne parfaitement bien.,5,Positive
Webcam HD 1080p,Fonctionne parfaitement bien.,5,Positive
Ecran 4K 27 pouces,"Super produit, rien à dire.",4,Positive
Souris Sans Fil,Design élégant et robuste.,5,Positive
Casque Audio Noise Cancelling,Design élégant et robuste.,4,Positive
Ecran 4K 27 pouces,Je ne recommande pas ce produit.,2,Negative
Cable USB-C Charge Rapide,"C'est une arnaque, passez votre chemin.",2,Negative
Casque Audio Noise Cancelling,La qualité est au rendez-vous.,5,Positive
Casque Audio Noise Cancelling,Design élégant et robuste.,5,Positive
Enceinte Connectée,Très simple à installer.,4,Positive
Webcam HD 1080p,"C'est une arnaque, passez votre chemin.",2,Negative
Cable USB-C Charge Rapide,"Moyen, j'attendais un peu mieux.",3,Neutral
Webcam HD 1080p,"Super produit, rien à dire.",5,Positive
Ecran 4K 27 pouces,La qualité est médiocre.,2,Negative
Webcam HD 1080p,Design élégant et robuste.,4,Positive
Support PC Portable,Produit correct pour le prix.,3,Neutral
Ecran 4K 27 pouces,Excellent rapport qualité-prix.,5,Positive
Enceinte Connectée,Je recommande vivement cet article.,4,Positive
Souris Sans Fil,Excellent rapport qualité-prix.,5,Positive
Support PC Portable,Les performances sont impressionnantes.,5,Positive
Support PC Portable,Vraiment ravi de mon achat.,5,Positive
Ecouteurs Bluetooth,Fonctionne parfaitement bien.,5,Positive
Ecran 4K 27 pouces,C'est un excellent produit !,4,Positive
Clavier Gamer RGB,C'est un excellent produit !,5,Positive
Casque Audio Noise Cancelling,Très simple à installer.,5,Positive
Souris Sans Fil,Je recommande vivement cet article.,5,Positive
Tapis de Souris XXL,"Super produit, rien à dire.",5,Positive
Casque Audio Noise Cancelling,La qualité est au rendez-vous.,5,Positive
Ecran 4K 27 pouces,Une perte de temps et d'argent.,1,Negative
Casque Audio Noise Cancelling,Très déçu par cet achat.,1,Negative
Cable USB-C Charge Rapide,Vraiment ravi de mon achat.,4,Positive
Clavier Gamer RGB,"Pas mal du tout, malgré quelques petits défauts.",3,Neutral
Webcam HD 1080p,Une perte de temps et d'argent.,2,Negative
Ecouteurs Bluetooth,Expédition rapide et soignée.,5,Positive
Ecouteurs Bluetooth,"Super produit, rien à dire.",4,Positive
Tapis de Souris XXL,Je recommande vivement cet article.,5,Positive
Casque Audio Noise Cancelling,Je recommande vivement cet article.,5,Positive
Support PC Portable,Très simple à installer.,4,Positive
Casque Audio Noise Cancelling,Je recommande vivement cet article.,4,Positive
Support PC Portable,"Arrivé dans les temps, emballage sommaire.",3,Neutral
Casque Audio Noise Cancelling,"Arrivé dans les temps, emballage sommaire.",3,Neutral
Enceinte Connectée,En panne après deux jours d'utilisation.,1,Negative
Souris Sans Fil,Les performances sont impressionnantes.,5,Positive
Webcam HD 1080p,Je recommande vivement cet article.,4,Positive
Souris Sans Fil,Un peu déçu par la finition mais ça fonctionne.,3,Neutral
Clavier Gamer RGB,Correct sans être exceptionnel.,3,Neutral
Support PC Portable,C'est un excellent produit !,5,Positive
Tapis de Souris XXL,"Super produit, rien à dire.",5,Positive
Ecran 4K 27 pouces,"Arrivé dans les temps, emballage sommaire.",3,Neutral
Souris Sans Fil,Je ne recommande pas ce produit.,1,Negative
Clavier Gamer RGB,Vraiment ravi de mon achat.,4,Positive
Enceinte Connectée,Je recommande vivement cet article.,4,Positive
Support PC Portable,Fonctionne parfaitement bien.,4,Positive
Enceinte Connectée,Je recommande vivement cet article.,4,Positive
Support PC Portable,"Moyen, j'attendais un peu mieux.",3,Neutral
Souris Sans Fil,Je recommande vivement cet article.,5,Positive
Souris Sans Fil,Les performances sont impressionnantes.,5,Positive
Cable USB-C Charge Rapide,"Super produit, rien à dire.",4,Positive
Souris Sans Fil,Le SAV est inexistant.,1,Negative
Support PC Portable,"Moyen, j'attendais un peu mieux.",3,Neutral
Ecouteurs Bluetooth,Excellent rapport qualité-prix.,5,Positive
Cable USB-C Charge Rapide,"C'est une arnaque, passez votre chemin.",2,Negative
Cable USB-C Charge Rapide,Fonctionne parfaitement bien.,4,Positive
Tapis de Souris XXL,C'est un excellent produit !,4,Positive
Souris Sans Fil,Fonctionne parfaitement bien.,5,Positive
Cable USB-C Charge Rapide,En panne après deux jours d'utilisation.,2,Negative
Enceinte Connectée,Plastique de mauvaise qualité.,2,Negative
Webcam HD 1080p,La qualité est médiocre.,2,Negative
Ecouteurs Bluetooth,Expédition rapide et soignée.,5,Positive
Webcam HD 1080p,"Arrivé cassé, inadmissible.",1,Negative
Enceinte Connectée,La qualité est au rendez-vous.,4,Positive
Enceinte Connectée,En panne après deux jours d'utilisation.,2,Negative
Enceinte Connectée,Une perte de temps et d'argent.,1,Negative
Support PC Portable,Fonctionne parfaitement bien.,4,Positive
Enceinte Connectée,Les performances sont impressionnantes.,4,Positive
Ecran 4K 27 pouces,Très simple à installer.,4,Positive
Clavier Gamer RGB,Un peu déçu par la finition mais ça fonctionne.,3,Neutral
Enceinte Connectée,Excellent rapport qualité-prix.,5,Positive
Ecran 4K 27 pouces,Je recommande vivement cet article.,4,Positive
Souris Sans Fil,Les performances sont impressionnantes.,5,Positive
Support PC Portable,Un peu déçu par la finition mais ça fonctionne.,3,Neutral
Clavier Gamer RGB,La qualité est médiocre.,1,Negative
Ecouteurs Bluetooth,Design élégant et robuste.,4,Positive
Ecran 4K 27 pouces,Je recommande vivement cet article.,4,Positive
Casque Audio Noise Cancelling,Vraiment ravi de mon achat.,4,Positive
Tapis de Souris XXL,En panne après deux jours d'utilisation.,2,Negative
Ecran 4K 27 pouces,En panne après deux jours d'utilisation.,1,Negative
Ecran 4K 27 pouces,Je recommande vivement cet article.,4,Positive
Cable USB-C Charge Rapide,Très simple à installer.,5,Positive
Ecouteurs Bluetooth,Fait le job mais sans plus.,3,Neutral
Clavier Gamer RGB,"Arrivé dans les temps, emballage sommaire.",3,Neutral
Tapis de Souris XXL,"Pas mal du tout, malgré quelques petits défauts.",3,Neutral
Tapis de Souris XXL,Excellent rapport qualité-prix.,5,Positive
Ecran 4K 27 pouces,"Pas mal du tout, malgré quelques petits défauts.",3,Neutral
Tapis de Souris XXL,Ne fonctionne pas du tout.,2,Negative
Enceinte Connectée,Correct sans être exceptionnel.,3,Neutral
Webcam HD 1080p,Excellent rapport qualité-prix.,4,Positive
Webcam HD 1080p,En panne après deux jours d'utilisation.,2,Negative
Souris Sans Fil,"Super produit, rien à dire.",5,Positive
Ecouteurs Bluetooth,Très déçu par cet achat.,1,Negative
Casque Audio Noise Cancelling,Une perte de temps et d'argent.,2,Negative
Webcam HD 1080p,Très simple à installer.,4,Positive
Souris Sans Fil,La qualité est au rendez-vous.,5,Positive
Ecouteurs Bluetooth,Excellent rapport qualité-prix.,4,Positive
Enceinte Connectée,Ne fonctionne pas du tout.,1,Negative
Support PC Portable,La qualité est au rendez-vous.,5,Positive
Casque Audio Noise Cancelling,La qualité est médiocre.,2,Negative
Clavier Gamer RGB,Design élégant et robuste.,5,Positive
Webcam HD 1080p,Fait le job mais sans plus.,3,Neutral
Clavier Gamer RGB,La qualité est au rendez-vous.,4,Positive
Tapis de Souris XXL,Très simple à installer.,4,Positive
Support PC Portable,La qualité est au rendez-vous.,4,Positive
Souris Sans Fil,Je recommande vivement cet article.,5,Positive
Enceinte Connectée,La qualité est au rendez-vous.,5,Positive
Cable USB-C Charge Rapide,Ne fonctionne pas du tout.,2,Negative
Souris Sans Fil,Fait le job mais sans plus.,3,Neutral
Cable USB-C Charge Rapide,Expédition rapide et soignée.,4,Positive
Enceinte Connectée,La qualité est médiocre.,1,Negative
Enceinte Connectée,C'est un excellent produit !,5,Positive
Cable USB-C Charge Rapide,La qualité est au rendez-vous.,4,Positive
Cable USB-C Charge Rapide,Je recommande vivement cet article.,5,Positive
Support PC Portable,Les performances sont impressionnantes.,5,Positive
Tapis de Souris XXL,Je recommande vivement cet article.,4,Positive
Ecouteurs Bluetooth,"Moyen, j'attendais un peu mieux.",3,Neutral
Casque Audio Noise Cancelling,Fonctionne parfaitement bien.,5,Positive
Clavier Gamer RGB,Expédition rapide et soignée.,5,Positive
Tapis de Souris XXL,Fonctionne parfaitement bien.,4,Positive
Enceinte Connectée,Excellent rapport qualité-prix.,5,Positive
Tapis de Souris XXL,Vraiment ravi de mon achat.,4,Positive
Ecran 4K 27 pouces,Excellent rapport qualité-prix.,4,Positive
Souris Sans Fil,"Arrivé cassé, inadmissible.",1,Negative
Clavier Gamer RGB,Plastique de mauvaise qualité.,1,Negative
Enceinte Connectée,Design élégant et robuste.,5,Positive
Webcam HD 1080p,Vraiment ravi de mon achat.,5,Positive
Webcam HD 1080p,Un peu déçu par la finition mais ça fonctionne.,3,Neutral
Enceinte Connectée,Vraiment ravi de mon achat.,5,Positive
Cable USB-C Charge Rapide,Plastique de mauvaise qualité.,2,Negative
Enceinte Connectée,Je recommande vivement cet article.,5,Positive
Ecouteurs Bluetooth,Je recommande vivement cet article.,4,Positive
Support PC Portable,En panne après deux jours d'utilisation.,1,Negative
Ecran 4K 27 pouces,Très simple à installer.,4,Positive
Ecran 4K 27 pouces,Excellent rapport qualité-prix.,4,Positive
Support PC Portable,Les performances sont impressionnantes.,4,Positive
Tapis de Souris XXL,Correct sans être exceptionnel.,3,Neutral
Casque Audio Noise Cancelling,Très simple à installer.,5,Positive
Enceinte Connectée,Expédition rapide et soignée.,5,Positive
Casque Audio Noise Cancelling,Correct sans être exceptionnel.,3,Neutral
Webcam HD 1080p,Le SAV est inexistant.,2,Negative
Souris Sans Fil,Le SAV est inexistant.,1,Negative
Souris Sans Fil,Produit correct pour le prix.,3,Neutral
Ecouteurs Bluetooth,Fonctionne parfaitement bien.,4,Positive
Tapis de Souris XXL,Très simple à installer.,5,Positive
Enceinte Connectée,"Super produit, rien à dire.",5,Positive
Casque Audio Noise Cancelling,"Super produit, rien à dire.",5,Positive
Support PC Portable,Je recommande vivement cet article.,5,Positive
Tapis de Souris XXL,"C'est une arnaque, passez votre chemin.",1,Negative
Cable USB-C Charge Rapide,"Moyen, j'attendais un peu mieux.",3,Neutral
Webcam HD 1080p,Vraiment ravi de mon achat.,4,Positive
Ecran 4K 27 pouces,Vraiment ravi de mon achat.,4,Positive
Support PC Portable,"Super produit, rien à dire.",5,Positive
Tapis de Souris XXL,Très simple à installer.,4,Positive
Webcam HD 1080p,Je recommande vivement cet article.,5,Positive
Ecouteurs Bluetooth,Je ne recommande pas ce produit.,1,Negative
Enceinte Connectée,Excellent rapport qualité-prix.,4,Positive
Support PC Portable,"Super produit, rien à dire.",4,Positive
Ecouteurs Bluetooth,"Conforme à la description, mais l'usage est limité.",3,Neutral
Casque Audio Noise Cancelling,Je recommande vivement cet article.,4,Positive
Webcam HD 1080p,Vraiment ravi de mon achat.,5,Positive
Tapis de Souris XXL,"Arrivé dans les temps, emballage sommaire.",3,Neutral
Cable USB-C Charge Rapide,"C'est une arnaque, passez votre chemin.",2,Negative
Enceinte Connectée,C'est un excellent produit !,4,Positive
Clavier Gamer RGB,Expédition rapide et soignée.,4,Positive
Enceinte Connectée,Ne fonctionne pas du tout.,1,Negative
Casque Audio Noise Cancelling,Produit correct pour le prix.,3,Neutral
Ecouteurs Bluetooth,"Moyen, j'attendais un peu mieux.",3,Neutral
Webcam HD 1080p,La qualité est au rendez-vous.,4,Positive
Cable USB-C Charge Rapide,Très simple à installer.,5,Positive
Ecran 4K 27 pouces,Design élégant et robuste.,4,Positive
Casque Audio Noise Cancelling,Les performances sont impressionnantes.,4,Positive
Enceinte Connectée,"Arrivé dans les temps, emballage sommaire.",3,Neutral
Clavier Gamer RGB,Je ne recommande pas ce produit.,1,Negative
Clavier Gamer RGB,Un peu déçu par la finition mais ça fonctionne.,3,Neutral
Cable USB-C Charge Rapide,Expédition rapide et soignée.,4,Positive
Ecran 4K 27 pouces,Expédition rapide et soignée.,4,Positive
Enceinte Connectée,Vraiment ravi de mon achat.,5,Positive
Tapis de Souris XXL,Excellent rapport qualité-prix.,5,Positive
Clavier Gamer RGB,Excellent rapport qualité-prix.,4,Positive
Clavier Gamer RGB,"Arrivé dans les temps, emballage sommaire.",3,Neutral
Support PC Portable,La qualité est médiocre.,2,Negative
Support PC Portable,Fonctionne parfaitement bien.,5,Positive
Casque Audio Noise Cancelling,"Arrivé cassé, inadmissible.",2,Negative
Webcam HD 1080p,Très simple à installer.,4,Positive
Tapis de Souris XXL,Très simple à installer.,4,Positive
Tapis de Souris XXL,Correct sans être exceptionnel.,3,Neutral
Ecouteurs Bluetooth,En panne après deux jours d'utilisation.,2,Negative
Ecran 4K 27 pouces,"Super produit, rien à dire.",4,Positive
Support PC Portable,Très simple à installer.,5,Positive
Souris Sans Fil,Excellent rapport qualité-prix.,4,Positive
Souris Sans Fil,Les performances sont impressionnantes.,4,Positive
Tapis de Souris XXL,Je recommande vivement cet article.,5,Positive
Casque Audio Noise Cancelling,Design élégant et robuste.,4,Positive
Tapis de Souris XXL,Les performances sont impressionnantes.,4,Positive
Enceinte Connectée,Expédition rapide et soignée.,5,Positive
Tapis de Souris XXL,Je recommande vivement cet article.,5,Positive
Ecouteurs Bluetooth,Correct sans être exceptionnel.,3,Neutral
Tapis de Souris XXL,Excellent rapport qualité-prix.,4,Positive
Cable USB-C Charge Rapide,Correct sans être exceptionnel.,3,Neutral
Enceinte Connectée,Un peu déçu par la finition mais ça fonctionne.,3,Neutral
Enceinte Connectée,"Moyen, j'attendais un peu mieux.",3,Neutral
Webcam HD 1080p,Design élégant et robuste.,5,Positive
Casque Audio Noise Cancelling,Les performances sont impressionnantes.,5,Positive
Clavier Gamer RGB,Expédition rapide et soignée.,5,Positive
Cable USB-C Charge Rapide,"Pas mal du tout, malgré quelques petits défauts.",3,Neutral
Ecran 4K 27 pouces,"Pas mal du tout, malgré quelques petits défauts.",3,Neutral
Ecran 4K 27 pouces,Le SAV est inexistant.,2,Negative
Support PC Portable,Fait le job mais sans plus.,3,Neutral
Tapis de Souris XXL,La qualité est médiocre.,1,Negative
Clavier Gamer RGB,"Arrivé cassé, inadmissible.",2,Negative
Clavier Gamer RGB,Je recommande vivement cet article.,4,Positive
Ecouteurs Bluetooth,Les performances sont impressionnantes.,5,Positive
Support PC Portable,"Super produit, rien à dire.",4,Positive
Clavier Gamer RGB,"Super produit, rien à dire.",5,Positive
Cable USB-C Charge Rapide,Je recommande vivement cet article.,4,Positive
Webcam HD 1080p,Ne fonctionne pas du tout.,1,Negative
Cable USB-C Charge Rapide,"Conforme à la description, mais l'usage est limité.",3,Neutral
Souris Sans Fil,Design élégant et robuste.,5,Positive
Enceinte Connectée,Vraiment ravi de mon achat.,5,Positive
Ecran 4K 27 pouces,Je recommande vivement cet article.,5,Positive
Ecouteurs Bluetooth,"Super produit, rien à dire.",5,Positive
Tapis de Souris XXL,La qualité est au rendez-vous.,5,Positive
Ecran 4K 27 pouces,En panne après deux jours d'utilisation.,2,Negative
Tapis de Souris XXL,Design élégant et robuste.,5,Positive
Webcam HD 1080p,Expédition rapide et soignée.,5,Positive
Enceinte Connectée,Excellent rapport qualité-prix.,5,Positive
Clavier Gamer RGB,"Super produit, rien à dire.",5,Positive
Ecouteurs Bluetooth,"Arrivé dans les temps, emballage sommaire.",3,Neutral
Souris Sans Fil,Design élégant et robuste.,5,Positive
Clavier Gamer RGB,Vraiment ravi de mon achat.,5,Positive
Cable USB-C Charge Rapide,"Super produit, rien à dire.",5,Positive
Ecouteurs Bluetooth,"Super produit, rien à dire.",5,Positive
Webcam HD 1080p,Je recommande vivement cet article.,4,Positive
Ecouteurs Bluetooth,Les performances sont impressionnantes.,5,Positive
Tapis de Souris XXL,"C'est une arnaque, passez votre chemin.",1,Negative
Cable USB-C Charge Rapide,C'est un excellent produit !,5,Positive
Ecouteurs Bluetooth,Les performances sont impressionnantes.,4,Positive
Casque Audio Noise Cancelling,Design élégant et robuste.,4,Positive
Tapis de Souris XXL,Produit correct pour le prix.,3,Neutral
Clavier Gamer RGB,"Conforme à la description, mais l'usage est limité.",3,Neutral
Clavier Gamer RGB,"Arrivé cassé, inadmissible.",2,Negative
Cable USB-C Charge Rapide,Très simple à installer.,5,Positive
Casque Audio Noise Cancelling,Correct sans être exceptionnel.,3,Neutral
Enceinte Connectée,Excellent rapport qualité-prix.,4,Positive
Souris Sans Fil,Les performances sont impressionnantes.,5,Positive
Ecran 4K 27 pouces,"Arrivé dans les temps, emballage sommaire.",3,Neutral
Support PC Portable,Expédition rapide et soignée.,4,Positive
Ecran 4K 27 pouces,"Conforme à la description, mais l'usage est limité.",3,Neutral
Ecran 4K 27 pouces,Très simple à installer.,5,Positive
Webcam HD 1080p,C'est un excellent produit !,5,Positive
Support PC Portable,Je recommande vivement cet article.,4,Positive
Ecouteurs Bluetooth,En panne après deux jours d'utilisation.,1,Negative
Ecouteurs Bluetooth,Produit correct pour le prix.,3,Neutral
Ecouteurs Bluetooth,Les performances sont impressionnantes.,4,Positive
Support PC Portable,La qualité est médiocre.,2,Negative
Support PC Portable,Un peu déçu par la finition mais ça fonctionne.,3,Neutral
Casque Audio Noise Cancelling,Expédition rapide et soignée.,4,Positive
Support PC Portable,"Arrivé dans les temps, emballage sommaire.",3,Neutral
Support PC Portable,Fait le job mais sans plus.,3,Neutral
Cable USB-C Charge Rapide,Fonctionne parfaitement bien.,4,Positive
Clavier Gamer RGB,"Conforme à la description, mais l'usage est limité.",3,Neutral
Ecran 4K 27 pouces,En panne après deux jours d'utilisation.,2,Negative
Enceinte Connectée,Très déçu par cet achat.,2,Negative
Enceinte Connectée,La qualité est au rendez-vous.,5,Positive
Casque Audio Noise Cancelling,Les performances sont impressionnantes.,5,Positive
Cable USB-C Charge Rapide,Fait le job mais sans plus.,3,Neutral
Souris Sans Fil,Une perte de temps et d'argent.,2,Negative
Webcam HD 1080p,"Super produit, rien à dire.",4,Positive
Souris Sans Fil,Ne fonctionne pas du tout.,1,Negative
Cable USB-C Charge Rapide,Correct sans être exceptionnel.,3,Neutral
Tapis de Souris XXL,Ne fonctionne pas du tout.,2,Negative
Ecouteurs Bluetooth,Expédition rapide et soignée.,4,Positive
Webcam HD 1080p,En panne après deux jours d'utilisation.,2,Negative
Support PC Portable,Une perte de temps et d'argent.,2,Negative
Tapis de Souris XXL,Correct sans être exceptionnel.,3,Neutral
Tapis de Souris XXL,"Moyen, j'attendais un peu mieux.",3,Neutral
Cable USB-C Charge Rapide,Vraiment ravi de mon achat.,4,Positive
Enceinte Connectée,Vraiment ravi de mon achat.,5,Positive
Ecran 4K 27 pouces,Fonctionne parfaitement bien.,5,Positive
Enceinte Connectée,La qualité est médiocre.,2,Negative
Clavier Gamer RGB,Les performances sont impressionnantes.,4,Positive
Ecran 4K 27 pouces,Très simple à installer.,5,Positive
Cable USB-C Charge Rapide,"Pas mal du tout, malgré quelques petits défauts.",3,Neutral
Support PC Portable,Une perte de temps et d'argent.,2,Negative
Souris Sans Fil,Je recommande vivement cet article.,4,Positive
Enceinte Connectée,Expédition rapide et soignée.,4,Positive
Cable USB-C Charge Rapide,Ne fonctionne pas du tout.,1,Negative
Souris Sans Fil,Excellent rapport qualité-prix.,4,Positive
Clavier Gamer RGB,Excellent rapport qualité-prix.,5,Positive
Cable USB-C Charge Rapide,C'est un excellent produit !,5,Positive
Webcam HD 1080p,"Super produit, rien à dire.",5,Positive
Support PC Portable,Design élégant et robuste.,4,Positive
Casque Audio Noise Cancelling,C'est un excellent produit !,5,Positive
Support PC Portable,Vraiment ravi de mon achat.,5,Positive
Casque Audio Noise Cancelling,Design élégant et robuste.,4,Positive
Souris Sans Fil,Très simple à installer.,5,Positive
Clavier Gamer RGB,Fait le job mais sans plus.,3,Neutral
Enceinte Connectée,C'est un excellent produit !,4,Positive
Ecran 4K 27 pouces,Une perte de temps et d'argent.,1,Negative
Cable USB-C Charge Rapide,"Arrivé dans les temps, emballage sommaire.",3,Neutral
Cable USB-C Charge Rapide,"Conforme à la description, mais l'usage est limité.",3,Neutral
Cable USB-C Charge Rapide,Excellent rapport qualité-prix.,4,Positive
Clavier Gamer RGB,Les performances sont impressionnantes.,4,Positive
Clavier Gamer RGB,Les performances sont impressionnantes.,5,Positive
Clavier Gamer RGB,Très déçu par cet achat.,2,Negative
Ecran 4K 27 pouces,"Super produit, rien à dire.",5,Positive
Ecouteurs Bluetooth,"Conforme à la description, mais l'usage est limité.",3,Neutral
Clavier Gamer RGB,Expédition rapide et soignée.,4,Positive
Enceinte Connectée,Excellent rapport qualité-prix.,4,Positive
Enceinte Connectée,Design élégant et robuste.,5,Positive
Clavier Gamer RGB,Vraiment ravi de mon achat.,4,Positive
Tapis de Souris XXL,"Arrivé cassé, inadmissible.",1,Negative
Ecran 4K 27 pouces,"Arrivé dans les temps, emballage sommaire.",3,Neutral
Souris Sans Fil,"Moyen, j'attendais un peu mieux.",3,Neutral
Souris Sans Fil,La qualité est au rendez-vous.,4,Positive
Souris Sans Fil,Très simple à installer.,4,Positive
Enceinte Connectée,Très simple à installer.,5,Positive
Clavier Gamer RGB,Fonctionne parfaitement bien.,4,Positive
Tapis de Souris XXL,Fonctionne parfaitement bien.,5,Positive
Webcam HD 1080p,Produit correct pour le prix.,3,Neutral
Casque Audio Noise Cancelling,Expédition rapide et soignée.,4,Positive
Ecouteurs Bluetooth,Je recommande vivement cet article.,5,Positive
Casque Audio Noise Cancelling,Vraiment ravi de mon achat.,5,Positive
Clavier Gamer RGB,Je ne recommande pas ce produit.,1,Negative
Clavier Gamer RGB,La qualité est médiocre.,1,Negative
Enceinte Connectée,Les performances sont impressionnantes.,4,Positive
Tapis de Souris XXL,Les performances sont impressionnantes.,5,Positive
Webcam HD 1080p,Expédition rapide et soignée.,4,Positive
Webcam HD 1080p,Design élégant et robuste.,5,Positive
Ecouteurs Bluetooth,Plastique de mauvaise qualité.,1,Negative
Clavier Gamer RGB,C'est un excellent produit !,5,Positive
Webcam HD 1080p,Je recommande vivement cet article.,4,Positive
Casque Audio Noise Cancelling,Excellent rapport qualité-prix.,4,Positive
Cable USB-C Charge Rapide,"Super produit, rien à dire.",4,Positive
Enceinte Connectée,Fonctionne parfaitement bien.,4,Positive
Support PC Portable,Vraiment ravi de mon achat.,5,Positive
Enceinte Connectée,Design élégant et robuste.,5,Positive
Support PC Portable,Très déçu par cet achat.,2,Negative
Clavier Gamer RGB,Je recommande vivement cet article.,4,Positive
Tapis de Souris XXL,Plastique de mauvaise qualité.,2,Negative
Ecouteurs Bluetooth,"Conforme à la description, mais l'usage est limité.",3,Neutral
Ecran 4K 27 pouces,La qualité est au rendez-vous.,4,Positive
Cable USB-C Charge Rapide,Design élégant et robuste.,5,Positive
Tapis de Souris XXL,Je ne recommande pas ce produit.,2,Negative
Tapis de Souris XXL,Je recommande vivement cet article.,4,Positive
Enceinte Connectée,Les performances sont impressionnantes.,4,Positive
Cable USB-C Charge Rapide,"Conforme à la description, mais l'usage est limité.",3,Neutral
Ecran 4K 27 pouces,En panne après deux jours d'utilisation.,1,Negative
Casque Audio Noise Cancelling,Je recommande vivement cet article.,5,Positive
Souris Sans Fil,Les performances sont impressionnantes.,5,Positive
Webcam HD 1080p,"Arrivé cassé, inadmissible.",2,Negative
Cable USB-C Charge Rapide,Ne fonctionne pas du tout.,2,Negative
Ecouteurs Bluetooth,Les performances sont impressionnantes.,5,Positive
Support PC Portable,Expédition rapide et soignée.,5,Positive
Cable USB-C Charge Rapide,"Moyen, j'attendais un peu mieux.",3,Neutral
Casque Audio Noise Cancelling,Très simple à installer.,4,Positive
Webcam HD 1080p,Correct sans être exceptionnel.,3,Neutral
Souris Sans Fil,Je recommande vivement cet article.,4,Positive
Enceinte Connectée,Fonctionne parfaitement bien.,4,Positive
Webcam HD 1080p,"Super produit, rien à dire.",5,Positive
Casque Audio Noise Cancelling,Excellent rapport qualité-prix.,5,Positive
Clavier Gamer RGB,"Arrivé cassé, inadmissible.",2,Negative
Webcam HD 1080p,Vraiment ravi de mon achat.,5,Positive
Ecran 4K 27 pouces,Très simple à installer.,5,Positive
Support PC Portable,Design élégant et robuste.,5,Positive
Support PC Portable,Design élégant et robuste.,5,Positive
Clavier Gamer RGB,Un peu déçu par la finition mais ça fonctionne.,3,Neutral
Webcam HD 1080p,La qualité est au rendez-vous.,5,Positive
Casque Audio Noise Cancelling,Les performances sont impressionnantes.,5,Positive
Souris Sans Fil,Ne fonctionne pas du tout.,2,Negative
Ecouteurs Bluetooth,Fonctionne parfaitement bien.,5,Positive
Tapis de Souris XXL,La qualité est au rendez-vous.,5,Positive
Souris Sans Fil,Produit correct pour le prix.,3,Neutral
Casque Audio Noise Cancelling,Je recommande vivement cet article.,4,Positive
Ecran 4K 27 pouces,"Super produit, rien à dire.",4,Positive
Ecran 4K 27 pouces,Fonctionne parfaitement bien.,4,Positive
Webcam HD 1080p,Je recommande vivement cet article.,4,Positive
Cable USB-C Charge Rapide,C'est un excellent produit !,5,Positive
Casque Audio Noise Cancelling,Fonctionne parfaitement bien.,5,Positive
Clavier Gamer RGB,"Super produit, rien à dire.",5,Positive
Souris Sans Fil,Très simple à installer.,5,Positive
Casque Audio Noise Cancelling,Les performances sont impressionnantes.,4,Positive
Cable USB-C Charge Rapide,Fonctionne parfaitement bien.,5,Positive
Support PC Portable,Produit correct pour le prix.,3,Neutral
Clavier Gamer RGB,"Pas mal du tout, malgré quelques petits défauts.",3,Neutral
Cable USB-C Charge Rapide,Je recommande vivement cet article.,5,Positive
Enceinte Connectée,Fonctionne parfaitement bien.,5,Positive
Ecouteurs Bluetooth,Je recommande vivement cet article.,4,Positive
Souris Sans Fil,La qualité est au rendez-vous.,5,Positive
Enceinte Connectée,Plastique de mauvaise qualité.,2,Negative
Support PC Portable,La qualité est au rendez-vous.,5,Positive
Tapis de Souris XXL,Design élégant et robuste.,4,Positive
Enceinte Connectée,Le SAV est inexistant.,2,Negative
Enceinte Connectée,"Conforme à la description, mais l'usage est limité.",3,Neutral
Enceinte Connectée,C'est un excellent produit !,4,Positive
Ecran 4K 27 pouces,Correct sans être exceptionnel.,3,Neutral
Souris Sans Fil,Design élégant et robuste.,4,Positive
Clavier Gamer RGB,"Arrivé cassé, inadmissible.",1,Negative
Tapis de Souris XXL,Fonctionne parfaitement bien.,5,Positive
Webcam HD 1080p,Correct sans être exceptionnel.,3,Neutral
Enceinte Connectée,La qualité est médiocre.,2,Negative
Enceinte Connectée,Je recommande vivement cet article.,4,Positive
Souris Sans Fil,Une perte de temps et d'argent.,2,Negative
Souris Sans Fil,Design élégant et robuste.,4,Positive
Webcam HD 1080p,Vraiment ravi de mon achat.,5,Positive
Casque Audio Noise Cancelling,La qualité est au rendez-vous.,4,Positive
Enceinte Connectée,Design élégant et robuste.,4,Positive
Clavier Gamer RGB,C'est un excellent produit !,4,Positive
Souris Sans Fil,Expédition rapide et soignée.,5,Positive
Ecouteurs Bluetooth,La qualité est au rendez-vous.,4,Positive
Souris Sans Fil,Produit correct pour le prix.,3,Neutral
Ecouteurs Bluetooth,"Conforme à la description, mais l'usage est limité.",3,Neutral
Tapis de Souris XXL,Vraiment ravi de mon achat.,5,Positive
Casque Audio Noise Cancelling,Les performances sont impressionnantes.,5,Positive
Souris Sans Fil,Fait le job mais sans plus.,3,Neutral
Clavier Gamer RGB,Une perte de temps et d'argent.,2,Negative
Casque Audio Noise Cancelling,Expédition rapide et soignée.,5,Positive
Clavier Gamer RGB,"Moyen, j'attendais un peu mieux.",3,Neutral
Souris Sans Fil,Je recommande vivement cet article.,5,Positive
Cable USB-C Charge Rapide,Fonctionne parfaitement bien.,4,Positive
Casque Audio Noise Cancelling,Je recommande vivement cet article.,5,Positive
Enceinte Connectée,Plastique de mauvaise qualité.,1,Negative
Clavier Gamer RGB,Très simple à installer.,5,Positive
Support PC Portable,Très simple à installer.,4,Positive
Ecran 4K 27 pouces,Excellent rapport qualité-prix.,4,Positive
Clavier Gamer RGB,"Pas mal du tout, malgré quelques petits défauts.",3,Neutral
Tapis de Souris XXL,Fonctionne parfaitement bien.,4,Positive
Souris Sans Fil,Je recommande vivement cet article.,4,Positive
Enceinte Connectée,Les performances sont impressionnantes.,4,Positive
Support PC Portable,C'est un excellent produit !,5,Positive
Ecouteurs Bluetooth,Les performances sont impressionnantes.,5,Positive
Support PC Portable,Produit correct pour le prix.,3,Neutral
Webcam HD 1080p,Les performances sont impressionnantes.,4,Positive
Souris Sans Fil,Très simple à installer.,4,Positive
Tapis de Souris XXL,La qualité est au rendez-vous.,4,Positive
Webcam HD 1080p,Je recommande vivement cet article.,4,Positive
Webcam HD 1080p,Un peu déçu par la finition mais ça fonctionne.,3,Neutral
Support PC Portable,Les performances sont impressionnantes.,4,Positive
Ecouteurs Bluetooth,Expédition rapide et soignée.,5,Positive
Ecouteurs Bluetooth,Les performances sont impressionnantes.,4,Positive
Support PC Portable,C'est un excellent produit !,4,Positive
Support PC Portable,Je recommande vivement cet article.,5,Positive
Ecouteurs Bluetooth,La qualité est médiocre.,2,Negative
Cable USB-C Charge Rapide,Fonctionne parfaitement bien.,5,Positive
Webcam HD 1080p,La qualité est au rendez-vous.,5,Positive
Tapis de Souris XXL,Un peu déçu par la finition mais ça fonctionne.,3,Neutral
Ecouteurs Bluetooth,Design élégant et robuste.,5,Positive
Ecran 4K 27 pouces,"Arrivé dans les temps, emballage sommaire.",3,Neutral
Support PC Portable,Je recommande vivement cet article.,5,Positive
Ecran 4K 27 pouces,Un peu déçu par la finition mais ça fonctionne.,3,Neutral
Tapis de Souris XXL,Le SAV est inexistant.,2,Negative
Support PC Portable,Expédition rapide et soignée.,5,Positive
Support PC Portable,Je recommande vivement cet article.,5,Positive
Ecran 4K 27 pouces,La qualité est médiocre.,1,Negative
Webcam HD 1080p,Plastique de mauvaise qualité.,1,Negative
Cable USB-C Charge Rapide,Je ne recommande pas ce produit.,1,Negative
Souris Sans Fil,C'est un excellent produit !,5,Positive
Clavier Gamer RGB,"Pas mal du tout, malgré quelques petits défauts.",3,Neutral
Clavier Gamer RGB,"Arrivé dans les temps, emballage sommaire.",3,Neutral
Tapis de Souris XXL,Excellent rapport qualité-prix.,5,Positive
Souris Sans Fil,Excellent rapport qualité-prix.,4,Positive
Casque Audio Noise Cancelling,Correct sans être exceptionnel.,3,Neutral
Souris Sans Fil,C'est un excellent produit !,4,Positive
Ecran 4K 27 pouces,C'est un excellent produit !,4,Positive
Webcam HD 1080p,"Pas mal du tout, malgré quelques petits défauts.",3,Neutral
Clavier Gamer RGB,La qualité est médiocre.,2,Negative
Support PC Portable,Design élégant et robuste.,4,Positive
Souris Sans Fil,Je ne recommande pas ce produit.,2,Negative
Ecouteurs Bluetooth,Excellent rapport qualité-prix.,5,Positive
Webcam HD 1080p,Très déçu par cet achat.,1,Negative
Ecouteurs Bluetooth,Les performances sont impressionnantes.,4,Positive
Ecran 4K 27 pouces,Les performances sont impressionnantes.,5,Positive
Enceinte Connectée,"C'est une arnaque, passez votre chemin.",2,Negative
Cable USB-C Charge Rapide,"Super produit, rien à dire.",4,Positive
Tapis de Souris XXL,"Arrivé dans les temps, emballage sommaire.",3,Neutral
Support PC Portable,Fait le job mais sans plus.,3,Neutral
Tapis de Souris XXL,La qualité est au rendez-vous.,4,Positive
Souris Sans Fil,Je recommande vivement cet article.,4,Positive
Support PC Portable,Un peu déçu par la finition mais ça fonctionne.,3,Neutral
Casque Audio Noise Cancelling,Fonctionne parfaitement bien.,4,Positive
Souris Sans Fil,Produit correct pour le prix.,3,Neutral
Webcam HD 1080p,Excellent rapport qualité-prix.,4,Positive
Cable USB-C Charge Rapide,Ne fonctionne pas du tout.,2,Negative
Cable USB-C Charge Rapide,Très simple à installer.,5,Positive
Support PC Portable,Expédition rapide et soignée.,5,Positive
Cable USB-C Charge Rapide,Produit correct pour le prix.,3,Neutral
Cable USB-C Charge Rapide,Vraiment ravi de mon achat.,4,Positive
Casque Audio Noise Cancelling,Correct sans être exceptionnel.,3,Neutral
Clavier Gamer RGB,"Conforme à la description, mais l'usage est limité.",3,Neutral
Tapis de Souris XXL,"Arrivé cassé, inadmissible.",2,Negative
Ecran 4K 27 pouces,"Pas mal du tout, malgré quelques petits défauts.",3,Neutral
Ecran 4K 27 pouces,"Arrivé dans les temps, emballage sommaire.",3,Neutral
Webcam HD 1080p,Fonctionne parfaitement bien.,5,Positive
Webcam HD 1080p,La qualité est médiocre.,2,Negative
Enceinte Connectée,Expédition rapide et soignée.,4,Positive
Support PC Portable,Fonctionne parfaitement bien.,4,Positive
Ecran 4K 27 pouces,Fonctionne parfaitement bien.,5,Positive
Cable USB-C Charge Rapide,C'est un excellent produit !,4,Positive
Souris Sans Fil,Je ne recommande pas ce produit.,2,Negative
Ecouteurs Bluetooth,Je ne recommande pas ce produit.,1,Negative
Support PC Portable,"Arrivé cassé, inadmissible.",1,Negative
Enceinte Connectée,La qualité est au rendez-vous.,5,Positive
Clavier Gamer RGB,C'est un excellent produit !,5,Positive
Tapis de Souris XXL,Très déçu par cet achat.,2,Negative
Souris Sans Fil,Expédition rapide et soignée.,4,Positive
Ecouteurs Bluetooth,Ne fonctionne pas du tout.,2,Negative
Tapis de Souris XXL,Le SAV est inexistant.,2,Negative
Support PC Portable,"Super produit, rien à dire.",5,Positive
Clavier Gamer RGB,"Super produit, rien à dire.",4,Positive
Cable USB-C Charge Rapide,Je ne recommande pas ce produit.,2,Negative
Ecouteurs Bluetooth,Expédition rapide et soignée.,4,Positive
Tapis de Souris XXL,En panne après deux jours d'utilisation.,1,Negative
Ecran 4K 27 pouces,Design élégant et robuste.,4,Positive
Enceinte Connectée,Fonctionne parfaitement bien.,4,Positive
Tapis de Souris XXL,Plastique de mauvaise qualité.,2,Negative
Cable USB-C Charge Rapide,"Pas mal du tout, malgré quelques petits défauts.",3,Neutral
Ecouteurs Bluetooth,"Conforme à la description, mais l'usage est limité.",3,Neutral
Ecouteurs Bluetooth,Expédition rapide et soignée.,5,Positive
Tapis de Souris XXL,Excellent rapport qualité-prix.,4,Positive
Casque Audio Noise Cancelling,Correct sans être exceptionnel.,3,Neutral
Enceinte Connectée,Correct sans être exceptionnel.,3,Neutral
Cable USB-C Charge Rapide,Excellent rapport qualité-prix.,4,Positive
Ecouteurs Bluetooth,Correct sans être exceptionnel.,3,Neutral
Ecouteurs Bluetooth,"Moyen, j'attendais un peu mieux.",3,Neutral
Casque Audio Noise Cancelling,C'est un excellent produit !,4,Positive
Clavier Gamer RGB,Expédition rapide et soignée.,4,Positive
Clavier Gamer RGB,Expédition rapide et soignée.,4,Positive
Webcam HD 1080p,Très simple à installer.,5,Positive
Tapis de Souris XXL,"Arrivé dans les temps, emballage sommaire.",3,Neutral
Webcam HD 1080p,Je recommande vivement cet article.,4,Positive
Ecran 4K 27 pouces,"Arrivé dans les temps, emballage sommaire.",3,Neutral
Clavier Gamer RGB,"Arrivé cassé, inadmissible.",1,Negative
Clavier Gamer RGB,Je recommande vivement cet article.,4,Positive
Casque Audio Noise Cancelling,Produit correct pour le prix.,3,Neutral
Ecran 4K 27 pouces,Très simple à installer.,5,Positive
Enceinte Connectée,Très simple à installer.,4,Positive
Webcam HD 1080p,Excellent rapport qualité-prix.,5,Positive
Ecouteurs Bluetooth,Très simple à installer.,4,Positive
Enceinte Connectée,Très simple à installer.,5,Positive
Tapis de Souris XXL,Excellent rapport qualité-prix.,5,Positive
Webcam HD 1080p,"Super produit, rien à dire.",5,Positive
Clavier Gamer RGB,"Arrivé dans les temps, emballage sommaire.",3,Neutral
Tapis de Souris XXL,Une perte de temps et d'argent.,1,Negative
Support PC Portable,C'est un excellent produit !,4,Positive
Support PC Portable,La qualité est médiocre.,2,Negative
Clavier Gamer RGB,Fait le job mais sans plus.,3,Neutral
Cable USB-C Charge Rapide,Design élégant et robuste.,4,Positive
Ecran 4K 27 pouces,C'est un excellent produit !,5,Positive
Support PC Portable,Très simple à installer.,4,Positive
Ecran 4K 27 pouces,Les performances sont impressionnantes.,5,Positive
Support PC Portable,Ne fonctionne pas du tout.,2,Negative
Cable USB-C Charge Rapide,Les performances sont impressionnantes.,5,Positive
Enceinte Connectée,Vraiment ravi de mon achat.,5,Positive
Cable USB-C Charge Rapide,Les performances sont impressionnantes.,5,Positive
Clavier Gamer RGB,Le SAV est inexistant.,2,Negative
Enceinte Connectée,"Conforme à la description, mais l'usage est limité.",3,Neutral
Tapis de Souris XXL,Design élégant et robuste.,5,Positive
Ecouteurs Bluetooth,Expédition rapide et soignée.,5,Positive
Casque Audio Noise Cancelling,Excellent rapport qualité-prix.,5,Positive
Ecran 4K 27 pouces,Ne fonctionne pas du tout.,1,Negative
Enceinte Connectée,Fonctionne parfaitement bien.,5,Positive
Webcam HD 1080p,Très déçu par cet achat.,1,Negative
Souris Sans Fil,Excellent rapport qualité-prix.,5,Positive
Tapis de Souris XXL,Un peu déçu par la finition mais ça fonctionne.,3,Neutral
Ecran 4K 27 pouces,"Conforme à la description, mais l'usage est limité.",3,Neutral
Support PC Portable,Produit correct pour le prix.,3,Neutral
Ecran 4K 27 pouces,Très simple à installer.,5,Positive
Support PC Portable,Excellent rapport qualité-prix.,4,Positive
Ecouteurs Bluetooth,"Super produit, rien à dire.",5,Positive
Souris Sans Fil,La qualité est au rendez-vous.,4,Positive
Cable USB-C Charge Rapide,Correct sans être exceptionnel.,3,Neutral
Tapis de Souris XXL,En panne après deux jours d'utilisation.,2,Negative
Tapis de Souris XXL,Expédition rapide et soignée.,4,Positive
Cable USB-C Charge Rapide,Très simple à installer.,4,Positive
Clavier Gamer RGB,Un peu déçu par la finition mais ça fonctionne.,3,Neutral
Webcam HD 1080p,"C'est une arnaque, passez votre chemin.",2,Negative
Ecran 4K 27 pouces,La qualité est au rendez-vous.,5,Positive
Cable USB-C Charge Rapide,Fonctionne parfaitement bien.,5,Positive
Clavier Gamer RGB,Fonctionne parfaitement bien.,5,Positive
Enceinte Connectée,C'est un excellent produit !,4,Positive
Clavier Gamer RGB,Fonctionne parfaitement bien.,5,Positive
Tapis de Souris XXL,Les performances sont impressionnantes.,5,Positive
Ecran 4K 27 pouces,Je ne recommande pas ce produit.,2,Negative
Ecouteurs Bluetooth,Expédition rapide et soignée.,5,Positive
Cable USB-C Charge Rapide,La qualité est au rendez-vous.,5,Positive
Enceinte Connectée,Un peu déçu par la finition mais ça fonctionne.,3,Neutral
Tapis de Souris XXL,La qualité est au rendez-vous.,5,Positive
Souris Sans Fil,Expédition rapide et soignée.,5,Positive
Casque Audio Noise Cancelling,La qualité est au rendez-vous.,4,Positive
Ecran 4K 27 pouces,Je recommande vivement cet article.,4,Positive
Clavier Gamer RGB,Design élégant et robuste.,5,Positive
Ecouteurs Bluetooth,"Super produit, rien à dire.",4,Positive
Tapis de Souris XXL,Je recommande vivement cet article.,4,Positive
Ecouteurs Bluetooth,Le SAV est inexistant.,1,Negative
Clavier Gamer RGB,Excellent rapport qualité-prix.,5,Positive
Casque Audio Noise Cancelling,La qualité est au rendez-vous.,4,Positive
Ecran 4K 27 pouces,Très simple à installer.,5,Positive
Enceinte Connectée,Design élégant et robuste.,5,Positive
Webcam HD 1080p,Fonctionne parfaitement bien.,5,Positive
Casque Audio Noise Cancelling,Design élégant et robuste.,4,Positive
Casque Audio Noise Cancelling,"Pas mal du tout, malgré quelques petits défauts.",3,Neutral
Cable USB-C Charge Rapide,La qualité est au rendez-vous.,4,Positive
Souris Sans Fil,"Pas mal du tout, malgré quelques petits défauts.",3,Neutral
Enceinte Connectée,Fonctionne parfaitement bien.,5,Positive
Ecouteurs Bluetooth,Fonctionne parfaitement bien.,5,Positive
Support PC Portable,C'est un excellent produit !,5,Positive
Ecran 4K 27 pouces,Le SAV est inexistant.,1,Negative
Clavier Gamer RGB,"Arrivé dans les temps, emballage sommaire.",3,Neutral
Casque Audio Noise Cancelling,Fait le job mais sans plus.,3,Neutral
Cable USB-C Charge Rapide,Un peu déçu par la finition mais ça fonctionne.,3,Neutral
Webcam HD 1080p,Vraiment ravi de mon achat.,5,Positive
Clavier Gamer RGB,Très simple à installer.,4,Positive
Webcam HD 1080p,Ne fonctionne pas du tout.,1,Negative
Webcam HD 1080p,En panne après deux jours d'utilisation.,1,Negative
Casque Audio Noise Cancelling,Je ne recommande pas ce produit.,1,Negative
Support PC Portable,Je recommande vivement cet article.,4,Positive
Ecouteurs Bluetooth,Je ne recommande pas ce produit.,1,Negative
Ecouteurs Bluetooth,Vraiment ravi de mon achat.,4,Positive
Enceinte Connectée,Je recommande vivement cet article.,4,Positive
Clavier Gamer RGB,Ne fonctionne pas du tout.,2,Negative
Ecran 4K 27 pouces,Design élégant et robuste.,4,Positive
Webcam HD 1080p,"Pas mal du tout, malgré quelques petits défauts.",3,Neutral
Cable USB-C Charge Rapide,Excellent rapport qualité-prix.,5,Positive
Clavier Gamer RGB,C'est un excellent produit !,5,Positive
Casque Audio Noise Cancelling,"Super produit, rien à dire.",5,Positive
Enceinte Connectée,Vraiment ravi de mon achat.,4,Positive
Clavier Gamer RGB,Expédition rapide et soignée.,5,Positive
Casque Audio Noise Cancelling,La qualité est au rendez-vous.,5,Positive
Souris Sans Fil,Les performances sont impressionnantes.,5,Positive
Cable USB-C Charge Rapide,"Conforme à la description, mais l'usage est limité.",3,Neutral
Cable USB-C Charge Rapide,Design élégant et robuste.,4,Positive
Cable USB-C Charge Rapide,C'est un excellent produit !,5,Positive
Webcam HD 1080p,"Arrivé cassé, inadmissible.",1,Negative
Ecouteurs Bluetooth,"Arrivé dans les temps, emballage sommaire.",3,Neutral
Webcam HD 1080p,"Super produit, rien à dire.",4,Positive
Casque Audio Noise Cancelling,Très déçu par cet achat.,1,Negative
Casque Audio Noise Cancelling,Excellent rapport qualité-prix.,4,Positive
Support PC Portable,"Super produit, rien à dire.",4,Positive
Enceinte Connectée,Excellent rapport qualité-prix.,5,Positive
Ecran 4K 27 pouces,Vraiment ravi de mon achat.,4,Positive
Clavier Gamer RGB,En panne après deux jours d'utilisation.,2,Negative
Cable USB-C Charge Rapide,La qualité est au rendez-vous.,4,Positive
Tapis de Souris XXL,Excellent rapport qualité-prix.,4,Positive
Cable USB-C Charge Rapide,Design élégant et robuste.,5,Positive
Cable USB-C Charge Rapide,"C'est une arnaque, passez votre chemin.",2,Negative
Webcam HD 1080p,"Super produit, rien à dire.",5,Positive
Webcam HD 1080p,Le SAV est inexistant.,2,Negative
Cable USB-C Charge Rapide,C'est un excellent produit !,5,Positive
Ecran 4K 27 pouces,C'est un excellent produit !,4,Positive
Clavier Gamer RGB,"C'est une arnaque, passez votre chemin.",2,Negative
Clavier Gamer RGB,"Conforme à la description, mais l'usage est limité.",3,Neutral
Support PC Portable,"C'est une arnaque, passez votre chemin.",1,Negative
Tapis de Souris XXL,Les performances sont impressionnantes.,5,Positive
Ecran 4K 27 pouces,"C'est une arnaque, passez votre chemin.",1,Negative
Enceinte Connectée,Design élégant et robuste.,4,Positive
Ecouteurs Bluetooth,C'est un excellent produit !,5,Positive
Clavier Gamer RGB,La qualité est au rendez-vous.,4,Positive
Ecouteurs Bluetooth,Vraiment ravi de mon achat.,5,Positive
Tapis de Souris XXL,Design élégant et robuste.,5,Positive
Cable USB-C Charge Rapide,"Super produit, rien à dire.",4,Positive
Enceinte Connectée,Expédition rapide et soignée.,5,Positive
Tapis de Souris XXL,"Arrivé cassé, inadmissible.",1,Negative
Ecouteurs Bluetooth,Fonctionne parfaitement bien.,4,Positive
Ecran 4K 27 pouces,C'est un excellent produit !,4,Positive
Cable USB-C Charge Rapide,Correct sans être exceptionnel.,3,Neutral
Casque Audio Noise Cancelling,"Moyen, j'attendais un peu mieux.",3,Neutral
Ecran 4K 27 pouces,Fait le job mais sans plus.,3,Neutral
Webcam HD 1080p,Fonctionne parfaitement bien.,5,Positive
Ecouteurs Bluetooth,"Arrivé cassé, inadmissible.",1,Negative
Cable USB-C Charge Rapide,Correct sans être exceptionnel.,3,Neutral
Cable USB-C Charge Rapide,Fonctionne parfaitement bien.,4,Positive
Enceinte Connectée,En panne après deux jours d'utilisation.,2,Negative
Ecran 4K 27 pouces,"C'est une arnaque, passez votre chemin.",1,Negative
Casque Audio Noise Cancelling,Je recommande vivement cet article.,4,Positive
Ecouteurs Bluetooth,Je ne recommande pas ce produit.,1,Negative
Webcam HD 1080p,Design élégant et robuste.,4,Positive
Webcam HD 1080p,Excellent rapport qualité-prix.,4,Positive
Clavier Gamer RGB,Design élégant et robuste.,4,Positive
Ecran 4K 27 pouces,"Arrivé cassé, inadmissible.",2,Negative
Souris Sans Fil,Excellent rapport qualité-prix.,4,Positive
Souris Sans Fil,Les performances sont impressionnantes.,5,Positive
Enceinte Connectée,"Moyen, j'attendais un peu mieux.",3,Neutral
Cable USB-C Charge Rapide,Fonctionne parfaitement bien.,5,Positive
Webcam HD 1080p,C'est un excellent produit !,5,Positive
Ecouteurs Bluetooth,En panne après deux jours d'utilisation.,2,Negative
Support PC Portable,Les performances sont impressionnantes.,4,Positive
Ecran 4K 27 pouces,Design élégant et robuste.,4,Positive
Ecouteurs Bluetooth,"Arrivé dans les temps, emballage sommaire.",3,Neutral
Casque Audio Noise Cancelling,En panne après deux jours d'utilisation.,1,Negative
Tapis de Souris XXL,Expédition rapide et soignée.,4,Positive
Clavier Gamer RGB,Correct sans être exceptionnel.,3,Neutral
Casque Audio Noise Cancelling,Très déçu par cet achat.,1,Negative
Ecouteurs Bluetooth,Fait le job mais sans plus.,3,Neutral
Clavier Gamer RGB,Excellent rapport qualité-prix.,5,Positive
Ecouteurs Bluetooth,Fonctionne parfaitement bien.,5,Positive
Enceinte Connectée,Les performances sont impressionnantes.,5,Positive
Enceinte Connectée,Fonctionne parfaitement bien.,4,Positive
Clavier Gamer RGB,"Super produit, rien à dire.",4,Positive
Ecran 4K 27 pouces,"Super produit, rien à dire.",5,Positive
Casque Audio Noise Cancelling,Le SAV est inexistant.,1,Negative
Casque Audio Noise Cancelling,"Super produit, rien à dire.",4,Positive
Ecran 4K 27 pouces,"Super produit, rien à dire.",5,Positive
Cable USB-C Charge Rapide,"Super produit, rien à dire.",5,Positive
Support PC Portable,Une perte de temps et d'argent.,1,Negative
Tapis de Souris XXL,Ne fonctionne pas du tout.,2,Negative
Webcam HD 1080p,Très simple à installer.,4,Positive
Enceinte Connectée,C'est un excellent produit !,4,Positive
Casque Audio Noise Cancelling,Très simple à installer.,4,Positive
Casque Audio Noise Cancelling,"C'est une arnaque, passez votre chemin.",1,Negative
Casque Audio Noise Cancelling,C'est un excellent produit !,4,Positive
Souris Sans Fil,Vraiment ravi de mon achat.,5,Positive
Casque Audio Noise Cancelling,"Arrivé dans les temps, emballage sommaire.",3,Neutral
Enceinte Connectée,Excellent rapport qualité-prix.,4,Positive
Support PC Portable,Fonctionne parfaitement bien.,4,Positive
Souris Sans Fil,Les performances sont impressionnantes.,4,Positive
Ecran 4K 27 pouces,"Moyen, j'attendais un peu mieux.",3,Neutral
Souris Sans Fil,Correct sans être exceptionnel.,3,Neutral
Casque Audio Noise Cancelling,La qualité est médiocre.,1,Negative
Casque Audio Noise Cancelling,"C'est une arnaque, passez votre chemin.",1,Negative
Webcam HD 1080p,La qualité est au rendez-vous.,5,Positive
Souris Sans Fil,Je recommande vivement cet article.,5,Positive
Cable USB-C Charge Rapide,Fonctionne parfaitement bien.,5,Positive
Casque Audio Noise Cancelling,"Arrivé dans les temps, emballage sommaire.",3,Neutral
Enceinte Connectée,Vraiment ravi de mon achat.,4,Positive
Cable USB-C Charge Rapide,Un peu déçu par la finition mais ça fonctionne.,3,Neutral
Ecran 4K 27 pouces,C'est un excellent produit !,5,Positive
Webcam HD 1080p,Produit correct pour le prix.,3,Neutral
Tapis de Souris XXL,Vraiment ravi de mon achat.,5,Positive
Tapis de Souris XXL,Les performances sont impressionnantes.,5,Positive
Clavier Gamer RGB,"Arrivé dans les temps, emballage sommaire.",3,Neutral
Souris Sans Fil,"Conforme à la description, mais l'usage est limité.",3,Neutral
Webcam HD 1080p,Les performances sont impressionnantes.,5,Positive
Ecouteurs Bluetooth,Produit correct pour le prix.,3,Neutral
Cable USB-C Charge Rapide,"C'est une arnaque, passez votre chemin.",1,Negative
Souris Sans Fil,Excellent rapport qualité-prix.,4,Positive
Casque Audio Noise Cancelling,Un peu déçu par la finition mais ça fonctionne.,3,Neutral
Souris Sans Fil,Vraiment ravi de mon achat.,5,Positive
Enceinte Connectée,Correct sans être exceptionnel.,3,Neutral
Webcam HD 1080p,Design élégant et robuste.,5,Positive
Ecran 4K 27 pouces,Un peu déçu par la finition mais ça fonctionne.,3,Neutral
Webcam HD 1080p,"Arrivé cassé, inadmissible.",2,Negative
Tapis de Souris XXL,Fait le job mais sans plus.,3,Neutral
Webcam HD 1080p,Je ne recommande pas ce produit.,1,Negative
Support PC Portable,Vraiment ravi de mon achat.,4,Positive
Ecouteurs Bluetooth,Excellent rapport qualité-prix.,4,Positive
Support PC Portable,La qualité est au rendez-vous.,5,Positive
Tapis de Souris XXL,Excellent rapport qualité-prix.,5,Positive
Ecouteurs Bluetooth,Très simple à installer.,5,Positive
Cable USB-C Charge Rapide,Correct sans être exceptionnel.,3,Neutral
Ecran 4K 27 pouces,Très simple à installer.,4,Positive
Clavier Gamer RGB,C'est un excellent produit !,4,Positive
Enceinte Connectée,Correct sans être exceptionnel.,3,Neutral
Cable USB-C Charge Rapide,Le SAV est inexistant.,1,Negative
Support PC Portable,Vraiment ravi de mon achat.,4,Positive
Clavier Gamer RGB,Ne fonctionne pas du tout.,1,Negative
Souris Sans Fil,Un peu déçu par la finition mais ça fonctionne.,3,Neutral
Casque Audio Noise Cancelling,Le SAV est inexistant.,2,Negative
Tapis de Souris XXL,Design élégant et robuste.,4,Positive
Souris Sans Fil,C'est un excellent produit !,5,Positive
Enceinte Connectée,Je recommande vivement cet article.,5,Positive
Ecouteurs Bluetooth,Design élégant et robuste.,4,Positive
Webcam HD 1080p,Un peu déçu par la finition mais ça fonctionne.,3,Neutral
Casque Audio Noise Cancelling,Les performances sont impressionnantes.,4,Positive
Tapis de Souris XXL,"Super produit, rien à dire.",4,Positive
Clavier Gamer RGB,Vraiment ravi de mon achat.,5,Positive
Clavier Gamer RGB,Très simple à installer.,5,Positive
Cable USB-C Charge Rapide,Correct sans être exceptionnel.,3,Neutral
Casque Audio Noise Cancelling,Très déçu par cet achat.,1,Negative
Clavier Gamer RGB,Design élégant et robuste.,4,Positive
Souris Sans Fil,C'est un excellent produit !,5,Positive
Souris Sans Fil,Un peu déçu par la finition mais ça fonctionne.,3,Neutral
Clavier Gamer RGB,Un peu déçu par la finition mais ça fonctionne.,3,Neutral
Cable USB-C Charge Rapide,"Pas mal du tout, malgré quelques petits défauts.",3,Neutral
Ecran 4K 27 pouces,Plastique de mauvaise qualité.,2,Negative
Webcam HD 1080p,Les performances sont impressionnantes.,5,Positive
Souris Sans Fil,"Arrivé cassé, inadmissible.",1,Negative
Ecouteurs Bluetooth,Plastique de mauvaise qualité.,2,Negative
Ecouteurs Bluetooth,Les performances sont impressionnantes.,5,Positive
Casque Audio Noise Cancelling,Je ne recommande pas ce produit.,2,Negative
Clavier Gamer RGB,Je recommande vivement cet article.,4,Positive
Tapis de Souris XXL,Vraiment ravi de mon achat.,5,Positive
Clavier Gamer RGB,Excellent rapport qualité-prix.,5,Positive
Cable USB-C Charge Rapide,C'est un excellent produit !,4,Positive
Enceinte Connectée,Très simple à installer.,5,Positive
Clavier Gamer RGB,Design élégant et robuste.,4,Positive
Casque Audio Noise Cancelling,La qualité est au rendez-vous.,5,Positive
Enceinte Connectée,Je recommande vivement cet article.,4,Positive
Ecouteurs Bluetooth,Expédition rapide et soignée.,4,Positive
Clavier Gamer RGB,"Arrivé dans les temps, emballage sommaire.",3,Neutral
Webcam HD 1080p,Vraiment ravi de mon achat.,5,Positive
Ecran 4K 27 pouces,Expédition rapide et soignée.,4,Positive
Tapis de Souris XXL,La qualité est au rendez-vous.,4,Positive
Souris Sans Fil,Produit correct pour le prix.,3,Neutral
Tapis de Souris XXL,Design élégant et robuste.,4,Positive
Support PC Portable,Un peu déçu par la finition mais ça fonctionne.,3,Neutral
Tapis de Souris XXL,Je ne recommande pas ce produit.,1,Negative
Support PC Portable,En panne après deux jours d'utilisation.,1,Negative
Ecran 4K 27 pouces,Vraiment ravi de mon achat.,4,Positive
Ecouteurs Bluetooth,La qualité est au rendez-vous.,5,Positive
Tapis de Souris XXL,La qualité est au rendez-vous.,5,Positive
Support PC Portable,Excellent rapport qualité-prix.,4,Positive
Clavier Gamer RGB,Je recommande vivement cet article.,5,Positive
Enceinte Connectée,C'est un excellent produit !,4,Positive
Cable USB-C Charge Rapide,Le SAV est inexistant.,2,Negative
Enceinte Connectée,Vraiment ravi de mon achat.,5,Positive
Enceinte Connectée,La qualité est au rendez-vous.,5,Positive
Souris Sans Fil,Un peu déçu par la finition mais ça fonctionne.,3,Neutral
Tapis de Souris XXL,Je ne recommande pas ce produit.,2,Negative
Tapis de Souris XXL,C'est un excellent produit !,4,Positive
Tapis de Souris XXL,"Moyen, j'attendais un peu mieux.",3,Neutral
Webcam HD 1080p,Design élégant et robuste.,5,Positive
Support PC Portable,Vraiment ravi de mon achat.,4,Positive
Ecran 4K 27 pouces,Un peu déçu par la finition mais ça fonctionne.,3,Neutral
Clavier Gamer RGB,"Moyen, j'attendais un peu mieux.",3,Neutral
Support PC Portable,Design élégant et robuste.,4,Positive
Cable USB-C Charge Rapide,Vraiment ravi de mon achat.,4,Positive
Casque Audio Noise Cancelling,Très simple à installer.,5,Positive
Webcam HD 1080p,Vraiment ravi de mon achat.,4,Positive
Tapis de Souris XXL,Correct sans être exceptionnel.,3,Neutral
Souris Sans Fil,Fonctionne parfaitement bien.,4,Positive
Casque Audio Noise Cancelling,"Arrivé dans les temps, emballage sommaire.",3,Neutral
Clavier Gamer RGB,Je recommande vivement cet article.,4,Positive
Support PC Portable,La qualité est au rendez-vous.,4,Positive
Enceinte Connectée,Un peu déçu par la finition mais ça fonctionne.,3,Neutral
Clavier Gamer RGB,"Conforme à la description, mais l'usage est limité.",3,Neutral
Cable USB-C Charge Rapide,Vraiment ravi de mon achat.,4,Positive
Ecran 4K 27 pouces,"Conforme à la description, mais l'usage est limité.",3,Neutral
Webcam HD 1080p,"C'est une arnaque, passez votre chemin.",1,Negative
Ecouteurs Bluetooth,"Moyen, j'attendais un peu mieux.",3,Neutral
Casque Audio Noise Cancelling,Plastique de mauvaise qualité.,1,Negative
Enceinte Connectée,"Moyen, j'attendais un peu mieux.",3,Neutral
Souris Sans Fil,Très simple à installer.,5,Positive
Ecouteurs Bluetooth,Fonctionne parfaitement bien.,5,Positive
Webcam HD 1080p,C'est un excellent produit !,4,Positive
Webcam HD 1080p,Design élégant et robuste.,4,Positive
Ecran 4K 27 pouces,Les performances sont impressionnantes.,5,Positive
Webcam HD 1080p,Je ne recommande pas ce produit.,2,Negative
Tapis de Souris XXL,Je recommande vivement cet article.,5,Positive
Cable USB-C Charge Rapide,Design élégant et robuste.,4,Positive
Casque Audio Noise Cancelling,Excellent rapport qualité-prix.,4,Positive
Souris Sans Fil,Je recommande vivement cet article.,5,Positive
Ecran 4K 27 pouces,Expédition rapide et soignée.,5,Positive
Webcam HD 1080p,C'est un excellent produit !,5,Positive
Cable USB-C Charge Rapide,Les performances sont impressionnantes.,4,Positive
Enceinte Connectée,Design élégant et robuste.,4,Positive
Webcam HD 1080p,"Arrivé dans les temps, emballage sommaire.",3,Neutral
Tapis de Souris XXL,Design élégant et robuste.,5,Positive
Enceinte Connectée,"Conforme à la description, mais l'usage est limité.",3,Neutral
Tapis de Souris XXL,Excellent rapport qualité-prix.,4,Positive
Support PC Portable,Je recommande vivement cet article.,4,Positive
Clavier Gamer RGB,C'est un excellent produit !,4,Positive
Support PC Portable,Fait le job mais sans plus.,3,Neutral
Support PC Portable,Vraiment ravi de mon achat.,5,Positive
Ecran 4K 27 pouces,"Super produit, rien à dire.",4,Positive
Clavier Gamer RGB,Excellent rapport qualité-prix.,4,Positive
Webcam HD 1080p,Fonctionne parfaitement bien.,4,Positive
Enceinte Connectée,Fonctionne parfaitement bien.,4,Positive
Ecran 4K 27 pouces,La qualité est au rendez-vous.,5,Positive
Enceinte Connectée,La qualité est au rendez-vous.,4,Positive
Ecran 4K 27 pouces,"Super produit, rien à dire.",4,Positive
Casque Audio Noise Cancelling,Design élégant et robuste.,4,Positive
Ecran 4K 27 pouces,Vraiment ravi de mon achat.,5,Positive
Cable USB-C Charge Rapide,Correct sans être exceptionnel.,3,Neutral
Cable USB-C Charge Rapide,Fonctionne parfaitement bien.,4,Positive
Souris Sans Fil,Je ne recommande pas ce produit.,1,Negative
Support PC Portable,Excellent rapport qualité-prix.,5,Positive
Webcam HD 1080p,Les performances sont impressionnantes.,4,Positive
Ecran 4K 27 pouces,"Moyen, j'attendais un peu mieux.",3,Neutral
Tapis de Souris XXL,C'est un excellent produit !,5,Positive
Souris Sans Fil,Vraiment ravi de mon achat.,5,Positive
Support PC Portable,Excellent rapport qualité-prix.,4,Positive
Cable USB-C Charge Rapide,Les performances sont impressionnantes.,5,Positive
Cable USB-C Charge Rapide,"Arrivé dans les temps, emballage sommaire.",3,Neutral
Ecouteurs Bluetooth,Fait le job mais sans plus.,3,Neutral
Enceinte Connectée,"Super produit, rien à dire.",4,Positive
Souris Sans Fil,Excellent rapport qualité-prix.,4,Positive
Tapis de Souris XXL,Vraiment ravi de mon achat.,5,Positive
Souris Sans Fil,Très simple à installer.,4,Positive
Ecran 4K 27 pouces,Produit correct pour le prix.,3,Neutral
Tapis de Souris XXL,Excellent rapport qualité-prix.,5,Positive
Enceinte Connectée,Un peu déçu par la finition mais ça fonctionne.,3,Neutral
Clavier Gamer RGB,En panne après deux jours d'utilisation.,2,Negative
Tapis de Souris XXL,"Arrivé cassé, inadmissible.",2,Negative
Tapis de Souris XXL,Fonctionne parfaitement bien.,5,Positive
Tapis de Souris XXL,Design élégant et robuste.,5,Positive
Support PC Portable,"Pas mal du tout, malgré quelques petits défauts.",3,Neutral
Ecran 4K 27 pouces,Design élégant et robuste.,4,Positive
Casque Audio Noise Cancelling,"Arrivé cassé, inadmissible.",1,Negative
Webcam HD 1080p,C'est un excellent produit !,5,Positive
Clavier Gamer RGB,Excellent rapport qualité-prix.,4,Positive
Webcam HD 1080p,Excellent rapport qualité-prix.,4,Positive
Webcam HD 1080p,La qualité est au rendez-vous.,4,Positive
Clavier Gamer RGB,Expédition rapide et soignée.,5,Positive
Clavier Gamer RGB,Les performances sont impressionnantes.,5,Positive
Clavier Gamer RGB,C'est un excellent produit !,5,Positive
Ecouteurs Bluetooth,La qualité est médiocre.,1,Negative
Clavier Gamer RGB,Je recommande vivement cet article.,4,Positive
Cable USB-C Charge Rapide,"Conforme à la description, mais l'usage est limité.",3,Neutral
Casque Audio Noise Cancelling,Vraiment ravi de mon achat.,4,Positive
Casque Audio Noise Cancelling,Très simple à installer.,4,Positive
Ecran 4K 27 pouces,Un peu déçu par la finition mais ça fonctionne.,3,Neutral
Webcam HD 1080p,Fait le job mais sans plus.,3,Neutral
Webcam HD 1080p,"Super produit, rien à dire.",5,Positive
Webcam HD 1080p,Expédition rapide et soignée.,4,Positive
Ecran 4K 27 pouces,La qualité est au rendez-vous.,4,Positive
Souris Sans Fil,Très déçu par cet achat.,1,Negative
Enceinte Connectée,Très simple à installer.,4,Positive
Ecran 4K 27 pouces,"Conforme à la description, mais l'usage est limité.",3,Neutral
Cable USB-C Charge Rapide,Expédition rapide et soignée.,4,Positive
Cable USB-C Charge Rapide,"Moyen, j'attendais un peu mieux.",3,Neutral
Support PC Portable,"Conforme à la description, mais l'usage est limité.",3,Neutral
Souris Sans Fil,Très déçu par cet achat.,1,Negative
Casque Audio Noise Cancelling,"Super produit, rien à dire.",4,Positive
Enceinte Connectée,Ne fonctionne pas du tout.,1,Negative
Souris Sans Fil,Je recommande vivement cet article.,4,Positive
Cable USB-C Charge Rapide,Expédition rapide et soignée.,5,Positive
Enceinte Connectée,Je recommande vivement cet article.,4,Positive
Support PC Portable,C'est un excellent produit !,5,Positive
Casque Audio Noise Cancelling,"C'est une arnaque, passez votre chemin.",2,Negative
Souris Sans Fil,"Pas mal du tout, malgré quelques petits défauts.",3,Neutral
Tapis de Souris XXL,Fonctionne parfaitement bien.,5,Positive
Support PC Portable,Design élégant et robuste.,5,Positive
Support PC Portable,C'est un excellent produit !,5,Positive
Support PC Portable,Excellent rapport qualité-prix.,5,Positive
Tapis de Souris XXL,C'est un excellent produit !,5,Positive
Casque Audio Noise Cancelling,La qualité est au rendez-vous.,5,Positive
Enceinte Connectée,Très simple à installer.,5,Positive
Clavier Gamer RGB,Correct sans être exceptionnel.,3,Neutral
Enceinte Connectée,Correct sans être exceptionnel.,3,Neutral
Casque Audio Noise Cancelling,Fait le job mais sans plus.,3,Neutral
Casque Audio Noise Cancelling,C'est un excellent produit !,5,Positive
Clavier Gamer RGB,Vraiment ravi de mon achat.,5,Positive
Enceinte Connectée,En panne après deux jours d'utilisation.,1,Negative
Casque Audio Noise Cancelling,"Arrivé dans les temps, emballage sommaire.",3,Neutral
Enceinte Connectée,Vraiment ravi de mon achat.,4,Positive
Casque Audio Noise Cancelling,Les performances sont impressionnantes.,5,Positive
Tapis de Souris XXL,Correct sans être exceptionnel.,3,Neutral
Support PC Portable,Vraiment ravi de mon achat.,4,Positive
Souris Sans Fil,"Pas mal du tout, malgré quelques petits défauts.",3,Neutral
Souris Sans Fil,Fonctionne parfaitement bien.,5,Positive
Tapis de Souris XXL,"Pas mal du tout, malgré quelques petits défauts.",3,Neutral
Ecouteurs Bluetooth,Ne fonctionne pas du tout.,1,Negative
Webcam HD 1080p,"Pas mal du tout, malgré quelques petits défauts.",3,Neutral
Enceinte Connectée,C'est un excellent produit !,5,Positive
Ecouteurs Bluetooth,Design élégant et robuste.,5,Positive
Ecouteurs Bluetooth,Design élégant et robuste.,4,Positive
Support PC Portable,Produit correct pour le prix.,3,Neutral
Support PC Portable,Je ne recommande pas ce produit.,1,Negative
Ecran 4K 27 pouces,Design élégant et robuste.,5,Positive
Webcam HD 1080p,"Super produit, rien à dire.",4,Positive
Cable USB-C Charge Rapide,Expédition rapide et soignée.,4,Positive
Ecouteurs Bluetooth,C'est un excellent produit !,4,Positive
Support PC Portable,Design élégant et robuste.,4,Positive
Enceinte Connectée,Produit correct pour le prix.,3,Neutral
Souris Sans Fil,La qualité est au rendez-vous.,4,Positive
Tapis de Souris XXL,"Conforme à la description, mais l'usage est limité.",3,Neutral
Souris Sans Fil,Un peu déçu par la finition mais ça fonctionne.,3,Neutral
Webcam HD 1080p,C'est un excellent produit !,4,Positive
Souris Sans Fil,"Conforme à la description, mais l'usage est limité.",3,Neutral
Tapis de Souris XXL,Je ne recommande pas ce produit.,2,Negative
Support PC Portable,"Moyen, j'attendais un peu mieux.",3,Neutral
Ecran 4K 27 pouces,En panne après deux jours d'utilisation.,2,Negative
Webcam HD 1080p,Je ne recommande pas ce produit.,2,Negative
Cable USB-C Charge Rapide,En panne après deux jours d'utilisation.,1,Negative
Souris Sans Fil,"Super produit, rien à dire.",5,Positive
Souris Sans Fil,Excellent rapport qualité-prix.,4,Positive
Cable USB-C Charge Rapide,Design élégant et robuste.,4,Positive
Cable USB-C Charge Rapide,Vraiment ravi de mon achat.,5,Positive
Ecran 4K 27 pouces,Design élégant et robuste.,4,Positive
Casque Audio Noise Cancelling,"Arrivé dans les temps, emballage sommaire.",3,Neutral
Webcam HD 1080p,"Conforme à la description, mais l'usage est limité.",3,Neutral
Casque Audio Noise Cancelling,C'est un excellent produit !,5,Positive
Enceinte Connectée,Vraiment ravi de mon achat.,5,Positive
Support PC Portable,Expédition rapide et soignée.,4,Positive
Enceinte Connectée,Très simple à installer.,5,Positive
Enceinte Connectée,Les performances sont impressionnantes.,5,Positive
Webcam HD 1080p,Fonctionne parfaitement bien.,4,Positive
Tapis de Souris XXL,Je recommande vivement cet article.,4,Positive
Clavier Gamer RGB,"Conforme à la description, mais l'usage est limité.",3,Neutral
Cable USB-C Charge Rapide,Les performances sont impressionnantes.,4,Positive
Webcam HD 1080p,Fonctionne parfaitement bien.,5,Positive
Souris Sans Fil,Expédition rapide et soignée.,4,Positive
Souris Sans Fil,Ne fonctionne pas du tout.,1,Negative
Ecouteurs Bluetooth,Très simple à installer.,4,Positive
Tapis de Souris XXL,Le SAV est inexistant.,1,Negative
Cable USB-C Charge Rapide,Très simple à installer.,5,Positive
Webcam HD 1080p,Les performances sont impressionnantes.,5,Positive
Ecran 4K 27 pouces,Plastique de mauvaise qualité.,1,Negative
Tapis de Souris XXL,Ne fonctionne pas du tout.,2,Negative
Enceinte Connectée,Produit correct pour le prix.,3,Neutral
Support PC Portable,Un peu déçu par la finition mais ça fonctionne.,3,Neutral
Cable USB-C Charge Rapide,Produit correct pour le prix.,3,Neutral
Clavier Gamer RGB,Une perte de temps et d'argent.,1,Negative
Cable USB-C Charge Rapide,"Super produit, rien à dire.",5,Positive
Souris Sans Fil,Je recommande vivement cet article.,5,Positive
Enceinte Connectée,Le SAV est inexistant.,2,Negative
Ecouteurs Bluetooth,Correct sans être exceptionnel.,3,Neutral
Ecouteurs Bluetooth,"C'est une arnaque, passez votre chemin.",2,Negative
Cable USB-C Charge Rapide,"Pas mal du tout, malgré quelques petits défauts.",3,Neutral
Support PC Portable,Je recommande vivement cet article.,4,Positive
Souris Sans Fil,Vraiment ravi de mon achat.,5,Positive
Support PC Portable,"Pas mal du tout, malgré quelques petits défauts.",3,Neutral
Support PC Portable,Ne fonctionne pas du tout.,1,Negative
Cable USB-C Charge Rapide,La qualité est au rendez-vous.,5,Positive
Support PC Portable,Je recommande vivement cet article.,4,Positive
Tapis de Souris XXL,Une perte de temps et d'argent.,1,Negative
Support PC Portable,"Arrivé cassé, inadmissible.",2,Negative
Enceinte Connectée,Les performances sont impressionnantes.,5,Positive
Enceinte Connectée,Expédition rapide et soignée.,5,Positive
Cable USB-C Charge Rapide,Design élégant et robuste.,5,Positive
Cable USB-C Charge Rapide,Je ne recommande pas ce produit.,1,Negative
Clavier Gamer RGB,Les performances sont impressionnantes.,4,Positive
Ecran 4K 27 pouces,Expédition rapide et soignée.,4,Positive
Webcam HD 1080p,Expédition rapide et soignée.,5,Positive
Ecouteurs Bluetooth,Je ne recommande pas ce produit.,1,Negative
Casque Audio Noise Cancelling,Ne fonctionne pas du tout.,1,Negative
Souris Sans Fil,Je ne recommande pas ce produit.,2,Negative
Support PC Portable,"Arrivé dans les temps, emballage sommaire.",3,Neutral
Tapis de Souris XXL,Expédition rapide et soignée.,4,Positive
Casque Audio Noise Cancelling,La qualité est au rendez-vous.,5,Positive
Souris Sans Fil,Un peu déçu par la finition mais ça fonctionne.,3,Neutral
Clavier Gamer RGB,Très déçu par cet achat.,2,Negative
Casque Audio Noise Cancelling,Très simple à installer.,5,Positive
Clavier Gamer RGB,Ne fonctionne pas du tout.,1,Negative
Casque Audio Noise Cancelling,Design élégant et robuste.,4,Positive
Cable USB-C Charge Rapide,Fonctionne parfaitement bien.,4,Positive
Support PC Portable,"C'est une arnaque, passez votre chemin.",1,Negative
Ecouteurs Bluetooth,Je recommande vivement cet article.,4,Positive
Cable USB-C Charge Rapide,Excellent rapport qualité-prix.,5,Positive
Ecran 4K 27 pouces,La qualité est médiocre.,1,Negative
Ecouteurs Bluetooth,Design élégant et robuste.,4,Positive
Enceinte Connectée,Le SAV est inexistant.,2,Negative
Clavier Gamer RGB,Ne fonctionne pas du tout.,2,Negative
Tapis de Souris XXL,"Pas mal du tout, malgré quelques petits défauts.",3,Neutral
Tapis de Souris XXL,"Moyen, j'attendais un peu mieux.",3,Neutral
Enceinte Connectée,Expédition rapide et soignée.,4,Positive
Casque Audio Noise Cancelling,Vraiment ravi de mon achat.,5,Positive
Enceinte Connectée,Le SAV est inexistant.,1,Negative
Enceinte Connectée,Vraiment ravi de mon achat.,4,Positive
Souris Sans Fil,Une perte de temps et d'argent.,2,Negative
Webcam HD 1080p,Les performances sont impressionnantes.,5,Positive
Cable USB-C Charge Rapide,La qualité est au rendez-vous.,5,Positive
Enceinte Connectée,Très simple à installer.,4,Positive
Cable USB-C Charge Rapide,Expédition rapide et soignée.,4,Positive
Souris Sans Fil,"Super produit, rien à dire.",4,Positive
Ecran 4K 27 pouces,"Arrivé cassé, inadmissible.",1,Negative
Enceinte Connectée,Vraiment ravi de mon achat.,5,Positive
Souris Sans Fil,C'est un excellent produit !,4,Positive
Ecran 4K 27 pouces,Le SAV est inexistant.,2,Negative
Casque Audio Noise Cancelling,"C'est une arnaque, passez votre chemin.",1,Negative
Support PC Portable,Excellent rapport qualité-prix.,4,Positive
Enceinte Connectée,"Moyen, j'attendais un peu mieux.",3,Neutral
Souris Sans Fil,Excellent rapport qualité-prix.,5,Positive
Clavier Gamer RGB,Correct sans être exceptionnel.,3,Neutral
Clavier Gamer RGB,Design élégant et robuste.,5,Positive
Enceinte Connectée,Design élégant et robuste.,5,Positive
Ecouteurs Bluetooth,Une perte de temps et d'argent.,1,Negative
Souris Sans Fil,Un peu déçu par la finition mais ça fonctionne.,3,Neutral
Ecran 4K 27 pouces,"Super produit, rien à dire.",5,Positive
Tapis de Souris XXL,Excellent rapport qualité-prix.,5,Positive
Souris Sans Fil,Design élégant et robuste.,4,Positive
Support PC Portable,Produit correct pour le prix.,3,Neutral
Clavier Gamer RGB,Expédition rapide et soignée.,4,Positive
Enceinte Connectée,Fonctionne parfaitement bien.,5,Positive
Clavier Gamer RGB,Plastique de mauvaise qualité.,2,Negative
Souris Sans Fil,Design élégant et robuste.,5,Positive
Clavier Gamer RGB,Je recommande vivement cet article.,4,Positive
Clavier Gamer RGB,Correct sans être exceptionnel.,3,Neutral
Tapis de Souris XXL,Excellent rapport qualité-prix.,5,Positive
Enceinte Connectée,Un peu déçu par la finition mais ça fonctionne.,3,Neutral
Webcam HD 1080p,"Conforme à la description, mais l'usage est limité.",3,Neutral
Clavier Gamer RGB,Excellent rapport qualité-prix.,4,Positive
Support PC Portable,En panne après deux jours d'utilisation.,1,Negative
Webcam HD 1080p,Excellent rapport qualité-prix.,5,Positive
Support PC Portable,Expédition rapide et soignée.,5,Positive
Casque Audio Noise Cancelling,"Pas mal du tout, malgré quelques petits défauts.",3,Neutral
Cable USB-C Charge Rapide,"Super produit, rien à dire.",5,Positive
Casque Audio Noise Cancelling,Fonctionne parfaitement bien.,4,Positive
Souris Sans Fil,Fait le job mais sans plus.,3,Neutral
Souris Sans Fil,Expédition rapide et soignée.,5,Positive
Enceinte Connectée,C'est un excellent produit !,5,Positive
Clavier Gamer RGB,"Arrivé dans les temps, emballage sommaire.",3,Neutral
Souris Sans Fil,Expédition rapide et soignée.,5,Positive
Webcam HD 1080p,La qualité est médiocre.,2,Negative
Casque Audio Noise Cancelling,Excellent rapport qualité-prix.,5,Positive
Clavier Gamer RGB,"Moyen, j'attendais un peu mieux.",3,Neutral
Ecran 4K 27 pouces,C'est un excellent produit !,4,Positive
Ecran 4K 27 pouces,"Arrivé cassé, inadmissible.",1,Negative
Enceinte Connectée,Fonctionne parfaitement bien.,4,Positive
Enceinte Connectée,La qualité est au rendez-vous.,5,Positive
Enceinte Connectée,Excellent rapport qualité-prix.,5,Positive
Enceinte Connectée,"Moyen, j'attendais un peu mieux.",3,Neutral
Enceinte Connectée,Fait le job mais sans plus.,3,Neutral
Clavier Gamer RGB,Vraiment ravi de mon achat.,4,Positive
Tapis de Souris XXL,"C'est une arnaque, passez votre chemin.",1,Negative
Cable USB-C Charge Rapide,En panne après deux jours d'utilisation.,1,Negative
Casque Audio Noise Cancelling,"Super produit, rien à dire.",4,Positive
Support PC Portable,Vraiment ravi de mon achat.,5,Positive
Tapis de Souris XXL,"Arrivé cassé, inadmissible.",2,Negative
Casque Audio Noise Cancelling,"Moyen, j'attendais un peu mieux.",3,Neutral
Support PC Portable,"Pas mal du tout, malgré quelques petits défauts.",3,Neutral
Tapis de Souris XXL,"Arrivé cassé, inadmissible.",2,Negative
Tapis de Souris XXL,"Moyen, j'attendais un peu mieux.",3,Neutral
Tapis de Souris XXL,Expédition rapide et soignée.,5,Positive
Ecran 4K 27 pouces,"Arrivé dans les temps, emballage sommaire.",3,Neutral
Souris Sans Fil,Design élégant et robuste.,4,Positive
Ecouteurs Bluetooth,Je recommande vivement cet article.,5,Positive
Ecouteurs Bluetooth,La qualité est au rendez-vous.,5,Positive
Tapis de Souris XXL,La qualité est au rendez-vous.,5,Positive
Clavier Gamer RGB,Ne fonctionne pas du tout.,1,Negative
Casque Audio Noise Cancelling,Fait le job mais sans plus.,3,Neutral
Ecouteurs Bluetooth,Correct sans être exceptionnel.,3,Neutral
Ecouteurs Bluetooth,Design élégant et robuste.,5,Positive
Cable USB-C Charge Rapide,"Moyen, j'attendais un peu mieux.",3,Neutral
Souris Sans Fil,C'est un excellent produit !,4,Positive
Souris Sans Fil,Les performances sont impressionnantes.,5,Positive
Cable USB-C Charge Rapide,Très simple à installer.,4,Positive
Enceinte Connectée,Fonctionne parfaitement bien.,4,Positive
Tapis de Souris XXL,Un peu déçu par la finition mais ça fonctionne.,3,Neutral
Souris Sans Fil,Fait le job mais sans plus.,3,Neutral
Souris Sans Fil,"Pas mal du tout, malgré quelques petits défauts.",3,Neutral
Cable USB-C Charge Rapide,Les performances sont impressionnantes.,4,Positive
Ecran 4K 27 pouces,Plastique de mauvaise qualité.,2,Negative
Cable USB-C Charge Rapide,Produit correct pour le prix.,3,Neutral
Webcam HD 1080p,Vraiment ravi de mon achat.,4,Positive
Enceinte Connectée,La qualité est médiocre.,2,Negative
Tapis de Souris XXL,Les performances sont impressionnantes.,5,Positive
Webcam HD 1080p,Je recommande vivement cet article.,4,Positive
Support PC Portable,"Pas mal du tout, malgré quelques petits défauts.",3,Neutral
Ecouteurs Bluetooth,La qualité est au rendez-vous.,4,Positive
Tapis de Souris XXL,Vraiment ravi de mon achat.,4,Positive
Enceinte Connectée,Ne fonctionne pas du tout.,1,Negative
Ecran 4K 27 pouces,Un peu déçu par la finition mais ça fonctionne.,3,Neutral
Cable USB-C Charge Rapide,"C'est une arnaque, passez votre chemin.",2,Negative
Ecouteurs Bluetooth,La qualité est au rendez-vous.,5,Positive
Support PC Portable,Vraiment ravi de mon achat.,5,Positive
Souris Sans Fil,La qualité est au rendez-vous.,5,Positive
Ecouteurs Bluetooth,Correct sans être exceptionnel.,3,Neutral
Clavier Gamer RGB,Fait le job mais sans plus.,3,Neutral
Ecran 4K 27 pouces,C'est un excellent produit !,4,Positive
Ecouteurs Bluetooth,Très simple à installer.,5,Positive
Clavier Gamer RGB,Très simple à installer.,4,Positive
Enceinte Connectée,Fait le job mais sans plus.,3,Neutral
Webcam HD 1080p,Je recommande vivement cet article.,5,Positive
Tapis de Souris XXL,Les performances sont impressionnantes.,4,Positive
Ecouteurs Bluetooth,Produit correct pour le prix.,3,Neutral
Enceinte Connectée,Fonctionne parfaitement bien.,4,Positive
Tapis de Souris XXL,Vraiment ravi de mon achat.,4,Positive
Support PC Portable,Une perte de temps et d'argent.,1,Negative
Casque Audio Noise Cancelling,Vraiment ravi de mon achat.,5,Positive
Support PC Portable,Très simple à installer.,4,Positive
Webcam HD 1080p,Très simple à installer.,4,Positive
Support PC Portable,C'est un excellent produit !,5,Positive
Ecouteurs Bluetooth,La qualité est au rendez-vous.,4,Positive
Clavier Gamer RGB,Un peu déçu par la finition mais ça fonctionne.,3,Neutral
Cable USB-C Charge Rapide,"Arrivé cassé, inadmissible.",2,Negative
Tapis de Souris XXL,Vraiment ravi de mon achat.,5,Positive
Cable USB-C Charge Rapide,Une perte de temps et d'argent.,2,Negative
Tapis de Souris XXL,Design élégant et robuste.,5,Positive
Tapis de Souris XXL,Correct sans être exceptionnel.,3,Neutral
Tapis de Souris XXL,"Conforme à la description, mais l'usage est limité.",3,Neutral
Souris Sans Fil,Fonctionne parfaitement bien.,5,Positive
Ecouteurs Bluetooth,"Super produit, rien à dire.",4,Positive
Support PC Portable,Ne fonctionne pas du tout.,1,Negative
Clavier Gamer RGB,C'est un excellent produit !,5,Positive
Ecran 4K 27 pouces,"Arrivé dans les temps, emballage sommaire.",3,Neutral
Ecran 4K 27 pouces,Design élégant et robuste.,5,Positive
Clavier Gamer RGB,Excellent rapport qualité-prix.,5,Positive
Webcam HD 1080p,Une perte de temps et d'argent.,2,Negative
Webcam HD 1080p,Fonctionne parfaitement bien.,4,Positive
Ecran 4K 27 pouces,Produit correct pour le prix.,3,Neutral
Clavier Gamer RGB,Très simple à installer.,5,Positive
Clavier Gamer RGB,"Conforme à la description, mais l'usage est limité.",3,Neutral
Ecouteurs Bluetooth,Très simple à installer.,4,Positive
Casque Audio Noise Cancelling,Fonctionne parfaitement bien.,4,Positive
Cable USB-C Charge Rapide,Excellent rapport qualité-prix.,4,Positive
Tapis de Souris XXL,Je ne recommande pas ce produit.,2,Negative
Cable USB-C Charge Rapide,"Arrivé cassé, inadmissible.",1,Negative
Souris Sans Fil,Les performances sont impressionnantes.,5,Positive
Clavier Gamer RGB,La qualité est médiocre.,2,Negative
Souris Sans Fil,Très simple à installer.,5,Positive
Souris Sans Fil,"Moyen, j'attendais un peu mieux.",3,Neutral
Cable USB-C Charge Rapide,Fonctionne parfaitement bien.,4,Positive
Webcam HD 1080p,"Arrivé dans les temps, emballage sommaire.",3,Neutral
Clavier Gamer RGB,Le SAV est inexistant.,2,Negative
Souris Sans Fil,Un peu déçu par la finition mais ça fonctionne.,3,Neutral
Casque Audio Noise Cancelling,Très simple à installer.,4,Positive
Support PC Portable,La qualité est au rendez-vous.,4,Positive
Ecran 4K 27 pouces,Je recommande vivement cet article.,4,Positive
Ecran 4K 27 pouces,Expédition rapide et soignée.,5,Positive
Enceinte Connectée,Je recommande vivement cet article.,5,Positive
Enceinte Connectée,Je recommande vivement cet article.,5,Positive
Ecouteurs Bluetooth,Vraiment ravi de mon achat.,5,Positive
Souris Sans Fil,Vraiment ravi de mon achat.,4,Positive
Support PC Portable,Les performances sont impressionnantes.,4,Positive
Support PC Portable,Vraiment ravi de mon achat.,4,Positive
Cable USB-C Charge Rapide,C'est un excellent produit !,5,Positive
Enceinte Connectée,Je recommande vivement cet article.,5,Positive
Ecouteurs Bluetooth,Très simple à installer.,4,Positive
Ecouteurs Bluetooth,Un peu déçu par la finition mais ça fonctionne.,3,Neutral
Casque Audio Noise Cancelling,Une perte de temps et d'argent.,1,Negative
Enceinte Connectée,Je recommande vivement cet article.,4,Positive
Casque Audio Noise Cancelling,Une perte de temps et d'argent.,1,Negative
Ecouteurs Bluetooth,Excellent rapport qualité-prix.,4,Positive
Clavier Gamer RGB,"Moyen, j'attendais un peu mieux.",3,Neutral
Tapis de Souris XXL,"Pas mal du tout, malgré quelques petits défauts.",3,Neutral
Casque Audio Noise Cancelling,La qualité est médiocre.,2,Negative
Casque Audio Noise Cancelling,Excellent rapport qualité-prix.,4,Positive
Enceinte Connectée,Un peu déçu par la finition mais ça fonctionne.,3,Neutral
Support PC Portable,C'est un excellent produit !,5,Positive
Ecran 4K 27 pouces,"Super produit, rien à dire.",5,Positive
Tapis de Souris XXL,Les performances sont impressionnantes.,5,Positive
Tapis de Souris XXL,"Arrivé dans les temps, emballage sommaire.",3,Neutral
Clavier Gamer RGB,Vraiment ravi de mon achat.,4,Positive
Ecouteurs Bluetooth,"Arrivé dans les temps, emballage sommaire.",3,Neutral
Souris Sans Fil,Fonctionne parfaitement bien.,4,Positive
Enceinte Connectée,Je recommande vivement cet article.,5,Positive
Souris Sans Fil,"Conforme à la description, mais l'usage est limité.",3,Neutral
Ecran 4K 27 pouces,Très simple à installer.,4,Positive
Tapis de Souris XXL,Produit correct pour le prix.,3,Neutral
Webcam HD 1080p,C'est un excellent produit !,5,Positive
Webcam HD 1080p,Les performances sont impressionnantes.,4,Positive
Webcam HD 1080p,C'est un excellent produit !,5,Positive
Enceinte Connectée,Excellent rapport qualité-prix.,4,Positive
Cable USB-C Charge Rapide,Plastique de mauvaise qualité.,1,Negative
Cable USB-C Charge Rapide,Le SAV est inexistant.,2,Negative
Cable USB-C Charge Rapide,Design élégant et robuste.,5,Positive
Clavier Gamer RGB,La qualité est au rendez-vous.,5,Positive
Support PC Portable,"Arrivé cassé, inadmissible.",2,Negative
Tapis de Souris XXL,Je ne recommande pas ce produit.,1,Negative
Souris Sans Fil,Je recommande vivement cet article.,5,Positive
Cable USB-C Charge Rapide,"Arrivé dans les temps, emballage sommaire.",3,Neutral
Casque Audio Noise Cancelling,La qualité est au rendez-vous.,5,Positive
Ecouteurs Bluetooth,En panne après deux jours d'utilisation.,2,Negative
Casque Audio Noise Cancelling,La qualité est au rendez-vous.,5,Positive
Enceinte Connectée,Vraiment ravi de mon achat.,4,Positive
Casque Audio Noise Cancelling,"C'est une arnaque, passez votre chemin.",1,Negative
Ecran 4K 27 pouces,Les performances sont impressionnantes.,5,Positive
Cable USB-C Charge Rapide,"Moyen, j'attendais un peu mieux.",3,Neutral
Webcam HD 1080p,"Super produit, rien à dire.",5,Positive
Ecouteurs Bluetooth,Le SAV est inexistant.,1,Negative
Ecran 4K 27 pouces,Je ne recommande pas ce produit.,2,Negative
Enceinte Connectée,Fait le job mais sans plus.,3,Neutral
Clavier Gamer RGB,C'est un excellent produit !,5,Positive
Support PC Portable,La qualité est au rendez-vous.,4,Positive
Webcam HD 1080p,Design élégant et robuste.,5,Positive
Casque Audio Noise Cancelling,Très déçu par cet achat.,1,Negative
Cable USB-C Charge Rapide,Le SAV est inexistant.,2,Negative
Cable USB-C Charge Rapide,La qualité est au rendez-vous.,5,Positive
Ecran 4K 27 pouces,La qualité est au rendez-vous.,5,Positive
Enceinte Connectée,Design élégant et robuste.,4,Positive
Souris Sans Fil,"Conforme à la description, mais l'usage est limité.",3,Neutral
Tapis de Souris XXL,"Arrivé cassé, inadmissible.",2,Negative
Enceinte Connectée,C'est un excellent produit !,4,Positive
Souris Sans Fil,Excellent rapport qualité-prix.,5,Positive
Cable USB-C Charge Rapide,"Conforme à la description, mais l'usage est limité.",3,Neutral
Ecouteurs Bluetooth,Le SAV est inexistant.,2,Negative
Enceinte Connectée,Très simple à installer.,4,Positive
Support PC Portable,Ne fonctionne pas du tout.,2,Negative
Clavier Gamer RGB,Vraiment ravi de mon achat.,4,Positive
Casque Audio Noise Cancelling,Excellent rapport qualité-prix.,5,Positive
Cable USB-C Charge Rapide,Vraiment ravi de mon achat.,4,Positive
Webcam HD 1080p,Très déçu par cet achat.,1,Negative
Webcam HD 1080p,La qualité est au rendez-vous.,5,Positive
Cable USB-C Charge Rapide,Plastique de mauvaise qualité.,2,Negative
Enceinte Connectée,La qualité est médiocre.,2,Negative
Ecran 4K 27 pouces,Je recommande vivement cet article.,5,Positive
Enceinte Connectée,"Conforme à la description, mais l'usage est limité.",3,Neutral
Support PC Portable,Très simple à installer.,5,Positive
Enceinte Connectée,En panne après deux jours d'utilisation.,1,Negative
Ecran 4K 27 pouces,La qualité est au rendez-vous.,4,Positive
Ecouteurs Bluetooth,Produit correct pour le prix.,3,Neutral
Enceinte Connectée,Une perte de temps et d'argent.,1,Negative
Support PC Portable,Les performances sont impressionnantes.,4,Positive
Casque Audio Noise Cancelling,"Arrivé dans les temps, emballage sommaire.",3,Neutral
Clavier Gamer RGB,Expédition rapide et soignée.,5,Positive
Ecran 4K 27 pouces,Les performances sont impressionnantes.,4,Positive
Tapis de Souris XXL,Je recommande vivement cet article.,5,Positive
Casque Audio Noise Cancelling,Correct sans être exceptionnel.,3,Neutral
Ecouteurs Bluetooth,Produit correct pour le prix.,3,Neutral
Clavier Gamer RGB,C'est un excellent produit !,5,Positive
Webcam HD 1080p,"C'est une arnaque, passez votre chemin.",1,Negative
Clavier Gamer RGB,Le SAV est inexistant.,2,Negative
Clavier Gamer RGB,Excellent rapport qualité-prix.,5,Positive
Webcam HD 1080p,Design élégant et robuste.,4,Positive
Clavier Gamer RGB,Je recommande vivement cet article.,4,Positive
Enceinte Connectée,"Super produit, rien à dire.",4,Positive
Casque Audio Noise Cancelling,Très simple à installer.,5,Positive
Support PC Portable,"Arrivé cassé, inadmissible.",1,Negative
Casque Audio Noise Cancelling,Je recommande vivement cet article.,5,Positive
Cable USB-C Charge Rapide,En panne après deux jours d'utilisation.,2,Negative
Support PC Portable,Excellent rapport qualité-prix.,5,Positive
Tapis de Souris XXL,Fait le job mais sans plus.,3,Neutral
Webcam HD 1080p,Design élégant et robuste.,4,Positive
Webcam HD 1080p,Les performances sont impressionnantes.,5,Positive
Tapis de Souris XXL,Fonctionne parfaitement bien.,4,Positive
Cable USB-C Charge Rapide,La qualité est au rendez-vous.,4,Positive
Clavier Gamer RGB,Excellent rapport qualité-prix.,4,Positive
Webcam HD 1080p,Très déçu par cet achat.,1,Negative
Ecran 4K 27 pouces,"Super produit, rien à dire.",5,Positive
Cable USB-C Charge Rapide,Design élégant et robuste.,5,Positive
Ecran 4K 27 pouces,Design élégant et robuste.,4,Positive
Cable USB-C Charge Rapide,Produit correct pour le prix.,3,Neutral
Casque Audio Noise Cancelling,Excellent rapport qualité-prix.,4,Positive
Enceinte Connectée,Je recommande vivement cet article.,4,Positive
Support PC Portable,Expédition rapide et soignée.,5,Positive
Ecouteurs Bluetooth,Design élégant et robuste.,4,Positive
Webcam HD 1080p,C'est un excellent produit !,4,Positive
Tapis de Souris XXL,Une perte de temps et d'argent.,1,Negative
Casque Audio Noise Cancelling,Un peu déçu par la finition mais ça fonctionne.,3,Neutral
Ecran 4K 27 pouces,Fonctionne parfaitement bien.,5,Positive
Ecran 4K 27 pouces,La qualité est médiocre.,1,Negative
Enceinte Connectée,La qualité est médiocre.,2,Negative
Enceinte Connectée,Fonctionne parfaitement bien.,4,Positive
Support PC Portable,Correct sans être exceptionnel.,3,Neutral
Tapis de Souris XXL,Un peu déçu par la finition mais ça fonctionne.,3,Neutral
Ecouteurs Bluetooth,Design élégant et robuste.,4,Positive
Clavier Gamer RGB,La qualité est au rendez-vous.,5,Positive
Ecran 4K 27 pouces,Fonctionne parfaitement bien.,4,Positive
Support PC Portable,Fonctionne parfaitement bien.,4,Positive
Ecran 4K 27 pouces,Ne fonctionne pas du tout.,1,Negative
Enceinte Connectée,Le SAV est inexistant.,1,Negative
Cable USB-C Charge Rapide,La qualité est au rendez-vous.,4,Positive
Tapis de Souris XXL,Produit correct pour le prix.,3,Neutral
Cable USB-C Charge Rapide,Vraiment ravi de mon achat.,5,Positive
Webcam HD 1080p,"Super produit, rien à dire.",5,Positive
Ecouteurs Bluetooth,Les performances sont impressionnantes.,5,Positive
Casque Audio Noise Cancelling,Je recommande vivement cet article.,5,Positive
Tapis de Souris XXL,Je ne recommande pas ce produit.,2,Negative
Cable USB-C Charge Rapide,Correct sans être exceptionnel.,3,Neutral
Ecouteurs Bluetooth,Design élégant et robuste.,4,Positive
Webcam HD 1080p,"Arrivé dans les temps, emballage sommaire.",3,Neutral
Cable USB-C Charge Rapide,La qualité est au rendez-vous.,4,Positive
Support PC Portable,Très simple à installer.,5,Positive
Enceinte Connectée,Je recommande vivement cet article.,4,Positive
Souris Sans Fil,"Super produit, rien à dire.",4,Positive
Webcam HD 1080p,Les performances sont impressionnantes.,5,Positive
Webcam HD 1080p,"Super produit, rien à dire.",4,Positive
Ecran 4K 27 pouces,C'est un excellent produit !,5,Positive
Ecran 4K 27 pouces,Les performances sont impressionnantes.,5,Positive
Casque Audio Noise Cancelling,Ne fonctionne pas du tout.,2,Negative
Clavier Gamer RGB,Excellent rapport qualité-prix.,4,Positive
Casque Audio Noise Cancelling,"Super produit, rien à dire.",5,Positive
Clavier Gamer RGB,Fonctionne parfaitement bien.,5,Positive
Cable USB-C Charge Rapide,Vraiment ravi de mon achat.,5,Positive
Cable USB-C Charge Rapide,Plastique de mauvaise qualité.,2,Negative
Souris Sans Fil,Les performances sont impressionnantes.,5,Positive
Ecouteurs Bluetooth,Plastique de mauvaise qualité.,1,Negative
Enceinte Connectée,La qualité est au rendez-vous.,5,Positive
Support PC Portable,Vraiment ravi de mon achat.,4,Positive
Tapis de Souris XXL,Fonctionne parfaitement bien.,5,Positive
Support PC Portable,Fonctionne parfaitement bien.,5,Positive
Webcam HD 1080p,"Moyen, j'attendais un peu mieux.",3,Neutral
Webcam HD 1080p,Très simple à installer.,4,Positive
Webcam HD 1080p,Excellent rapport qualité-prix.,5,Positive
Tapis de Souris XXL,Fonctionne parfaitement bien.,5,Positive
Ecouteurs Bluetooth,Fonctionne parfaitement bien.,5,Positive
Clavier Gamer RGB,C'est un excellent produit !,4,Positive
Souris Sans Fil,"Conforme à la description, mais l'usage est limité.",3,Neutral
Ecran 4K 27 pouces,Fonctionne parfaitement bien.,5,Positive
Souris Sans Fil,"Super produit, rien à dire.",5,Positive
Support PC Portable,La qualité est au rendez-vous.,4,Positive
Ecran 4K 27 pouces,Je recommande vivement cet article.,5,Positive
Webcam HD 1080p,Excellent rapport qualité-prix.,4,Positive
Casque Audio Noise Cancelling,Les performances sont impressionnantes.,4,Positive
Ecouteurs Bluetooth,Je recommande vivement cet article.,4,Positive
Enceinte Connectée,C'est un excellent produit !,5,Positive
Support PC Portable,Excellent rapport qualité-prix.,4,Positive
Cable USB-C Charge Rapide,Très simple à installer.,5,Positive
Webcam HD 1080p,Un peu déçu par la finition mais ça fonctionne.,3,Neutral
Support PC Portable,"Super produit, rien à dire.",5,Positive
Cable USB-C Charge Rapide,C'est un excellent produit !,5,Positive
Webcam HD 1080p,Un peu déçu par la finition mais ça fonctionne.,3,Neutral
Support PC Portable,Je recommande vivement cet article.,5,Positive
Tapis de Souris XXL,Fait le job mais sans plus.,3,Neutral
Clavier Gamer RGB,Fonctionne parfaitement bien.,5,Positive
Cable USB-C Charge Rapide,Je recommande vivement cet article.,5,Positive
Support PC Portable,Un peu déçu par la finition mais ça fonctionne.,3,Neutral
Enceinte Connectée,Expédition rapide et soignée.,4,Positive
Souris Sans Fil,"Super produit, rien à dire.",4,Positive
Tapis de Souris XXL,Vraiment ravi de mon achat.,5,Positive
Enceinte Connectée,Design élégant et robuste.,5,Positive
Support PC Portable,Design élégant et robuste.,4,Positive
Cable USB-C Charge Rapide,Expédition rapide et soignée.,5,Positive
Clavier Gamer RGB,"Arrivé dans les temps, emballage sommaire.",3,Neutral
Enceinte Connectée,Très simple à installer.,4,Positive
Clavier Gamer RGB,C'est un excellent produit !,5,Positive
Souris Sans Fil,Je recommande vivement cet article.,5,Positive
Casque Audio Noise Cancelling,Je ne recommande pas ce produit.,1,Negative
Ecran 4K 27 pouces,Expédition rapide et soignée.,4,Positive
Cable USB-C Charge Rapide,La qualité est au rendez-vous.,5,Positive
Ecouteurs Bluetooth,"Super produit, rien à dire.",4,Positive
Tapis de Souris XXL,Très simple à installer.,4,Positive
Support PC Portable,Fonctionne parfaitement bien.,4,Positive
Tapis de Souris XXL,"Arrivé cassé, inadmissible.",2,Negative
Cable USB-C Charge Rapide,Je recommande vivement cet article.,4,Positive
Webcam HD 1080p,"C'est une arnaque, passez votre chemin.",1,Negative
Casque Audio Noise Cancelling,Design élégant et robuste.,5,Positive
Casque Audio Noise Cancelling,Fait le job mais sans plus.,3,Neutral
Ecouteurs Bluetooth,La qualité est au rendez-vous.,4,Positive
Ecouteurs Bluetooth,Plastique de mauvaise qualité.,1,Negative
Webcam HD 1080p,En panne après deux jours d'utilisation.,2,Negative
Tapis de Souris XXL,Très simple à installer.,5,Positive
Ecouteurs Bluetooth,Produit correct pour le prix.,3,Neutral
Clavier Gamer RGB,"Pas mal du tout, malgré quelques petits défauts.",3,Neutral
Ecouteurs Bluetooth,Fonctionne parfaitement bien.,4,Positive
Ecran 4K 27 pouces,"Super produit, rien à dire.",5,Positive
Casque Audio Noise Cancelling,Très simple à installer.,4,Positive
Tapis de Souris XXL,C'est un excellent produit !,4,Positive
Souris Sans Fil,Fonctionne parfaitement bien.,5,Positive
Enceinte Connectée,Vraiment ravi de mon achat.,4,Positive
Souris Sans Fil,"C'est une arnaque, passez votre chemin.",2,Negative
Ecouteurs Bluetooth,En panne après deux jours d'utilisation.,1,Negative
Enceinte Connectée,Les performances sont impressionnantes.,4,Positive
Cable USB-C Charge Rapide,Fait le job mais sans plus.,3,Neutral
Ecran 4K 27 pouces,Très déçu par cet achat.,2,Negative
Tapis de Souris XXL,"Super produit, rien à dire.",4,Positive
Webcam HD 1080p,Très simple à installer.,5,Positive
Support PC Portable,"Super produit, rien à dire.",5,Positive
Support PC Portable,Très simple à installer.,4,Positive
Clavier Gamer RGB,Correct sans être exceptionnel.,3,Neutral
Webcam HD 1080p,Le SAV est inexistant.,1,Negative
Tapis de Souris XXL,Les performances sont impressionnantes.,4,Positive
Casque Audio Noise Cancelling,Fonctionne parfaitement bien.,4,Positive
Souris Sans Fil,Je recommande vivement cet article.,4,Positive
Webcam HD 1080p,C'est un excellent produit !,4,Positive
Webcam HD 1080p,Très déçu par cet achat.,2,Negative
Clavier Gamer RGB,"C'est une arnaque, passez votre chemin.",1,Negative
Ecouteurs Bluetooth,"C'est une arnaque, passez votre chemin.",2,Negative
Tapis de Souris XXL,Excellent rapport qualité-prix.,5,Positive
Souris Sans Fil,"Pas mal du tout, malgré quelques petits défauts.",3,Neutral
Enceinte Connectée,Vraiment ravi de mon achat.,5,Positive
Ecouteurs Bluetooth,Correct sans être exceptionnel.,3,Neutral
Casque Audio Noise Cancelling,Correct sans être exceptionnel.,3,Neutral
Clavier Gamer RGB,Produit correct pour le prix.,3,Neutral
Casque Audio Noise Cancelling,Vraiment ravi de mon achat.,5,Positive
Casque Audio Noise Cancelling,La qualité est au rendez-vous.,4,Positive
Ecouteurs Bluetooth,C'est un excellent produit !,5,Positive
Ecouteurs Bluetooth,"Super produit, rien à dire.",4,Positive
Souris Sans Fil,"Arrivé cassé, inadmissible.",1,Negative
Webcam HD 1080p,Très déçu par cet achat.,1,Negative
Souris Sans Fil,Les performances sont impressionnantes.,5,Positive
Souris Sans Fil,Fonctionne parfaitement bien.,4,Positive
Ecouteurs Bluetooth,"Moyen, j'attendais un peu mieux.",3,Neutral
Webcam HD 1080p,C'est un excellent produit !,4,Positive
Webcam HD 1080p,Fait le job mais sans plus.,3,Neutral
Webcam HD 1080p,Produit correct pour le prix.,3,Neutral
Cable USB-C Charge Rapide,La qualité est au rendez-vous.,5,Positive
Ecouteurs Bluetooth,Fonctionne parfaitement bien.,4,Positive
Casque Audio Noise Cancelling,Excellent rapport qualité-prix.,4,Positive
Cable USB-C Charge Rapide,Produit correct pour le prix.,3,Neutral
Cable USB-C Charge Rapide,C'est un excellent produit !,5,Positive
Enceinte Connectée,"Conforme à la description, mais l'usage est limité.",3,Neutral
Ecouteurs Bluetooth,Je recommande vivement cet article.,4,Positive
Casque Audio Noise Cancelling,Je recommande vivement cet article.,5,Positive
Webcam HD 1080p,Une perte de temps et d'argent.,1,Negative
Clavier Gamer RGB,Très simple à installer.,5,Positive
Clavier Gamer RGB,Design élégant et robuste.,4,Positive
Cable USB-C Charge Rapide,Les performances sont impressionnantes.,5,Positive
Enceinte Connectée,Les performances sont impressionnantes.,5,Positive
Clavier Gamer RGB,Les performances sont impressionnantes.,4,Positive
Cable USB-C Charge Rapide,"Super produit, rien à dire.",4,Positive
Webcam HD 1080p,"Pas mal du tout, malgré quelques petits défauts.",3,Neutral
Webcam HD 1080p,Excellent rapport qualité-prix.,5,Positive
Souris Sans Fil,"Super produit, rien à dire.",4,Positive
Enceinte Connectée,Excellent rapport qualité-prix.,5,Positive
Webcam HD 1080p,Fonctionne parfaitement bien.,5,Positive
Clavier Gamer RGB,Design élégant et robuste.,5,Positive
Souris Sans Fil,Vraiment ravi de mon achat.,5,Positive
Support PC Portable,Le SAV est inexistant.,2,Negative
Tapis de Souris XXL,La qualité est au rendez-vous.,4,Positive
Casque Audio Noise Cancelling,Excellent rapport qualité-prix.,5,Positive
Ecouteurs Bluetooth,Excellent rapport qualité-prix.,5,Positive
Souris Sans Fil,"Arrivé dans les temps, emballage sommaire.",3,Neutral
Casque Audio Noise Cancelling,Je recommande vivement cet article.,4,Positive
Webcam HD 1080p,Excellent rapport qualité-prix.,5,Positive
Enceinte Connectée,Design élégant et robuste.,5,Positive
Clavier Gamer RGB,Excellent rapport qualité-prix.,5,Positive
Souris Sans Fil,Je ne recommande pas ce produit.,2,Negative
Clavier Gamer RGB,Design élégant et robuste.,5,Positive
Souris Sans Fil,Expédition rapide et soignée.,4,Positive
Souris Sans Fil,Expédition rapide et soignée.,4,Positive
Souris Sans Fil,C'est un excellent produit !,5,Positive
Clavier Gamer RGB,Les performances sont impressionnantes.,5,Positive
Casque Audio Noise Cancelling,La qualité est médiocre.,2,Negative
Ecouteurs Bluetooth,Expédition rapide et soignée.,4,Positive
Souris Sans Fil,Fonctionne parfaitement bien.,5,Positive
Tapis de Souris XXL,Fonctionne parfaitement bien.,4,Positive
Ecouteurs Bluetooth,Excellent rapport qualité-prix.,5,Positive
Clavier Gamer RGB,Je recommande vivement cet article.,4,Positive
Souris Sans Fil,Vraiment ravi de mon achat.,4,Positive
Clavier Gamer RGB,Correct sans être exceptionnel.,3,Neutral
Webcam HD 1080p,Fonctionne parfaitement bien.,5,Positive
Ecouteurs Bluetooth,"Pas mal du tout, malgré quelques petits défauts.",3,Neutral
Ecouteurs Bluetooth,Très simple à installer.,4,Positive
Support PC Portable,Fonctionne parfaitement bien.,5,Positive
Support PC Portable,"Arrivé cassé, inadmissible.",2,Negative
Enceinte Connectée,C'est un excellent produit !,5,Positive
Souris Sans Fil,Excellent rapport qualité-prix.,4,Positive
Enceinte Connectée,Fonctionne parfaitement bien.,4,Positive
Support PC Portable,Fait le job mais sans plus.,3,Neutral
Enceinte Connectée,C'est un excellent produit !,4,Positive
Webcam HD 1080p,La qualité est au rendez-vous.,5,Positive
Casque Audio Noise Cancelling,Très simple à installer.,5,Positive
Webcam HD 1080p,"Arrivé dans les temps, emballage sommaire.",3,Neutral
Ecran 4K 27 pouces,"Moyen, j'attendais un peu mieux.",3,Neutral
Enceinte Connectée,Expédition rapide et soignée.,5,Positive
Souris Sans Fil,Très simple à installer.,5,Positive
Enceinte Connectée,Plastique de mauvaise qualité.,1,Negative
Support PC Portable,En panne après deux jours d'utilisation.,1,Negative
Cable USB-C Charge Rapide,La qualité est au rendez-vous.,4,Positive
Tapis de Souris XXL,Vraiment ravi de mon achat.,4,Positive
Support PC Portable,Le SAV est inexistant.,1,Negative
Clavier Gamer RGB,Je recommande vivement cet article.,4,Positive
Tapis de Souris XXL,Très simple à installer.,4,Positive
Support PC Portable,Design élégant et robuste.,5,Positive
Casque Audio Noise Cancelling,Excellent rapport qualité-prix.,5,Positive
Clavier Gamer RGB,Je recommande vivement cet article.,5,Positive
Tapis de Souris XXL,"Conforme à la description, mais l'usage est limité.",3,Neutral
Ecouteurs Bluetooth,Correct sans être exceptionnel.,3,Neutral
Clavier Gamer RGB,"Moyen, j'attendais un peu mieux.",3,Neutral
Ecran 4K 27 pouces,Excellent rapport qualité-prix.,4,Positive
Enceinte Connectée,Vraiment ravi de mon achat.,4,Positive
Tapis de Souris XXL,Correct sans être exceptionnel.,3,Neutral
Casque Audio Noise Cancelling,Design élégant et robuste.,4,Positive
Cable USB-C Charge Rapide,Fait le job mais sans plus.,3,Neutral
Cable USB-C Charge Rapide,"Pas mal du tout, malgré quelques petits défauts.",3,Neutral
Ecran 4K 27 pouces,C'est un excellent produit !,4,Positive
Casque Audio Noise Cancelling,Expédition rapide et soignée.,5,Positive
Souris Sans Fil,Je recommande vivement cet article.,5,Positive
Tapis de Souris XXL,"Pas mal du tout, malgré quelques petits défauts.",3,Neutral
Cable USB-C Charge Rapide,Ne fonctionne pas du tout.,1,Negative
Webcam HD 1080p,"Conforme à la description, mais l'usage est limité.",3,Neutral
Ecouteurs Bluetooth,Plastique de mauvaise qualité.,2,Negative
Ecran 4K 27 pouces,"Arrivé cassé, inadmissible.",2,Negative
Support PC Portable,Les performances sont impressionnantes.,5,Positive
Support PC Portable,C'est un excellent produit !,4,Positive
Ecran 4K 27 pouces,"Pas mal du tout, malgré quelques petits défauts.",3,Neutral
Ecran 4K 27 pouces,Expédition rapide et soignée.,5,Positive
Enceinte Connectée,"Arrivé dans les temps, emballage sommaire.",3,Neutral
Ecouteurs Bluetooth,Fait le job mais sans plus.,3,Neutral
Support PC Portable,La qualité est au rendez-vous.,4,Positive
Ecouteurs Bluetooth,Design élégant et robuste.,4,Positive
Webcam HD 1080p,Excellent rapport qualité-prix.,5,Positive
Ecran 4K 27 pouces,Je recommande vivement cet article.,5,Positive
Webcam HD 1080p,Plastique de mauvaise qualité.,1,Negative
Ecouteurs Bluetooth,Fonctionne parfaitement bien.,4,Positive
Webcam HD 1080p,Design élégant et robuste.,4,Positive
Clavier Gamer RGB,"Super produit, rien à dire.",4,Positive
Ecouteurs Bluetooth,Une perte de temps et d'argent.,1,Negative
Enceinte Connectée,Design élégant et robuste.,5,Positive
Support PC Portable,C'est un excellent produit !,5,Positive
Ecran 4K 27 pouces,Expédition rapide et soignée.,5,Positive
Casque Audio Noise Cancelling,Excellent rapport qualité-prix.,5,Positive
Souris Sans Fil,Vraiment ravi de mon achat.,4,Positive
Souris Sans Fil,Correct sans être exceptionnel.,3,Neutral
Ecouteurs Bluetooth,Très simple à installer.,4,Positive
Casque Audio Noise Cancelling,"C'est une arnaque, passez votre chemin.",1,Negative
Enceinte Connectée,"Conforme à la description, mais l'usage est limité.",3,Neutral
Souris Sans Fil,Les performances sont impressionnantes.,4,Positive
Ecran 4K 27 pouces,Je recommande vivement cet article.,4,Positive
Tapis de Souris XXL,"Arrivé dans les temps, emballage sommaire.",3,Neutral
Webcam HD 1080p,Excellent rapport qualité-prix.,4,Positive
Casque Audio Noise Cancelling,"Arrivé dans les temps, emballage sommaire.",3,Neutral
Clavier Gamer RGB,Plastique de mauvaise qualité.,2,Negative
Ecouteurs Bluetooth,"Super produit, rien à dire.",5,Positive
Cable USB-C Charge Rapide,Très simple à installer.,5,Positive
Cable USB-C Charge Rapide,Vraiment ravi de mon achat.,4,Positive
Enceinte Connectée,"Arrivé dans les temps, emballage sommaire.",3,Neutral
Tapis de Souris XXL,La qualité est au rendez-vous.,5,Positive
Ecouteurs Bluetooth,Fonctionne parfaitement bien.,5,Positive
Support PC Portable,Design élégant et robuste.,4,Positive
Clavier Gamer RGB,Excellent rapport qualité-prix.,4,Positive
Cable USB-C Charge Rapide,Fait le job mais sans plus.,3,Neutral
Ecouteurs Bluetooth,"Moyen, j'attendais un peu mieux.",3,Neutral
Webcam HD 1080p,Très simple à installer.,5,Positive
Tapis de Souris XXL,La qualité est au rendez-vous.,5,Positive
Ecouteurs Bluetooth,"Conforme à la description, mais l'usage est limité.",3,Neutral
Webcam HD 1080p,Fait le job mais sans plus.,3,Neutral
Ecran 4K 27 pouces,"Arrivé dans les temps, emballage sommaire.",3,Neutral
Ecran 4K 27 pouces,En panne après deux jours d'utilisation.,2,Negative
Webcam HD 1080p,Excellent rapport qualité-prix.,5,Positive
Support PC Portable,Design élégant et robuste.,5,Positive
Support PC Portable,Expédition rapide et soignée.,4,Positive
Enceinte Connectée,Je recommande vivement cet article.,4,Positive
Ecouteurs Bluetooth,Les performances sont impressionnantes.,4,Positive
Tapis de Souris XXL,Très simple à installer.,4,Positive
Enceinte Connectée,Correct sans être exceptionnel.,3,Neutral
Casque Audio Noise Cancelling,Correct sans être exceptionnel.,3,Neutral
Ecran 4K 27 pouces,"Super produit, rien à dire.",4,Positive
Support PC Portable,En panne après deux jours d'utilisation.,1,Negative
Clavier Gamer RGB,Vraiment ravi de mon achat.,4,Positive
Ecran 4K 27 pouces,"Moyen, j'attendais un peu mieux.",3,Neutral
Cable USB-C Charge Rapide,Je recommande vivement cet article.,4,Positive
Cable USB-C Charge Rapide,Excellent rapport qualité-prix.,4,Positive
Cable USB-C Charge Rapide,Vraiment ravi de mon achat.,4,Positive
Cable USB-C Charge Rapide,Ne fonctionne pas du tout.,1,Negative
Clavier Gamer RGB,Ne fonctionne pas du tout.,2,Negative
Casque Audio Noise Cancelling,"Pas mal du tout, malgré quelques petits défauts.",3,Neutral
Support PC Portable,Produit correct pour le prix.,3,Neutral
Cable USB-C Charge Rapide,En panne après deux jours d'utilisation.,1,Negative
Support PC Portable,Excellent rapport qualité-prix.,4,Positive
Support PC Portable,"Arrivé dans les temps, emballage sommaire.",3,Neutral
Support PC Portable,"Arrivé dans les temps, emballage sommaire.",3,Neutral
Support PC Portable,Les performances sont impressionnantes.,4,Positive
Casque Audio Noise Cancelling,Fonctionne parfaitement bien.,4,Positive
Support PC Portable,Fonctionne parfaitement bien.,5,Positive
Souris Sans Fil,Les performances sont impressionnantes.,5,Positive
Webcam HD 1080p,Je recommande vivement cet article.,4,Positive
Tapis de Souris XXL,"Conforme à la description, mais l'usage est limité.",3,Neutral
Ecouteurs Bluetooth,"Moyen, j'attendais un peu mieux.",3,Neutral
Tapis de Souris XXL,"Arrivé cassé, inadmissible.",2,Negative
Ecran 4K 27 pouces,Design élégant et robuste.,5,Positive
Clavier Gamer RGB,Je recommande vivement cet article.,5,Positive
Webcam HD 1080p,"Super produit, rien à dire.",5,Positive
Support PC Portable,Excellent rapport qualité-prix.,4,Positive
Clavier Gamer RGB,Le SAV est inexistant.,2,Negative
Tapis de Souris XXL,Vraiment ravi de mon achat.,5,Positive
Clavier Gamer RGB,"Arrivé cassé, inadmissible.",2,Negative
Support PC Portable,Très simple à installer.,5,Positive
Casque Audio Noise Cancelling,"Arrivé cassé, inadmissible.",2,Negative
Cable USB-C Charge Rapide,Une perte de temps et d'argent.,1,Negative
Cable USB-C Charge Rapide,C'est un excellent produit !,5,Positive
Souris Sans Fil,Design élégant et robuste.,4,Positive
Casque Audio Noise Cancelling,En panne après deux jours d'utilisation.,2,Negative
Webcam HD 1080p,Expédition rapide et soignée.,5,Positive
Enceinte Connectée,Excellent rapport qualité-prix.,5,Positive
Webcam HD 1080p,Design élégant et robuste.,5,Positive
Ecouteurs Bluetooth,Je recommande vivement cet article.,4,Positive
Support PC Portable,Très déçu par cet achat.,2,Negative
Souris Sans Fil,Fonctionne parfaitement bien.,5,Positive
Support PC Portable,Très simple à installer.,4,Positive
Cable USB-C Charge Rapide,"Arrivé dans les temps, emballage sommaire.",3,Neutral
Tapis de Souris XXL,En panne après deux jours d'utilisation.,2,Negative
Clavier Gamer RGB,Je recommande vivement cet article.,5,Positive
Enceinte Connectée,"C'est une arnaque, passez votre chemin.",1,Negative
Enceinte Connectée,Très simple à installer.,4,Positive
Ecran 4K 27 pouces,Excellent rapport qualité-prix.,5,Positive
Webcam HD 1080p,Fonctionne parfaitement bien.,4,Positive
Casque Audio Noise Cancelling,"Pas mal du tout, malgré quelques petits défauts.",3,Neutral
Enceinte Connectée,C'est un excellent produit !,5,Positive
Support PC Portable,C'est un excellent produit !,4,Positive
Cable USB-C Charge Rapide,Excellent rapport qualité-prix.,4,Positive
Ecran 4K 27 pouces,C'est un excellent produit !,5,Positive
Tapis de Souris XXL,Excellent rapport qualité-prix.,4,Positive
Tapis de Souris XXL,"Super produit, rien à dire.",5,Positive
Webcam HD 1080p,Je recommande vivement cet article.,4,Positive
Casque Audio Noise Cancelling,Je recommande vivement cet article.,5,Positive
Casque Audio Noise Cancelling,Plastique de mauvaise qualité.,1,Negative
Ecran 4K 27 pouces,"C'est une arnaque, passez votre chemin.",1,Negative
Ecran 4K 27 pouces,Je ne recommande pas ce produit.,2,Negative
Ecouteurs Bluetooth,C'est un excellent produit !,4,Positive
Webcam HD 1080p,C'est un excellent produit !,4,Positive
Ecouteurs Bluetooth,Excellent rapport qualité-prix.,5,Positive
Clavier Gamer RGB,"Super produit, rien à dire.",4,Positive
Webcam HD 1080p,Je recommande vivement cet article.,5,Positive
Enceinte Connectée,Design élégant et robuste.,5,Positive
Webcam HD 1080p,Un peu déçu par la finition mais ça fonctionne.,3,Neutral
Enceinte Connectée,C'est un excellent produit !,4,Positive
Casque Audio Noise Cancelling,Fonctionne parfaitement bien.,5,Positive
Tapis de Souris XXL,Je recommande vivement cet article.,5,Positive
Support PC Portable,Expédition rapide et soignée.,4,Positive
Clavier Gamer RGB,La qualité est médiocre.,2,Negative
Casque Audio Noise Cancelling,C'est un excellent produit !,5,Positive
Casque Audio Noise Cancelling,En panne après deux jours d'utilisation.,2,Negative
Casque Audio Noise Cancelling,Produit correct pour le prix.,3,Neutral
Support PC Portable,La qualité est au rendez-vous.,4,Positive
Webcam HD 1080p,Vraiment ravi de mon achat.,5,Positive
Ecran 4K 27 pouces,Fonctionne parfaitement bien.,4,Positive
Support PC Portable,Les performances sont impressionnantes.,5,Positive
Webcam HD 1080p,"Super produit, rien à dire.",5,Positive
Ecouteurs Bluetooth,Un peu déçu par la finition mais ça fonctionne.,3,Neutral
Ecran 4K 27 pouces,C'est un excellent produit !,5,Positive
Tapis de Souris XXL,"C'est une arnaque, passez votre chemin.",1,Negative
Webcam HD 1080p,"Super produit, rien à dire.",4,Positive
Casque Audio Noise Cancelling,Ne fonctionne pas du tout.,2,Negative
Clavier Gamer RGB,Très déçu par cet achat.,2,Negative
Support PC Portable,Très simple à installer.,5,Positive
Ecran 4K 27 pouces,"Pas mal du tout, malgré quelques petits défauts.",3,Neutral
Support PC Portable,Très simple à installer.,5,Positive
Ecran 4K 27 pouces,Je ne recommande pas ce produit.,1,Negative
Enceinte Connectée,"C'est une arnaque, passez votre chemin.",2,Negative
Ecran 4K 27 pouces,"Super produit, rien à dire.",5,Positive
Cable USB-C Charge Rapide,Produit correct pour le prix.,3,Neutral
Cable USB-C Charge Rapide,"C'est une arnaque, passez votre chemin.",1,Negative
Souris Sans Fil,Fonctionne parfaitement bien.,4,Positive
Ecouteurs Bluetooth,Une perte de temps et d'argent.,1,Negative
Cable USB-C Charge Rapide,Excellent rapport qualité-prix.,4,Positive
Support PC Portable,"Moyen, j'attendais un peu mieux.",3,Neutral
Webcam HD 1080p,Je recommande vivement cet article.,5,Positive
Cable USB-C Charge Rapide,"Arrivé cassé, inadmissible.",2,Negative
Ecran 4K 27 pouces,"Super produit, rien à dire.",4,Positive
Clavier Gamer RGB,Excellent rapport qualité-prix.,5,Positive
Clavier Gamer RGB,La qualité est médiocre.,2,Negative
Casque Audio Noise Cancelling,Produit correct pour le prix.,3,Neutral
Ecouteurs Bluetooth,Correct sans être exceptionnel.,3,Neutral
Ecran 4K 27 pouces,La qualité est médiocre.,1,Negative
Webcam HD 1080p,Une perte de temps et d'argent.,2,Negative
Ecran 4K 27 pouces,Fonctionne parfaitement bien.,4,Positive
Tapis de Souris XXL,En panne après deux jours d'utilisation.,2,Negative
Cable USB-C Charge Rapide,Très déçu par cet achat.,1,Negative
Support PC Portable,Expédition rapide et soignée.,4,Positive
Cable USB-C Charge Rapide,La qualité est médiocre.,1,Negative
Support PC Portable,C'est un excellent produit !,4,Positive
Ecouteurs Bluetooth,Fonctionne parfaitement bien.,5,Positive
Ecouteurs Bluetooth,C'est un excellent produit !,5,Positive
Clavier Gamer RGB,Vraiment ravi de mon achat.,4,Positive
Enceinte Connectée,Excellent rapport qualité-prix.,4,Positive
Enceinte Connectée,Je recommande vivement cet article.,4,Positive
Enceinte Connectée,"Arrivé cassé, inadmissible.",1,Negative
Ecran 4K 27 pouces,En panne après deux jours d'utilisation.,1,Negative
Cable USB-C Charge Rapide,Fonctionne parfaitement bien.,5,Positive
Enceinte Connectée,Les performances sont impressionnantes.,5,Positive
Support PC Portable,Je ne recommande pas ce produit.,1,Negative
Tapis de Souris XXL,"Moyen, j'attendais un peu mieux.",3,Neutral
Ecran 4K 27 pouces,Expédition rapide et soignée.,4,Positive
Ecouteurs Bluetooth,La qualité est au rendez-vous.,5,Positive
Ecran 4K 27 pouces,Correct sans être exceptionnel.,3,Neutral
Casque Audio Noise Cancelling,"Arrivé cassé, inadmissible.",1,Negative
Tapis de Souris XXL,Le SAV est inexistant.,1,Negative
Tapis de Souris XXL,Expédition rapide et soignée.,5,Positive
Support PC Portable,Fait le job mais sans plus.,3,Neutral
Tapis de Souris XXL,Plastique de mauvaise qualité.,1,Negative
Clavier Gamer RGB,"Arrivé cassé, inadmissible.",1,Negative
Casque Audio Noise Cancelling,"Moyen, j'attendais un peu mieux.",3,Neutral
Cable USB-C Charge Rapide,Excellent rapport qualité-prix.,5,Positive
Ecouteurs Bluetooth,"Moyen, j'attendais un peu mieux.",3,Neutral
Clavier Gamer RGB,Le SAV est inexistant.,2,Negative
Enceinte Connectée,Expédition rapide et soignée.,4,Positive
Clavier Gamer RGB,"Super produit, rien à dire.",4,Positive
Cable USB-C Charge Rapide,C'est un excellent produit !,5,Positive
Ecran 4K 27 pouces,"C'est une arnaque, passez votre chemin.",1,Negative
Casque Audio Noise Cancelling,Expédition rapide et soignée.,5,Positive
Tapis de Souris XXL,Un peu déçu par la finition mais ça fonctionne.,3,Neutral
Tapis de Souris XXL,Très déçu par cet achat.,1,Negative
Enceinte Connectée,Correct sans être exceptionnel.,3,Neutral
Souris Sans Fil,Je recommande vivement cet article.,5,Positive
Support PC Portable,"Conforme à la description, mais l'usage est limité.",3,Neutral
Support PC Portable,En panne après deux jours d'utilisation.,2,Negative
Webcam HD 1080p,Je ne recommande pas ce produit.,2,Negative
Ecouteurs Bluetooth,La qualité est au rendez-vous.,5,Positive
Cable USB-C Charge Rapide,Un peu déçu par la finition mais ça fonctionne.,3,Neutral
Support PC Portable,C'est un excellent produit !,4,Positive
Support PC Portable,Expédition rapide et soignée.,5,Positive
Tapis de Souris XXL,Très simple à installer.,5,Positive
Cable USB-C Charge Rapide,Design élégant et robuste.,5,Positive
Cable USB-C Charge Rapide,Une perte de temps et d'argent.,1,Negative
Casque Audio Noise Cancelling,Excellent rapport qualité-prix.,5,Positive
Support PC Portable,Expédition rapide et soignée.,5,Positive
Webcam HD 1080p,La qualité est au rendez-vous.,4,Positive
Support PC Portable,Les performances sont impressionnantes.,5,Positive
Clavier Gamer RGB,La qualité est au rendez-vous.,4,Positive
Souris Sans Fil,Excellent rapport qualité-prix.,5,Positive
Tapis de Souris XXL,Je recommande vivement cet article.,4,Positive
Tapis de Souris XXL,Je ne recommande pas ce produit.,1,Negative
Ecouteurs Bluetooth,C'est un excellent produit !,4,Positive
Tapis de Souris XXL,Expédition rapide et soignée.,5,Positive
Enceinte Connectée,Expédition rapide et soignée.,5,Positive
Tapis de Souris XXL,"Moyen, j'attendais un peu mieux.",3,Neutral
Tapis de Souris XXL,Ne fonctionne pas du tout.,1,Negative
Casque Audio Noise Cancelling,Plastique de mauvaise qualité.,1,Negative
Tapis de Souris XXL,"Conforme à la description, mais l'usage est limité.",3,Neutral
Casque Audio Noise Cancelling,Très simple à installer.,4,Positive
Webcam HD 1080p,Je recommande vivement cet article.,4,Positive
Webcam HD 1080p,C'est un excellent produit !,5,Positive
Cable USB-C Charge Rapide,Vraiment ravi de mon achat.,5,Positive
Tapis de Souris XXL,Le SAV est inexistant.,2,Negative
Tapis de Souris XXL,Fait le job mais sans plus.,3,Neutral
Webcam HD 1080p,Fonctionne parfaitement bien.,4,Positive
Casque Audio Noise Cancelling,Les performances sont impressionnantes.,4,Positive
Ecran 4K 27 pouces,Très déçu par cet achat.,2,Negative
Enceinte Connectée,"Super produit, rien à dire.",5,Positive
Clavier Gamer RGB,En panne après deux jours d'utilisation.,1,Negative
Tapis de Souris XXL,Un peu déçu par la finition mais ça fonctionne.,3,Neutral
Webcam HD 1080p,Expédition rapide et soignée.,4,Positive
Ecran 4K 27 pouces,Excellent rapport qualité-prix.,4,Positive
Cable USB-C Charge Rapide,"Super produit, rien à dire.",4,Positive
Ecran 4K 27 pouces,"Arrivé dans les temps, emballage sommaire.",3,Neutral
Ecran 4K 27 pouces,La qualité est au rendez-vous.,4,Positive
Clavier Gamer RGB,Un peu déçu par la finition mais ça fonctionne.,3,Neutral
Enceinte Connectée,Très simple à installer.,5,Positive
Souris Sans Fil,Le SAV est inexistant.,1,Negative
Enceinte Connectée,"Pas mal du tout, malgré quelques petits défauts.",3,Neutral
Cable USB-C Charge Rapide,Le SAV est inexistant.,2,Negative
Ecouteurs Bluetooth,"Arrivé dans les temps, emballage sommaire.",3,Neutral
Support PC Portable,Je recommande vivement cet article.,4,Positive
Souris Sans Fil,Un peu déçu par la finition mais ça fonctionne.,3,Neutral
Cable USB-C Charge Rapide,La qualité est au rendez-vous.,4,Positive
Cable USB-C Charge Rapide,Excellent rapport qualité-prix.,5,Positive
Cable USB-C Charge Rapide,Excellent rapport qualité-prix.,4,Positive
Cable USB-C Charge Rapide,Je recommande vivement cet article.,4,Positive
Support PC Portable,Un peu déçu par la finition mais ça fonctionne.,3,Neutral
Souris Sans Fil,"Arrivé dans les temps, emballage sommaire.",3,Neutral
Casque Audio Noise Cancelling,Très simple à installer.,5,Positive
Ecouteurs Bluetooth,"Conforme à la description, mais l'usage est limité.",3,Neutral
Support PC Portable,Je ne recommande pas ce produit.,2,Negative
Webcam HD 1080p,Excellent rapport qualité-prix.,5,Positive
Enceinte Connectée,Je recommande vivement cet article.,4,Positive
Cable USB-C Charge Rapide,Les performances sont impressionnantes.,4,Positive
Webcam HD 1080p,Un peu déçu par la finition mais ça fonctionne.,3,Neutral
Ecouteurs Bluetooth,Une perte de temps et d'argent.,2,Negative
Casque Audio Noise Cancelling,Fonctionne parfaitement bien.,4,Positive
Webcam HD 1080p,"Super produit, rien à dire.",4,Positive
Casque Audio Noise Cancelling,Produit correct pour le prix.,3,Neutral
Enceinte Connectée,Je ne recommande pas ce produit.,2,Negative
Webcam HD 1080p,"Super produit, rien à dire.",5,Positive
Enceinte Connectée,"Super produit, rien à dire.",4,Positive
Enceinte Connectée,Les performances sont impressionnantes.,4,Positive
Souris Sans Fil,Je recommande vivement cet article.,4,Positive
Casque Audio Noise Cancelling,La qualité est au rendez-vous.,4,Positive
Clavier Gamer RGB,Fonctionne parfaitement bien.,4,Positive
Support PC Portable,"Pas mal du tout, malgré quelques petits défauts.",3,Neutral
Clavier Gamer RGB,Plastique de mauvaise qualité.,1,Negative
Enceinte Connectée,Très simple à installer.,5,Positive
Tapis de Souris XXL,C'est un excellent produit !,4,Positive
Cable USB-C Charge Rapide,"Moyen, j'attendais un peu mieux.",3,Neutral
Webcam HD 1080p,"Super produit, rien à dire.",5,Positive
Support PC Portable,"Moyen, j'attendais un peu mieux.",3,Neutral
Support PC Portable,C'est un excellent produit !,4,Positive
Tapis de Souris XXL,Excellent rapport qualité-prix.,4,Positive
Support PC Portable,"Pas mal du tout, malgré quelques petits défauts.",3,Neutral
Cable USB-C Charge Rapide,Plastique de mauvaise qualité.,2,Negative
Casque Audio Noise Cancelling,"C'est une arnaque, passez votre chemin.",1,Negative
Clavier Gamer RGB,Je recommande vivement cet article.,4,Positive
Casque Audio Noise Cancelling,Je recommande vivement cet article.,5,Positive
Souris Sans Fil,La qualité est au rendez-vous.,5,Positive
Ecouteurs Bluetooth,"C'est une arnaque, passez votre chemin.",2,Negative
Cable USB-C Charge Rapide,Expédition rapide et soignée.,4,Positive
Souris Sans Fil,Vraiment ravi de mon achat.,5,Positive
Webcam HD 1080p,"Super produit, rien à dire.",5,Positive
Clavier Gamer RGB,En panne après deux jours d'utilisation.,2,Negative
Ecouteurs Bluetooth,Très simple à installer.,5,Positive
Tapis de Souris XXL,"Super produit, rien à dire.",4,Positive
Cable USB-C Charge Rapide,La qualité est médiocre.,1,Negative
Webcam HD 1080p,Excellent rapport qualité-prix.,5,Positive
Casque Audio Noise Cancelling,Un peu déçu par la finition mais ça fonctionne.,3,Neutral
Souris Sans Fil,Je ne recommande pas ce produit.,1,Negative
Souris Sans Fil,C'est un excellent produit !,4,Positive
Casque Audio Noise Cancelling,Design élégant et robuste.,4,Positive
Clavier Gamer RGB,La qualité est au rendez-vous.,4,Positive
Webcam HD 1080p,Expédition rapide et soignée.,5,Positive
Support PC Portable,"Arrivé cassé, inadmissible.",2,Negative
Casque Audio Noise Cancelling,Expédition rapide et soignée.,4,Positive
Souris Sans Fil,Expédition rapide et soignée.,4,Positive
Webcam HD 1080p,Fait le job mais sans plus.,3,Neutral
Ecouteurs Bluetooth,En panne après deux jours d'utilisation.,1,Negative
Enceinte Connectée,Je ne recommande pas ce produit.,1,Negative
Clavier Gamer RGB,"Conforme à la description, mais l'usage est limité.",3,Neutral
Tapis de Souris XXL,Excellent rapport qualité-prix.,4,Positive
Ecouteurs Bluetooth,La qualité est au rendez-vous.,4,Positive
Ecouteurs Bluetooth,Je recommande vivement cet article.,5,Positive
Tapis de Souris XXL,"C'est une arnaque, passez votre chemin.",1,Negative
Ecouteurs Bluetooth,Fonctionne parfaitement bien.,5,Positive
Souris Sans Fil,Vraiment ravi de mon achat.,4,Positive
Webcam HD 1080p,Fonctionne parfaitement bien.,5,Positive
Ecouteurs Bluetooth,Excellent rapport qualité-prix.,5,Positive
Tapis de Souris XXL,La qualité est au rendez-vous.,4,Positive
Ecran 4K 27 pouces,Excellent rapport qualité-prix.,4,Positive
Tapis de Souris XXL,Excellent rapport qualité-prix.,4,Positive
Souris Sans Fil,Expédition rapide et soignée.,5,Positive
Tapis de Souris XXL,La qualité est au rendez-vous.,5,Positive
Clavier Gamer RGB,"Arrivé dans les temps, emballage sommaire.",3,Neutral
Support PC Portable,Correct sans être exceptionnel.,3,Neutral
Support PC Portable,Fait le job mais sans plus.,3,Neutral
Clavier Gamer RGB,"Super produit, rien à dire.",5,Positive
Casque Audio Noise Cancelling,Excellent rapport qualité-prix.,4,Positive
Webcam HD 1080p,Vraiment ravi de mon achat.,5,Positive
Ecouteurs Bluetooth,Le SAV est inexistant.,1,Negative
Ecouteurs Bluetooth,"Arrivé cassé, inadmissible.",2,Negative
Ecran 4K 27 pouces,En panne après deux jours d'utilisation.,1,Negative
Ecran 4K 27 pouces,Fonctionne parfaitement bien.,4,Positive
Clavier Gamer RGB,"Moyen, j'attendais un peu mieux.",3,Neutral
Cable USB-C Charge Rapide,Vraiment ravi de mon achat.,5,Positive
Casque Audio Noise Cancelling,Design élégant et robuste.,4,Positive
Webcam HD 1080p,Vraiment ravi de mon achat.,4,Positive
Enceinte Connectée,Je recommande vivement cet article.,4,Positive
Souris Sans Fil,Excellent rapport qualité-prix.,5,Positive
Enceinte Connectée,"Moyen, j'attendais un peu mieux.",3,Neutral
Ecouteurs Bluetooth,C'est un excellent produit !,4,Positive
Cable USB-C Charge Rapide,Expédition rapide et soignée.,4,Positive
Cable USB-C Charge Rapide,Expédition rapide et soignée.,4,Positive
Ecouteurs Bluetooth,Fonctionne parfaitement bien.,4,Positive
Cable USB-C Charge Rapide,Fonctionne parfaitement bien.,5,Positive
Ecran 4K 27 pouces,Plastique de mauvaise qualité.,1,Negative
Clavier Gamer RGB,Je recommande vivement cet article.,5,Positive
Ecran 4K 27 pouces,C'est un excellent produit !,4,Positive
Webcam HD 1080p,Ne fonctionne pas du tout.,2,Negative
Casque Audio Noise Cancelling,"Pas mal du tout, malgré quelques petits défauts.",3,Neutral
Ecran 4K 27 pouces,C'est un excellent produit !,5,Positive
Souris Sans Fil,C'est un excellent produit !,5,Positive
Cable USB-C Charge Rapide,La qualité est au rendez-vous.,4,Positive
Tapis de Souris XXL,Correct sans être exceptionnel.,3,Neutral
Enceinte Connectée,Plastique de mauvaise qualité.,1,Negative
Webcam HD 1080p,Fait le job mais sans plus.,3,Neutral
Support PC Portable,"Moyen, j'attendais un peu mieux.",3,Neutral
Casque Audio Noise Cancelling,Excellent rapport qualité-prix.,5,Positive
Webcam HD 1080p,Expédition rapide et soignée.,4,Positive
Webcam HD 1080p,Les performances sont impressionnantes.,4,Positive
Ecran 4K 27 pouces,C'est un excellent produit !,4,Positive
Tapis de Souris XXL,Fait le job mais sans plus.,3,Neutral
Casque Audio Noise Cancelling,Un peu déçu par la finition mais ça fonctionne.,3,Neutral
Ecran 4K 27 pouces,Fait le job mais sans plus.,3,Neutral
Support PC Portable,Je recommande vivement cet article.,5,Positive
Support PC Portable,Je recommande vivement cet article.,5,Positive
Clavier Gamer RGB,Expédition rapide et soignée.,5,Positive
Souris Sans Fil,"Arrivé cassé, inadmissible.",2,Negative
Ecran 4K 27 pouces,"C'est une arnaque, passez votre chemin.",2,Negative
Clavier Gamer RGB,"Arrivé dans les temps, emballage sommaire.",3,Neutral
Tapis de Souris XXL,Excellent rapport qualité-prix.,5,Positive
Souris Sans Fil,Le SAV est inexistant.,2,Negative
Tapis de Souris XXL,Design élégant et robuste.,4,Positive
Ecouteurs Bluetooth,Excellent rapport qualité-prix.,4,Positive
Clavier Gamer RGB,"Arrivé dans les temps, emballage sommaire.",3,Neutral
Ecouteurs Bluetooth,Très simple à installer.,5,Positive
Clavier Gamer RGB,Produit correct pour le prix.,3,Neutral
Webcam HD 1080p,Une perte de temps et d'argent.,1,Negative
Clavier Gamer RGB,Les performances sont impressionnantes.,4,Positive
Cable USB-C Charge Rapide,Le SAV est inexistant.,1,Negative
Ecouteurs Bluetooth,Produit correct pour le prix.,3,Neutral
Clavier Gamer RGB,"C'est une arnaque, passez votre chemin.",1,Negative
Casque Audio Noise Cancelling,Produit correct pour le prix.,3,Neutral
Tapis de Souris XXL,"C'est une arnaque, passez votre chemin.",2,Negative
Support PC Portable,Ne fonctionne pas du tout.,1,Negative
Cable USB-C Charge Rapide,"Conforme à la description, mais l'usage est limité.",3,Neutral
Souris Sans Fil,Correct sans être exceptionnel.,3,Neutral
Ecouteurs Bluetooth,Excellent rapport qualité-prix.,5,Positive
Webcam HD 1080p,Une perte de temps et d'argent.,2,Negative
Clavier Gamer RGB,Plastique de mauvaise qualité.,2,Negative
Tapis de Souris XXL,Une perte de temps et d'argent.,2,Negative
Webcam HD 1080p,Correct sans être exceptionnel.,3,Neutral
Souris Sans Fil,Fonctionne parfaitement bien.,4,Positive
Tapis de Souris XXL,Je recommande vivement cet article.,5,Positive
Enceinte Connectée,Correct sans être exceptionnel.,3,Neutral
Tapis de Souris XXL,Expédition rapide et soignée.,5,Positive
Ecouteurs Bluetooth,Très simple à installer.,5,Positive
Casque Audio Noise Cancelling,Un peu déçu par la finition mais ça fonctionne.,3,Neutral
Tapis de Souris XXL,Vraiment ravi de mon achat.,4,Positive
Support PC Portable,"Pas mal du tout, malgré quelques petits défauts.",3,Neutral
Enceinte Connectée,Design élégant et robuste.,5,Positive
Support PC Portable,"Moyen, j'attendais un peu mieux.",3,Neutral
Webcam HD 1080p,Le SAV est inexistant.,2,Negative
Cable USB-C Charge Rapide,Expédition rapide et soignée.,4,Positive
Casque Audio Noise Cancelling,"Conforme à la description, mais l'usage est limité.",3,Neutral
Ecouteurs Bluetooth,C'est un excellent produit !,4,Positive
Ecouteurs Bluetooth,Produit correct pour le prix.,3,Neutral
Casque Audio Noise Cancelling,"Arrivé cassé, inadmissible.",2,Negative
Ecouteurs Bluetooth,Vraiment ravi de mon achat.,5,Positive
Webcam HD 1080p,Les performances sont impressionnantes.,5,Positive
Webcam HD 1080p,Fonctionne parfaitement bien.,5,Positive
Clavier Gamer RGB,Fonctionne parfaitement bien.,4,Positive
Enceinte Connectée,C'est un excellent produit !,4,Positive
Tapis de Souris XXL,Correct sans être exceptionnel.,3,Neutral
Enceinte Connectée,"Conforme à la description, mais l'usage est limité.",3,Neutral
Tapis de Souris XXL,Expédition rapide et soignée.,5,Positive
Souris Sans Fil,C'est un excellent produit !,4,Positive
Souris Sans Fil,Très simple à installer.,5,Positive
Support PC Portable,Vraiment ravi de mon achat.,4,Positive
Souris Sans Fil,Les performances sont impressionnantes.,5,Positive
Webcam HD 1080p,Vraiment ravi de mon achat.,5,Positive
Support PC Portable,La qualité est au rendez-vous.,4,Positive
Souris Sans Fil,Design élégant et robuste.,4,Positive
Support PC Portable,C'est un excellent produit !,5,Positive
Ecran 4K 27 pouces,"Super produit, rien à dire.",5,Positive
Support PC Portable,Expédition rapide et soignée.,4,Positive
Tapis de Souris XXL,"C'est une arnaque, passez votre chemin.",2,Negative
Webcam HD 1080p,Fonctionne parfaitement bien.,5,Positive
Ecouteurs Bluetooth,Plastique de mauvaise qualité.,2,Negative
Cable USB-C Charge Rapide,Un peu déçu par la finition mais ça fonctionne.,3,Neutral
Tapis de Souris XXL,Vraiment ravi de mon achat.,4,Positive
Tapis de Souris XXL,Les performances sont impressionnantes.,4,Positive
Souris Sans Fil,La qualité est médiocre.,2,Negative
Clavier Gamer RGB,Produit correct pour le prix.,3,Neutral
Ecran 4K 27 pouces,Design élégant et robuste.,5,Positive
Tapis de Souris XXL,"Arrivé cassé, inadmissible.",1,Negative
Cable USB-C Charge Rapide,Excellent rapport qualité-prix.,4,Positive
Enceinte Connectée,C'est un excellent produit !,5,Positive
Enceinte Connectée,C'est un excellent produit !,5,Positive
Casque Audio Noise Cancelling,Fonctionne parfaitement bien.,5,Positive
Webcam HD 1080p,"Pas mal du tout, malgré quelques petits défauts.",3,Neutral
Cable USB-C Charge Rapide,Ne fonctionne pas du tout.,1,Negative
Clavier Gamer RGB,Les performances sont impressionnantes.,5,Positive
Support PC Portable,Expédition rapide et soignée.,4,Positive
Cable USB-C Charge Rapide,Ne fonctionne pas du tout.,1,Negative
Clavier Gamer RGB,Très simple à installer.,4,Positive
Enceinte Connectée,"Arrivé cassé, inadmissible.",2,Negative
Webcam HD 1080p,Un peu déçu par la finition mais ça fonctionne.,3,Neutral
Souris Sans Fil,Un peu déçu par la finition mais ça fonctionne.,3,Neutral
Tapis de Souris XXL,Fonctionne parfaitement bien.,5,Positive
Enceinte Connectée,Vraiment ravi de mon achat.,4,Positive
Ecouteurs Bluetooth,C'est un excellent produit !,5,Positive
Ecran 4K 27 pouces,Excellent rapport qualité-prix.,5,Positive
Clavier Gamer RGB,"Arrivé dans les temps, emballage sommaire.",3,Neutral
Cable USB-C Charge Rapide,Une perte de temps et d'argent.,1,Negative
Souris Sans Fil,Expédition rapide et soignée.,5,Positive
Cable USB-C Charge Rapide,C'est un excellent produit !,4,Positive
Souris Sans Fil,En panne après deux jours d'utilisation.,1,Negative
Cable USB-C Charge Rapide,Correct sans être exceptionnel.,3,Neutral
Souris Sans Fil,"Pas mal du tout, malgré quelques petits défauts.",3,Neutral
Clavier Gamer RGB,Design élégant et robuste.,4,Positive
Ecran 4K 27 pouces,Un peu déçu par la finition mais ça fonctionne.,3,Neutral
Cable USB-C Charge Rapide,Les performances sont impressionnantes.,4,Positive
Tapis de Souris XXL,"C'est une arnaque, passez votre chemin.",2,Negative
Clavier Gamer RGB,Produit correct pour le prix.,3,Neutral
Casque Audio Noise Cancelling,Les performances sont impressionnantes.,4,Positive
Enceinte Connectée,Très déçu par cet achat.,1,Negative
Support PC Portable,Vraiment ravi de mon achat.,5,Positive
Casque Audio Noise Cancelling,Vraiment ravi de mon achat.,4,Positive
Cable USB-C Charge Rapide,Fait le job mais sans plus.,3,Neutral
Souris Sans Fil,La qualité est au rendez-vous.,4,Positive
Cable USB-C Charge Rapide,"Conforme à la description, mais l'usage est limité.",3,Neutral
Tapis de Souris XXL,Très simple à installer.,5,Positive
Clavier Gamer RGB,Une perte de temps et d'argent.,2,Negative
Cable USB-C Charge Rapide,Fait le job mais sans plus.,3,Neutral
Enceinte Connectée,"Moyen, j'attendais un peu mieux.",3,Neutral
Cable USB-C Charge Rapide,"Super produit, rien à dire.",4,Positive
Ecran 4K 27 pouces,C'est un excellent produit !,5,Positive
Souris Sans Fil,Expédition rapide et soignée.,4,Positive
Casque Audio Noise Cancelling,"Moyen, j'attendais un peu mieux.",3,Neutral
Enceinte Connectée,"Super produit, rien à dire.",4,Positive
Tapis de Souris XXL,Correct sans être exceptionnel.,3,Neutral
Webcam HD 1080p,La qualité est au rendez-vous.,5,Positive
Cable USB-C Charge Rapide,Vraiment ravi de mon achat.,4,Positive
Webcam HD 1080p,Je ne recommande pas ce produit.,1,Negative
Souris Sans Fil,Très simple à installer.,5,Positive
Ecouteurs Bluetooth,C'est un excellent produit !,5,Positive
Ecouteurs Bluetooth,Excellent rapport qualité-prix.,5,Positive
Webcam HD 1080p,Je recommande vivement cet article.,4,Positive
Souris Sans Fil,C'est un excellent produit !,4,Positive
Ecouteurs Bluetooth,Ne fonctionne pas du tout.,1,Negative
Support PC Portable,La qualité est au rendez-vous.,4,Positive
Clavier Gamer RGB,"Pas mal du tout, malgré quelques petits défauts.",3,Neutral
Cable USB-C Charge Rapide,Excellent rapport qualité-prix.,5,Positive
Tapis de Souris XXL,Fait le job mais sans plus.,3,Neutral
Enceinte Connectée,Les performances sont impressionnantes.,4,Positive
Ecouteurs Bluetooth,Design élégant et robuste.,5,Positive
Tapis de Souris XXL,Une perte de temps et d'argent.,1,Negative
Cable USB-C Charge Rapide,En panne après deux jours d'utilisation.,1,Negative
Ecran 4K 27 pouces,Fait le job mais sans plus.,3,Neutral
Enceinte Connectée,Fait le job mais sans plus.,3,Neutral
Ecouteurs Bluetooth,La qualité est au rendez-vous.,5,Positive
Ecran 4K 27 pouces,Très simple à installer.,5,Positive
Souris Sans Fil,Je ne recommande pas ce produit.,1,Negative
Souris Sans Fil,La qualité est au rendez-vous.,4,Positive
Souris Sans Fil,Une perte de temps et d'argent.,2,Negative
Souris Sans Fil,Ne fonctionne pas du tout.,2,Negative
Ecran 4K 27 pouces,Très déçu par cet achat.,1,Negative
Souris Sans Fil,La qualité est au rendez-vous.,5,Positive
Ecran 4K 27 pouces,C'est un excellent produit !,5,Positive
Support PC Portable,Je recommande vivement cet article.,4,Positive
Souris Sans Fil,Un peu déçu par la finition mais ça fonctionne.,3,Neutral
Webcam HD 1080p,"Conforme à la description, mais l'usage est limité.",3,Neutral
Casque Audio Noise Cancelling,"Conforme à la description, mais l'usage est limité.",3,Neutral
Cable USB-C Charge Rapide,Design élégant et robuste.,5,Positive
Souris Sans Fil,"Super produit, rien à dire.",5,Positive
Tapis de Souris XXL,C'est un excellent produit !,5,Positive
Clavier Gamer RGB,C'est un excellent produit !,4,Positive
Tapis de Souris XXL,"Arrivé cassé, inadmissible.",1,Negative
Support PC Portable,Je ne recommande pas ce produit.,1,Negative
Support PC Portable,En panne après deux jours d'utilisation.,1,Negative
Cable USB-C Charge Rapide,Je recommande vivement cet article.,5,Positive
Ecouteurs Bluetooth,Les performances sont impressionnantes.,4,Positive
Souris Sans Fil,Fonctionne parfaitement bien.,5,Positive
Webcam HD 1080p,Fonctionne parfaitement bien.,4,Positive
Enceinte Connectée,Correct sans être exceptionnel.,3,Neutral
Enceinte Connectée,"Super produit, rien à dire.",5,Positive
Ecran 4K 27 pouces,"C'est une arnaque, passez votre chemin.",1,Negative
Enceinte Connectée,Produit correct pour le prix.,3,Neutral
Support PC Portable,Je ne recommande pas ce produit.,1,Negative
Souris Sans Fil,Un peu déçu par la finition mais ça fonctionne.,3,Neutral
Tapis de Souris XXL,Plastique de mauvaise qualité.,2,Negative
Ecouteurs Bluetooth,Les performances sont impressionnantes.,5,Positive
Ecran 4K 27 pouces,Excellent rapport qualité-prix.,4,Positive
Webcam HD 1080p,"Super produit, rien à dire.",4,Positive
Ecran 4K 27 pouces,Design élégant et robuste.,5,Positive
Clavier Gamer RGB,"Super produit, rien à dire.",5,Positive
Clavier Gamer RGB,C'est un excellent produit !,5,Positive
Enceinte Connectée,Les performances sont impressionnantes.,5,Positive
Cable USB-C Charge Rapide,"Arrivé dans les temps, emballage sommaire.",3,Neutral
Ecran 4K 27 pouces,"Conforme à la description, mais l'usage est limité.",3,Neutral
Casque Audio Noise Cancelling,La qualité est au rendez-vous.,5,Positive
Ecouteurs Bluetooth,Expédition rapide et soignée.,4,Positive
Webcam HD 1080p,Très simple à installer.,5,Positive
Cable USB-C Charge Rapide,"Pas mal du tout, malgré quelques petits défauts.",3,Neutral
Souris Sans Fil,Les performances sont impressionnantes.,5,Positive
Tapis de Souris XXL,Fonctionne parfaitement bien.,4,Positive
Clavier Gamer RGB,Fait le job mais sans plus.,3,Neutral
Tapis de Souris XXL,Fonctionne parfaitement bien.,5,Positive
Tapis de Souris XXL,C'est un excellent produit !,4,Positive
Webcam HD 1080p,Expédition rapide et soignée.,5,Positive
Ecouteurs Bluetooth,"Arrivé dans les temps, emballage sommaire.",3,Neutral
Ecran 4K 27 pouces,Les performances sont impressionnantes.,5,Positive
Clavier Gamer RGB,Très déçu par cet achat.,2,Negative
Cable USB-C Charge Rapide,Design élégant et robuste.,4,Positive
Souris Sans Fil,La qualité est au rendez-vous.,5,Positive
Casque Audio Noise Cancelling,Le SAV est inexistant.,2,Negative
Support PC Portable,Plastique de mauvaise qualité.,1,Negative
Souris Sans Fil,La qualité est au rendez-vous.,4,Positive
Enceinte Connectée,Très simple à installer.,4,Positive
Webcam HD 1080p,Un peu déçu par la finition mais ça fonctionne.,3,Neutral
Tapis de Souris XXL,"C'est une arnaque, passez votre chemin.",2,Negative
Tapis de Souris XXL,Ne fonctionne pas du tout.,1,Negative
Souris Sans Fil,Les performances sont impressionnantes.,5,Positive
Casque Audio Noise Cancelling,Fonctionne parfaitement bien.,5,Positive
Ecouteurs Bluetooth,Fonctionne parfaitement bien.,4,Positive
Ecouteurs Bluetooth,La qualité est médiocre.,2,Negative
Ecran 4K 27 pouces,Expédition rapide et soignée.,5,Positive
Webcam HD 1080p,Très déçu par cet achat.,1,Negative
Ecran 4K 27 pouces,Le SAV est inexistant.,1,Negative
Clavier Gamer RGB,Je recommande vivement cet article.,5,Positive
Enceinte Connectée,Très déçu par cet achat.,1,Negative
Clavier Gamer RGB,Je recommande vivement cet article.,4,Positive
Ecouteurs Bluetooth,Produit correct pour le prix.,3,Neutral
Enceinte Connectée,La qualité est au rendez-vous.,4,Positive
Enceinte Connectée,Vraiment ravi de mon achat.,5,Positive
Casque Audio Noise Cancelling,"Conforme à la description, mais l'usage est limité.",3,Neutral
Enceinte Connectée,La qualité est au rendez-vous.,4,Positive
Ecouteurs Bluetooth,C'est un excellent produit !,5,Positive
Ecran 4K 27 pouces,Produit correct pour le prix.,3,Neutral
Cable USB-C Charge Rapide,"Super produit, rien à dire.",5,Positive
Support PC Portable,Je recommande vivement cet article.,4,Positive
Cable USB-C Charge Rapide,Excellent rapport qualité-prix.,4,Positive
Tapis de Souris XXL,C'est un excellent produit !,4,Positive
Cable USB-C Charge Rapide,Ne fonctionne pas du tout.,1,Negative
Clavier Gamer RGB,Fait le job mais sans plus.,3,Neutral
Ecran 4K 27 pouces,Expédition rapide et soignée.,5,Positive
Tapis de Souris XXL,"Arrivé cassé, inadmissible.",2,Negative
Cable USB-C Charge Rapide,La qualité est au rendez-vous.,5,Positive
Souris Sans Fil,"Moyen, j'attendais un peu mieux.",3,Neutral
Casque Audio Noise Cancelling,"Conforme à la description, mais l'usage est limité.",3,Neutral
Souris Sans Fil,"Conforme à la description, mais l'usage est limité.",3,Neutral
Casque Audio Noise Cancelling,Fait le job mais sans plus.,3,Neutral
Enceinte Connectée,Le SAV est inexistant.,2,Negative
Support PC Portable,Design élégant et robuste.,5,Positive
Tapis de Souris XXL,Le SAV est inexistant.,1,Negative
Support PC Portable,La qualité est au rendez-vous.,4,Positive
Ecran 4K 27 pouces,Fait le job mais sans plus.,3,Neutral
Enceinte Connectée,"Arrivé cassé, inadmissible.",1,Negative
Support PC Portable,Correct sans être exceptionnel.,3,Neutral
Clavier Gamer RGB,Fonctionne parfaitement bien.,5,Positive
Clavier Gamer RGB,Les performances sont impressionnantes.,4,Positive
Cable USB-C Charge Rapide,Très simple à installer.,5,Positive
Ecouteurs Bluetooth,"Conforme à la description, mais l'usage est limité.",3,Neutral
Ecran 4K 27 pouces,Design élégant et robuste.,4,Positive
Webcam HD 1080p,"Pas mal du tout, malgré quelques petits défauts.",3,Neutral
Clavier Gamer RGB,Expédition rapide et soignée.,4,Positive
Support PC Portable,"Arrivé cassé, inadmissible.",2,Negative
Ecran 4K 27 pouces,Le SAV est inexistant.,1,Negative
Tapis de Souris XXL,La qualité est au rendez-vous.,5,Positive
Clavier Gamer RGB,Je recommande vivement cet article.,5,Positive
Webcam HD 1080p,Les performances sont impressionnantes.,4,Positive
Souris Sans Fil,Je recommande vivement cet article.,5,Positive
Clavier Gamer RGB,Le SAV est inexistant.,1,Negative
Tapis de Souris XXL,Très déçu par cet achat.,2,Negative
Souris Sans Fil,Ne fonctionne pas du tout.,2,Negative
Tapis de Souris XXL,La qualité est au rendez-vous.,5,Positive
Clavier Gamer RGB,"Moyen, j'attendais un peu mieux.",3,Neutral
Tapis de Souris XXL,"Moyen, j'attendais un peu mieux.",3,Neutral
Tapis de Souris XXL,"Moyen, j'attendais un peu mieux.",3,Neutral
Cable USB-C Charge Rapide,Design élégant et robuste.,4,Positive
Enceinte Connectée,"Arrivé dans les temps, emballage sommaire.",3,Neutral
Support PC Portable,"Super produit, rien à dire.",4,Positive
Souris Sans Fil,Très déçu par cet achat.,1,Negative
Clavier Gamer RGB,"Super produit, rien à dire.",4,Positive
Clavier Gamer RGB,"Arrivé cassé, inadmissible.",1,Negative
Cable USB-C Charge Rapide,Vraiment ravi de mon achat.,4,Positive
Souris Sans Fil,Design élégant et robuste.,4,Positive
Tapis de Souris XXL,Produit correct pour le prix.,3,Neutral
Cable USB-C Charge Rapide,Je recommande vivement cet article.,4,Positive
Enceinte Connectée,Vraiment ravi de mon achat.,5,Positive
Enceinte Connectée,La qualité est au rendez-vous.,5,Positive
Casque Audio Noise Cancelling,Je recommande vivement cet article.,5,Positive
Support PC Portable,Les performances sont impressionnantes.,5,Positive
Enceinte Connectée,Vraiment ravi de mon achat.,4,Positive
Clavier Gamer RGB,"C'est une arnaque, passez votre chemin.",2,Negative
Clavier Gamer RGB,Expédition rapide et soignée.,4,Positive
Support PC Portable,"Pas mal du tout, malgré quelques petits défauts.",3,Neutral
Cable USB-C Charge Rapide,Design élégant et robuste.,4,Positive
Ecran 4K 27 pouces,"Super produit, rien à dire.",5,Positive
Casque Audio Noise Cancelling,"Conforme à la description, mais l'usage est limité.",3,Neutral
Cable USB-C Charge Rapide,Produit correct pour le prix.,3,Neutral
Ecran 4K 27 pouces,Produit correct pour le prix.,3,Neutral
Cable USB-C Charge Rapide,Un peu déçu par la finition mais ça fonctionne.,3,Neutral
Enceinte Connectée,"C'est une arnaque, passez votre chemin.",2,Negative
Webcam HD 1080p,Je recommande vivement cet article.,4,Positive
Casque Audio Noise Cancelling,Je ne recommande pas ce produit.,1,Negative
Support PC Portable,Vraiment ravi de mon achat.,4,Positive
Ecran 4K 27 pouces,Je recommande vivement cet article.,5,Positive
Ecran 4K 27 pouces,Je recommande vivement cet article.,4,Positive
Tapis de Souris XXL,"Moyen, j'attendais un peu mieux.",3,Neutral
Ecouteurs Bluetooth,La qualité est au rendez-vous.,4,Positive
Support PC Portable,Design élégant et robuste.,4,Positive
Clavier Gamer RGB,Fonctionne parfaitement bien.,5,Positive
Support PC Portable,Expédition rapide et soignée.,4,Positive
Casque Audio Noise Cancelling,Je ne recommande pas ce produit.,2,Negative
Clavier Gamer RGB,Plastique de mauvaise qualité.,2,Negative
Casque Audio Noise Cancelling,"Super produit, rien à dire.",4,Positive
Souris Sans Fil,Expédition rapide et soignée.,4,Positive
Cable USB-C Charge Rapide,Vraiment ravi de mon achat.,4,Positive
Webcam HD 1080p,La qualité est médiocre.,1,Negative
Clavier Gamer RGB,Vraiment ravi de mon achat.,5,Positive
Ecran 4K 27 pouces,Un peu déçu par la finition mais ça fonctionne.,3,Neutral
Clavier Gamer RGB,"Moyen, j'attendais un peu mieux.",3,Neutral
Souris Sans Fil,Je recommande vivement cet article.,5,Positive
Souris Sans Fil,"Arrivé dans les temps, emballage sommaire.",3,Neutral
Support PC Portable,Un peu déçu par la finition mais ça fonctionne.,3,Neutral
Tapis de Souris XXL,La qualité est médiocre.,2,Negative
Tapis de Souris XXL,Fait le job mais sans plus.,3,Neutral
Ecouteurs Bluetooth,En panne après deux jours d'utilisation.,1,Negative
Webcam HD 1080p,Je recommande vivement cet article.,5,Positive
Souris Sans Fil,Très simple à installer.,4,Positive
Cable USB-C Charge Rapide,En panne après deux jours d'utilisation.,2,Negative
Ecran 4K 27 pouces,Très simple à installer.,5,Positive
Souris Sans Fil,"Super produit, rien à dire.",4,Positive
Webcam HD 1080p,Je recommande vivement cet article.,4,Positive
Webcam HD 1080p,C'est un excellent produit !,5,Positive
Souris Sans Fil,Correct sans être exceptionnel.,3,Neutral
Ecran 4K 27 pouces,Les performances sont impressionnantes.,5,Positive
Ecran 4K 27 pouces,Plastique de mauvaise qualité.,1,Negative
Tapis de Souris XXL,Le SAV est inexistant.,1,Negative
Enceinte Connectée,Design élégant et robuste.,4,Positive
Tapis de Souris XXL,"Super produit, rien à dire.",5,Positive
Enceinte Connectée,Fonctionne parfaitement bien.,5,Positive
Tapis de Souris XXL,La qualité est au rendez-vous.,5,Positive
Tapis de Souris XXL,Design élégant et robuste.,5,Positive
Support PC Portable,Je recommande vivement cet article.,5,Positive
Webcam HD 1080p,C'est un excellent produit !,4,Positive
Cable USB-C Charge Rapide,C'est un excellent produit !,4,Positive
Casque Audio Noise Cancelling,Excellent rapport qualité-prix.,4,Positive
Cable USB-C Charge Rapide,"Super produit, rien à dire.",4,Positive
Support PC Portable,Fonctionne parfaitement bien.,5,Positive
Support PC Portable,Très simple à installer.,4,Positive
Tapis de Souris XXL,Une perte de temps et d'argent.,2,Negative
Clavier Gamer RGB,Vraiment ravi de mon achat.,4,Positive
Clavier Gamer RGB,Très déçu par cet achat.,2,Negative
Support PC Portable,Je recommande vivement cet article.,5,Positive
Tapis de Souris XXL,"Arrivé dans les temps, emballage sommaire.",3,Neutral
Clavier Gamer RGB,C'est un excellent produit !,5,Positive
Webcam HD 1080p,La qualité est médiocre.,1,Negative
Cable USB-C Charge Rapide,Les performances sont impressionnantes.,5,Positive
Souris Sans Fil,Expédition rapide et soignée.,4,Positive
Ecouteurs Bluetooth,"Pas mal du tout, malgré quelques petits défauts.",3,Neutral
Ecran 4K 27 pouces,C'est un excellent produit !,5,Positive
Ecran 4K 27 pouces,"Super produit, rien à dire.",4,Positive
Ecran 4K 27 pouces,"Pas mal du tout, malgré quelques petits défauts.",3,Neutral
Ecran 4K 27 pouces,"Pas mal du tout, malgré quelques petits défauts.",3,Neutral
Cable USB-C Charge Rapide,Le SAV est inexistant.,2,Negative
Webcam HD 1080p,Excellent rapport qualité-prix.,4,Positive
Ecouteurs Bluetooth,"Conforme à la description, mais l'usage est limité.",3,Neutral
Webcam HD 1080p,Je ne recommande pas ce produit.,2,Negative
Tapis de Souris XXL,"Arrivé cassé, inadmissible.",2,Negative
Tapis de Souris XXL,"Moyen, j'attendais un peu mieux.",3,Neutral
Support PC Portable,Fait le job mais sans plus.,3,Neutral
Souris Sans Fil,Vraiment ravi de mon achat.,4,Positive
Support PC Portable,"Pas mal du tout, malgré quelques petits défauts.",3,Neutral
Souris Sans Fil,Très simple à installer.,4,Positive
Ecran 4K 27 pouces,"Super produit, rien à dire.",4,Positive
Cable USB-C Charge Rapide,Plastique de mauvaise qualité.,1,Negative
Webcam HD 1080p,La qualité est médiocre.,2,Negative
Support PC Portable,Excellent rapport qualité-prix.,5,Positive
Cable USB-C Charge Rapide,"Pas mal du tout, malgré quelques petits défauts.",3,Neutral
Clavier Gamer RGB,Expédition rapide et soignée.,5,Positive
Tapis de Souris XXL,Très simple à installer.,4,Positive
Casque Audio Noise Cancelling,Vraiment ravi de mon achat.,4,Positive
Clavier Gamer RGB,La qualité est au rendez-vous.,4,Positive
Enceinte Connectée,Correct sans être exceptionnel.,3,Neutral
Clavier Gamer RGB,"Super produit, rien à dire.",5,Positive
Tapis de Souris XXL,Très simple à installer.,4,Positive
Souris Sans Fil,Design élégant et robuste.,5,Positive
Support PC Portable,Correct sans être exceptionnel.,3,Neutral
Ecran 4K 27 pouces,"Moyen, j'attendais un peu mieux.",3,Neutral
Cable USB-C Charge Rapide,"Super produit, rien à dire.",4,Positive
Support PC Portable,Design élégant et robuste.,4,Positive
Enceinte Connectée,"Arrivé cassé, inadmissible.",2,Negative
Souris Sans Fil,Vraiment ravi de mon achat.,5,Positive
Clavier Gamer RGB,C'est un excellent produit !,5,Positive
Support PC Portable,Vraiment ravi de mon achat.,4,Positive
Cable USB-C Charge Rapide,Très simple à installer.,5,Positive
Casque Audio Noise Cancelling,En panne après deux jours d'utilisation.,2,Negative
Ecran 4K 27 pouces,En panne après deux jours d'utilisation.,1,Negative
Tapis de Souris XXL,C'est un excellent produit !,4,Positive
Tapis de Souris XXL,Vraiment ravi de mon achat.,4,Positive
Enceinte Connectée,"Super produit, rien à dire.",4,Positive
Webcam HD 1080p,"C'est une arnaque, passez votre chemin.",1,Negative
Webcam HD 1080p,Design élégant et robuste.,4,Positive
Support PC Portable,Ne fonctionne pas du tout.,1,Negative
Souris Sans Fil,Un peu déçu par la finition mais ça fonctionne.,3,Neutral
Cable USB-C Charge Rapide,Le SAV est inexistant.,2,Negative
Tapis de Souris XXL,"Super produit, rien à dire.",4,Positive
Support PC Portable,"Moyen, j'attendais un peu mieux.",3,Neutral
Webcam HD 1080p,Produit correct pour le prix.,3,Neutral
Enceinte Connectée,C'est un excellent produit !,4,Positive
Webcam HD 1080p,La qualité est au rendez-vous.,4,Positive
Clavier Gamer RGB,Vraiment ravi de mon achat.,5,Positive
Souris Sans Fil,Le SAV est inexistant.,1,Negative
Webcam HD 1080p,En panne après deux jours d'utilisation.,2,Negative
Souris Sans Fil,Les performances sont impressionnantes.,5,Positive
Casque Audio Noise Cancelling,Correct sans être exceptionnel.,3,Neutral
Ecran 4K 27 pouces,Les performances sont impressionnantes.,5,Positive
Webcam HD 1080p,Expédition rapide et soignée.,5,Positive
Ecouteurs Bluetooth,Les performances sont impressionnantes.,5,Positive
Clavier Gamer RGB,C'est un excellent produit !,4,Positive
Enceinte Connectée,Excellent rapport qualité-prix.,4,Positive
Clavier Gamer RGB,Ne fonctionne pas du tout.,2,Negative
Support PC Portable,Je recommande vivement cet article.,4,Positive
Ecouteurs Bluetooth,Très déçu par cet achat.,1,Negative
Support PC Portable,Design élégant et robuste.,5,Positive
Tapis de Souris XXL,Expédition rapide et soignée.,5,Positive
Tapis de Souris XXL,"Moyen, j'attendais un peu mieux.",3,Neutral
Clavier Gamer RGB,Je recommande vivement cet article.,4,Positive
Tapis de Souris XXL,La qualité est au rendez-vous.,5,Positive
Ecran 4K 27 pouces,"Super produit, rien à dire.",5,Positive
Casque Audio Noise Cancelling,Très simple à installer.,4,Positive
Casque Audio Noise Cancelling,Le SAV est inexistant.,1,Negative
Ecouteurs Bluetooth,C'est un excellent produit !,4,Positive
Cable USB-C Charge Rapide,Un peu déçu par la finition mais ça fonctionne.,3,Neutral
Enceinte Connectée,C'est un excellent produit !,5,Positive
Cable USB-C Charge Rapide,Ne fonctionne pas du tout.,1,Negative
Support PC Portable,Plastique de mauvaise qualité.,2,Negative
Cable USB-C Charge Rapide,Un peu déçu par la finition mais ça fonctionne.,3,Neutral
Webcam HD 1080p,Une perte de temps et d'argent.,1,Negative
Casque Audio Noise Cancelling,Design élégant et robuste.,4,Positive
Enceinte Connectée,"Arrivé cassé, inadmissible.",2,Negative
Enceinte Connectée,"Moyen, j'attendais un peu mieux.",3,Neutral
Enceinte Connectée,Les performances sont impressionnantes.,5,Positive
Ecouteurs Bluetooth,Très déçu par cet achat.,1,Negative
Casque Audio Noise Cancelling,"Arrivé dans les temps, emballage sommaire.",3,Neutral
Support PC Portable,"Arrivé dans les temps, emballage sommaire.",3,Neutral
Cable USB-C Charge Rapide,"Arrivé cassé, inadmissible.",2,Negative
Ecran 4K 27 pouces,"Conforme à la description, mais l'usage est limité.",3,Neutral
Enceinte Connectée,"Moyen, j'attendais un peu mieux.",3,Neutral
Ecran 4K 27 pouces,Vraiment ravi de mon achat.,4,Positive
Souris Sans Fil,Vraiment ravi de mon achat.,4,Positive
Casque Audio Noise Cancelling,"Moyen, j'attendais un peu mieux.",3,Neutral
Webcam HD 1080p,Je recommande vivement cet article.,4,Positive
Ecran 4K 27 pouces,Le SAV est inexistant.,2,Negative
Clavier Gamer RGB,Je recommande vivement cet article.,4,Positive
Clavier Gamer RGB,Excellent rapport qualité-prix.,4,Positive
Tapis de Souris XXL,Expédition rapide et soignée.,5,Positive
Casque Audio Noise Cancelling,Correct sans être exceptionnel.,3,Neutral
Casque Audio Noise Cancelling,Très déçu par cet achat.,1,Negative
Ecran 4K 27 pouces,Correct sans être exceptionnel.,3,Neutral
Support PC Portable,"C'est une arnaque, passez votre chemin.",2,Negative
Ecouteurs Bluetooth,Design élégant et robuste.,5,Positive
Souris Sans Fil,Plastique de mauvaise qualité.,1,Negative
Clavier Gamer RGB,Design élégant et robuste.,5,Positive
Enceinte Connectée,"Arrivé cassé, inadmissible.",2,Negative
Ecouteurs Bluetooth,Je recommande vivement cet article.,4,Positive
Souris Sans Fil,Excellent rapport qualité-prix.,5,Positive
Clavier Gamer RGB,Expédition rapide et soignée.,4,Positive
Support PC Portable,Une perte de temps et d'argent.,1,Negative
Webcam HD 1080p,C'est un excellent produit !,4,Positive
Ecran 4K 27 pouces,Ne fonctionne pas du tout.,2,Negative
Ecran 4K 27 pouces,En panne après deux jours d'utilisation.,2,Negative
Ecran 4K 27 pouces,Excellent rapport qualité-prix.,5,Positive
Enceinte Connectée,Design élégant et robuste.,5,Positive
Clavier Gamer RGB,Produit correct pour le prix.,3,Neutral
Casque Audio Noise Cancelling,Je recommande vivement cet article.,5,Positive
Casque Audio Noise Cancelling,Fonctionne parfaitement bien.,5,Positive
Ecran 4K 27 pouces,Très déçu par cet achat.,1,Negative
Cable USB-C Charge Rapide,Fait le job mais sans plus.,3,Neutral
Support PC Portable,Plastique de mauvaise qualité.,2,Negative
Casque Audio Noise Cancelling,"Super produit, rien à dire.",4,Positive
Casque Audio Noise Cancelling,Excellent rapport qualité-prix.,5,Positive
Souris Sans Fil,"C'est une arnaque, passez votre chemin.",2,Negative
Support PC Portable,Produit correct pour le prix.,3,Neutral
Tapis de Souris XXL,Très simple à installer.,5,Positive
Casque Audio Noise Cancelling,Je recommande vivement cet article.,4,Positive
Enceinte Connectée,"Pas mal du tout, malgré quelques petits défauts.",3,Neutral
Ecouteurs Bluetooth,Très simple à installer.,5,Positive
Tapis de Souris XXL,Je ne recommande pas ce produit.,1,Negative
Ecouteurs Bluetooth,"Conforme à la description, mais l'usage est limité.",3,Neutral
Souris Sans Fil,"Super produit, rien à dire.",5,Positive
Webcam HD 1080p,La qualité est au rendez-vous.,4,Positive
Ecran 4K 27 pouces,Correct sans être exceptionnel.,3,Neutral
Ecouteurs Bluetooth,C'est un excellent produit !,4,Positive
Support PC Portable,Fait le job mais sans plus.,3,Neutral
Ecran 4K 27 pouces,Très déçu par cet achat.,1,Negative
Cable USB-C Charge Rapide,"Pas mal du tout, malgré quelques petits défauts.",3,Neutral
Tapis de Souris XXL,Vraiment ravi de mon achat.,5,Positive
Tapis de Souris XXL,Ne fonctionne pas du tout.,2,Negative
Support PC Portable,"Arrivé dans les temps, emballage sommaire.",3,Neutral
Casque Audio Noise Cancelling,Excellent rapport qualité-prix.,5,Positive
Enceinte Connectée,Les performances sont impressionnantes.,4,Positive
Ecouteurs Bluetooth,Je ne recommande pas ce produit.,2,Negative
Tapis de Souris XXL,Design élégant et robuste.,5,Positive
Support PC Portable,"Arrivé dans les temps, emballage sommaire.",3,Neutral
Tapis de Souris XXL,Une perte de temps et d'argent.,2,Negative
Casque Audio Noise Cancelling,Une perte de temps et d'argent.,2,Negative
Clavier Gamer RGB,C'est un excellent produit !,4,Positive
Enceinte Connectée,"Moyen, j'attendais un peu mieux.",3,Neutral
Souris Sans Fil,Expédition rapide et soignée.,5,Positive
Tapis de Souris XXL,"C'est une arnaque, passez votre chemin.",1,Negative
Tapis de Souris XXL,Très simple à installer.,5,Positive
Souris Sans Fil,La qualité est au rendez-vous.,5,Positive
Support PC Portable,La qualité est au rendez-vous.,5,Positive
Souris Sans Fil,"Super produit, rien à dire.",4,Positive
Enceinte Connectée,Excellent rapport qualité-prix.,4,Positive
Webcam HD 1080p,"Super produit, rien à dire.",5,Positive
Ecran 4K 27 pouces,"Arrivé dans les temps, emballage sommaire.",3,Neutral
Cable USB-C Charge Rapide,Design élégant et robuste.,5,Positive
Souris Sans Fil,Fonctionne parfaitement bien.,5,Positive
Webcam HD 1080p,Vraiment ravi de mon achat.,4,Positive
Cable USB-C Charge Rapide,Vraiment ravi de mon achat.,4,Positive
Enceinte Connectée,Un peu déçu par la finition mais ça fonctionne.,3,Neutral
Ecran 4K 27 pouces,Ne fonctionne pas du tout.,1,Negative
Ecouteurs Bluetooth,Très déçu par cet achat.,2,Negative
Casque Audio Noise Cancelling,Expédition rapide et soignée.,5,Positive
Enceinte Connectée,La qualité est au rendez-vous.,5,Positive
Cable USB-C Charge Rapide,Vraiment ravi de mon achat.,5,Positive
Tapis de Souris XXL,Excellent rapport qualité-prix.,4,Positive
Webcam HD 1080p,Expédition rapide et soignée.,5,Positive
Support PC Portable,Un peu déçu par la finition mais ça fonctionne.,3,Neutral
Tapis de Souris XXL,Les performances sont impressionnantes.,5,Positive
Enceinte Connectée,Vraiment ravi de mon achat.,5,Positive
Ecran 4K 27 pouces,Excellent rapport qualité-prix.,5,Positive
Webcam HD 1080p,"Super produit, rien à dire.",4,Positive
Ecran 4K 27 pouces,Le SAV est inexistant.,2,Negative
Casque Audio Noise Cancelling,Fait le job mais sans plus.,3,Neutral
Support PC Portable,Correct sans être exceptionnel.,3,Neutral
Tapis de Souris XXL,Très déçu par cet achat.,2,Negative
Ecouteurs Bluetooth,Fait le job mais sans plus.,3,Neutral
Casque Audio Noise Cancelling,Les performances sont impressionnantes.,5,Positive
Cable USB-C Charge Rapide,"Arrivé dans les temps, emballage sommaire.",3,Neutral
Souris Sans Fil,"Super produit, rien à dire.",5,Positive
Enceinte Connectée,Très simple à installer.,5,Positive
Tapis de Souris XXL,"Arrivé cassé, inadmissible.",2,Negative
Support PC Portable,Les performances sont impressionnantes.,5,Positive
Webcam HD 1080p,Ne fonctionne pas du tout.,1,Negative
Clavier Gamer RGB,Vraiment ravi de mon achat.,5,Positive
Webcam HD 1080p,"Moyen, j'attendais un peu mieux.",3,Neutral
Souris Sans Fil,Le SAV est inexistant.,1,Negative
Support PC Portable,Vraiment ravi de mon achat.,4,Positive
Tapis de Souris XXL,Produit correct pour le prix.,3,Neutral
Cable USB-C Charge Rapide,La qualité est médiocre.,2,Negative
Cable USB-C Charge Rapide,Une perte de temps et d'argent.,2,Negative
Souris Sans Fil,Excellent rapport qualité-prix.,4,Positive
Tapis de Souris XXL,"Super produit, rien à dire.",4,Positive
Ecran 4K 27 pouces,"Moyen, j'attendais un peu mieux.",3,Neutral
Clavier Gamer RGB,Fonctionne parfaitement bien.,5,Positive
Souris Sans Fil,Fonctionne parfaitement bien.,5,Positive
Enceinte Connectée,C'est un excellent produit !,5,Positive
Ecran 4K 27 pouces,Expédition rapide et soignée.,5,Positive
Tapis de Souris XXL,Ne fonctionne pas du tout.,2,Negative
Cable USB-C Charge Rapide,La qualité est médiocre.,1,Negative
Cable USB-C Charge Rapide,Expédition rapide et soignée.,4,Positive
Clavier Gamer RGB,C'est un excellent produit !,5,Positive
Webcam HD 1080p,La qualité est au rendez-vous.,4,Positive
Enceinte Connectée,C'est un excellent produit !,5,Positive
Souris Sans Fil,Je recommande vivement cet article.,4,Positive
Ecran 4K 27 pouces,Design élégant et robuste.,4,Positive
Support PC Portable,Fonctionne parfaitement bien.,4,Positive
Tapis de Souris XXL,Un peu déçu par la finition mais ça fonctionne.,3,Neutral
Souris Sans Fil,"Conforme à la description, mais l'usage est limité.",3,Neutral
Support PC Portable,Un peu déçu par la finition mais ça fonctionne.,3,Neutral
Support PC Portable,Je recommande vivement cet article.,5,Positive
Support PC Portable,La qualité est au rendez-vous.,5,Positive
Support PC Portable,Expédition rapide et soignée.,4,Positive
Tapis de Souris XXL,Je recommande vivement cet article.,4,Positive
Support PC Portable,Une perte de temps et d'argent.,1,Negative
Casque Audio Noise Cancelling,"Super produit, rien à dire.",5,Positive
Ecran 4K 27 pouces,Les performances sont impressionnantes.,4,Positive
Cable USB-C Charge Rapide,La qualité est au rendez-vous.,4,Positive
Ecouteurs Bluetooth,Fonctionne parfaitement bien.,4,Positive
Cable USB-C Charge Rapide,Plastique de mauvaise qualité.,1,Negative
Webcam HD 1080p,Design élégant et robuste.,4,Positive
Webcam HD 1080p,Le SAV est inexistant.,2,Negative
Souris Sans Fil,"C'est une arnaque, passez votre chemin.",2,Negative
Ecran 4K 27 pouces,La qualité est au rendez-vous.,4,Positive
Webcam HD 1080p,Plastique de mauvaise qualité.,1,Negative
Support PC Portable,La qualité est médiocre.,1,Negative
Support PC Portable,Les performances sont impressionnantes.,4,Positive
Tapis de Souris XXL,Je recommande vivement cet article.,4,Positive
Souris Sans Fil,Excellent rapport qualité-prix.,4,Positive
Souris Sans Fil,Une perte de temps et d'argent.,1,Negative
Tapis de Souris XXL,C'est un excellent produit !,4,Positive
Cable USB-C Charge Rapide,Une perte de temps et d'argent.,1,Negative
Cable USB-C Charge Rapide,Je ne recommande pas ce produit.,2,Negative
Cable USB-C Charge Rapide,Les performances sont impressionnantes.,4,Positive
Casque Audio Noise Cancelling,La qualité est au rendez-vous.,5,Positive
Souris Sans Fil,Produit correct pour le prix.,3,Neutral
Clavier Gamer RGB,La qualité est au rendez-vous.,4,Positive
Support PC Portable,Expédition rapide et soignée.,4,Positive
Souris Sans Fil,"Super produit, rien à dire.",4,Positive
Enceinte Connectée,Le SAV est inexistant.,2,Negative
Tapis de Souris XXL,Fait le job mais sans plus.,3,Neutral
Clavier Gamer RGB,Un peu déçu par la finition mais ça fonctionne.,3,Neutral
Ecran 4K 27 pouces,Fonctionne parfaitement bien.,5,Positive
Clavier Gamer RGB,C'est un excellent produit !,4,Positive
Casque Audio Noise Cancelling,Expédition rapide et soignée.,4,Positive
Enceinte Connectée,"Arrivé dans les temps, emballage sommaire.",3,Neutral
Support PC Portable,Je ne recommande pas ce produit.,2,Negative
Casque Audio Noise Cancelling,Vraiment ravi de mon achat.,5,Positive
Support PC Portable,Design élégant et robuste.,5,Positive
Clavier Gamer RGB,Excellent rapport qualité-prix.,5,Positive
Ecran 4K 27 pouces,Excellent rapport qualité-prix.,5,Positive
Tapis de Souris XXL,"Arrivé dans les temps, emballage sommaire.",3,Neutral
Enceinte Connectée,Expédition rapide et soignée.,4,Positive
Cable USB-C Charge Rapide,Un peu déçu par la finition mais ça fonctionne.,3,Neutral
Tapis de Souris XXL,Design élégant et robuste.,5,Positive
Ecran 4K 27 pouces,Très simple à installer.,4,Positive
Tapis de Souris XXL,Excellent rapport qualité-prix.,5,Positive
Webcam HD 1080p,"Moyen, j'attendais un peu mieux.",3,Neutral
Webcam HD 1080p,Expédition rapide et soignée.,5,Positive
Casque Audio Noise Cancelling,Fonctionne parfaitement bien.,4,Positive
Support PC Portable,Correct sans être exceptionnel.,3,Neutral
Souris Sans Fil,Je recommande vivement cet article.,5,Positive
Enceinte Connectée,Vraiment ravi de mon achat.,4,Positive
Clavier Gamer RGB,La qualité est au rendez-vous.,4,Positive
Tapis de Souris XXL,Expédition rapide et soignée.,5,Positive
Tapis de Souris XXL,Fonctionne parfaitement bien.,5,Positive
Support PC Portable,Un peu déçu par la finition mais ça fonctionne.,3,Neutral
Support PC Portable,Je recommande vivement cet article.,4,Positive
Ecouteurs Bluetooth,Je recommande vivement cet article.,5,Positive
Ecran 4K 27 pouces,C'est un excellent produit !,5,Positive
Enceinte Connectée,La qualité est au rendez-vous.,5,Positive
Souris Sans Fil,Vraiment ravi de mon achat.,4,Positive
Clavier Gamer RGB,Un peu déçu par la finition mais ça fonctionne.,3,Neutral
Tapis de Souris XXL,Correct sans être exceptionnel.,3,Neutral
Cable USB-C Charge Rapide,"Arrivé cassé, inadmissible.",1,Negative
Souris Sans Fil,C'est un excellent produit !,5,Positive
Ecouteurs Bluetooth,"Pas mal du tout, malgré quelques petits défauts.",3,Neutral
Webcam HD 1080p,Très simple à installer.,4,Positive
Cable USB-C Charge Rapide,"Super produit, rien à dire.",5,Positive
Webcam HD 1080p,"Arrivé cassé, inadmissible.",1,Negative
Clavier Gamer RGB,Le SAV est inexistant.,2,Negative
Ecran 4K 27 pouces,"Pas mal du tout, malgré quelques petits défauts.",3,Neutral
Support PC Portable,C'est un excellent produit !,4,Positive
Support PC Portable,Je recommande vivement cet article.,5,Positive
Casque Audio Noise Cancelling,Excellent rapport qualité-prix.,5,Positive
Webcam HD 1080p,Excellent rapport qualité-prix.,4,Positive
Clavier Gamer RGB,"Pas mal du tout, malgré quelques petits défauts.",3,Neutral
Ecran 4K 27 pouces,"Super produit, rien à dire.",4,Positive
Tapis de Souris XXL,Le SAV est inexistant.,1,Negative
Tapis de Souris XXL,Expédition rapide et soignée.,4,Positive
Casque Audio Noise Cancelling,La qualité est au rendez-vous.,5,Positive
Casque Audio Noise Cancelling,Fonctionne parfaitement bien.,4,Positive
Souris Sans Fil,Design élégant et robuste.,4,Positive
Ecran 4K 27 pouces,"Pas mal du tout, malgré quelques petits défauts.",3,Neutral
Casque Audio Noise Cancelling,"C'est une arnaque, passez votre chemin.",1,Negative
Clavier Gamer RGB,"Pas mal du tout, malgré quelques petits défauts.",3,Neutral
Support PC Portable,Je recommande vivement cet article.,4,Positive
Cable USB-C Charge Rapide,Une perte de temps et d'argent.,2,Negative
Casque Audio Noise Cancelling,Vraiment ravi de mon achat.,5,Positive
Cable USB-C Charge Rapide,Vraiment ravi de mon achat.,5,Positive
Enceinte Connectée,Très simple à installer.,5,Positive
Casque Audio Noise Cancelling,Très simple à installer.,5,Positive
Enceinte Connectée,Je ne recommande pas ce produit.,1,Negative
Cable USB-C Charge Rapide,"Pas mal du tout, malgré quelques petits défauts.",3,Neutral
Clavier Gamer RGB,"Moyen, j'attendais un peu mieux.",3,Neutral
Ecouteurs Bluetooth,Les performances sont impressionnantes.,5,Positive
Tapis de Souris XXL,Fonctionne parfaitement bien.,4,Positive
Cable USB-C Charge Rapide,"Super produit, rien à dire.",4,Positive
Ecran 4K 27 pouces,Le SAV est inexistant.,1,Negative
Clavier Gamer RGB,Je recommande vivement cet article.,4,Positive
Support PC Portable,La qualité est au rendez-vous.,4,Positive
Ecran 4K 27 pouces,Les performances sont impressionnantes.,5,Positive
Ecran 4K 27 pouces,Produit correct pour le prix.,3,Neutral
Ecouteurs Bluetooth,Correct sans être exceptionnel.,3,Neutral
Souris Sans Fil,Ne fonctionne pas du tout.,1,Negative
Casque Audio Noise Cancelling,La qualité est au rendez-vous.,5,Positive
Clavier Gamer RGB,Fonctionne parfaitement bien.,4,Positive
Webcam HD 1080p,Fonctionne parfaitement bien.,4,Positive
Ecouteurs Bluetooth,Une perte de temps et d'argent.,1,Negative
Ecran 4K 27 pouces,"Pas mal du tout, malgré quelques petits défauts.",3,Neutral
Clavier Gamer RGB,Vraiment ravi de mon achat.,4,Positive
Souris Sans Fil,Fonctionne parfaitement bien.,4,Positive
Ecouteurs Bluetooth,Design élégant et robuste.,5,Positive
Souris Sans Fil,La qualité est au rendez-vous.,4,Positive
Webcam HD 1080p,Fonctionne parfaitement bien.,4,Positive
Ecouteurs Bluetooth,"Conforme à la description, mais l'usage est limité.",3,Neutral
Support PC Portable,"Arrivé dans les temps, emballage sommaire.",3,Neutral
Webcam HD 1080p,Produit correct pour le prix.,3,Neutral
Clavier Gamer RGB,Fait le job mais sans plus.,3,Neutral
Webcam HD 1080p,Fait le job mais sans plus.,3,Neutral
Support PC Portable,Fonctionne parfaitement bien.,5,Positive
Souris Sans Fil,Le SAV est inexistant.,2,Negative
Ecran 4K 27 pouces,Très simple à installer.,4,Positive
Support PC Portable,Expédition rapide et soignée.,4,Positive
Cable USB-C Charge Rapide,"Pas mal du tout, malgré quelques petits défauts.",3,Neutral
Casque Audio Noise Cancelling,Fait le job mais sans plus.,3,Neutral
Support PC Portable,Le SAV est inexistant.,1,Negative
Support PC Portable,La qualité est au rendez-vous.,5,Positive
Enceinte Connectée,Je ne recommande pas ce produit.,1,Negative
Clavier Gamer RGB,"Super produit, rien à dire.",4,Positive
Enceinte Connectée,Je recommande vivement cet article.,4,Positive
Webcam HD 1080p,Correct sans être exceptionnel.,3,Neutral
Ecran 4K 27 pouces,"Super produit, rien à dire.",5,Positive
Clavier Gamer RGB,La qualité est au rendez-vous.,4,Positive
Cable USB-C Charge Rapide,Un peu déçu par la finition mais ça fonctionne.,3,Neutral
Souris Sans Fil,"Moyen, j'attendais un peu mieux.",3,Neutral
Souris Sans Fil,"Arrivé dans les temps, emballage sommaire.",3,Neutral
Souris Sans Fil,La qualité est au rendez-vous.,4,Positive
Ecouteurs Bluetooth,Excellent rapport qualité-prix.,4,Positive
Support PC Portable,La qualité est au rendez-vous.,5,Positive
Enceinte Connectée,La qualité est médiocre.,1,Negative
Casque Audio Noise Cancelling,Vraiment ravi de mon achat.,4,Positive
Ecouteurs Bluetooth,Vraiment ravi de mon achat.,4,Positive
Casque Audio Noise Cancelling,Le SAV est inexistant.,2,Negative
Casque Audio Noise Cancelling,Produit correct pour le prix.,3,Neutral
Souris Sans Fil,Fonctionne parfaitement bien.,5,Positive
Enceinte Connectée,La qualité est au rendez-vous.,5,Positive
Casque Audio Noise Cancelling,La qualité est au rendez-vous.,4,Positive
Souris Sans Fil,Vraiment ravi de mon achat.,5,Positive
Support PC Portable,"Moyen, j'attendais un peu mieux.",3,Neutral
Ecran 4K 27 pouces,Produit correct pour le prix.,3,Neutral
Cable USB-C Charge Rapide,En panne après deux jours d'utilisation.,1,Negative
Ecran 4K 27 pouces,Vraiment ravi de mon achat.,5,Positive
Clavier Gamer RGB,Produit correct pour le prix.,3,Neutral
Support PC Portable,C'est un excellent produit !,5,Positive
Enceinte Connectée,La qualité est au rendez-vous.,5,Positive
Enceinte Connectée,Design élégant et robuste.,5,Positive
Clavier Gamer RGB,Très simple à installer.,5,Positive
Cable USB-C Charge Rapide,C'est un excellent produit !,5,Positive
Clavier Gamer RGB,C'est un excellent produit !,4,Positive
Support PC Portable,C'est un excellent produit !,5,Positive
Tapis de Souris XXL,En panne après deux jours d'utilisation.,1,Negative
Tapis de Souris XXL,Produit correct pour le prix.,3,Neutral
Ecouteurs Bluetooth,Design élégant et robuste.,4,Positive
Souris Sans Fil,Fonctionne parfaitement bien.,5,Positive
Souris Sans Fil,Vraiment ravi de mon achat.,4,Positive
Enceinte Connectée,Très déçu par cet achat.,1,Negative
Tapis de Souris XXL,Vraiment ravi de mon achat.,4,Positive
Ecran 4K 27 pouces,Fonctionne parfaitement bien.,5,Positive
Casque Audio Noise Cancelling,Les performances sont impressionnantes.,4,Positive
Webcam HD 1080p,La qualité est au rendez-vous.,4,Positive
Cable USB-C Charge Rapide,Vraiment ravi de mon achat.,5,Positive
Ecouteurs Bluetooth,"Pas mal du tout, malgré quelques petits défauts.",3,Neutral
Support PC Portable,"C'est une arnaque, passez votre chemin.",1,Negative
Clavier Gamer RGB,"Pas mal du tout, malgré quelques petits défauts.",3,Neutral
Enceinte Connectée,Les performances sont impressionnantes.,5,Positive
Casque Audio Noise Cancelling,Plastique de mauvaise qualité.,2,Negative
Ecouteurs Bluetooth,C'est un excellent produit !,5,Positive
Support PC Portable,Produit correct pour le prix.,3,Neutral
Cable USB-C Charge Rapide,Fait le job mais sans plus.,3,Neutral
Ecran 4K 27 pouces,Les performances sont impressionnantes.,4,Positive
Clavier Gamer RGB,Je ne recommande pas ce produit.,1,Negative
Tapis de Souris XXL,"Conforme à la description, mais l'usage est limité.",3,Neutral
Casque Audio Noise Cancelling,Vraiment ravi de mon achat.,5,Positive
Webcam HD 1080p,Je ne recommande pas ce produit.,1,Negative
Webcam HD 1080p,Vraiment ravi de mon achat.,4,Positive
Support PC Portable,Vraiment ravi de mon achat.,4,Positive
Support PC Portable,Vraiment ravi de mon achat.,5,Positive
Support PC Portable,Très déçu par cet achat.,2,Negative
Souris Sans Fil,Le SAV est inexistant.,1,Negative
Clavier Gamer RGB,Fonctionne parfaitement bien.,5,Positive
Cable USB-C Charge Rapide,Design élégant et robuste.,4,Positive
Support PC Portable,"Moyen, j'attendais un peu mieux.",3,Neutral
Ecran 4K 27 pouces,Produit correct pour le prix.,3,Neutral
Webcam HD 1080p,Le SAV est inexistant.,1,Negative
Cable USB-C Charge Rapide,Fonctionne parfaitement bien.,5,Positive
Tapis de Souris XXL,"Conforme à la description, mais l'usage est limité.",3,Neutral
Souris Sans Fil,"Arrivé cassé, inadmissible.",1,Negative
Webcam HD 1080p,Plastique de mauvaise qualité.,1,Negative
Tapis de Souris XXL,Produit correct pour le prix.,3,Neutral
Souris Sans Fil,"Pas mal du tout, malgré quelques petits défauts.",3,Neutral
Clavier Gamer RGB,"Arrivé cassé, inadmissible.",1,Negative
Enceinte Connectée,Fonctionne parfaitement bien.,5,Positive
Webcam HD 1080p,"Pas mal du tout, malgré quelques petits défauts.",3,Neutral
Casque Audio Noise Cancelling,Je recommande vivement cet article.,5,Positive
Souris Sans Fil,Un peu déçu par la finition mais ça fonctionne.,3,Neutral
Webcam HD 1080p,Excellent rapport qualité-prix.,5,Positive
